{"type": "FeatureCollection", "features": [{"type": "Feature", "properties": {"identifier": "019149c0-3ffb-4bee-ae42-6ccd302e9242", "name": "Restaurant Seeblick", "description": "<p>Das Restaurant serviert eine gutb\u00fcrgerliche K\u00fcche in gem\u00fctlicher Atmosph\u00e4re. Auf der Speisekarte stehen Klassiker wie \u00abK\u00e4skn\u00f6pfle\u00bb, R\u00f6sti und Schnitzel.</p>", "url": "https://www.seeblick.li/", "image": "https://ltmpimtsoch.sos-ch-dk-2.exoscale-cdn.com/catalog/e/a/3/d/ea3d0c6c92edd624f0eb6c1aa35d6d3005ea88f8_restaurant_seeblick_steg_liechtenstein.jpeg", "openstreetmap_id": "way/218439584"}, "geometry": {"type": "Point", "coordinates": ["9.576081633567812", "47.10868778131608"]}}, {"type": "Feature", "properties": {"identifier": "02d223d9-41ce-4a2e-a765-1f1ea4653643", "name": "Pfarrkirche St. Fridolin", "description": "<p>Die katholische Pfarrkirche St. Fridolin in Ruggell liegt auf 433 m &uuml;. M. und blickt auf eine lange Geschichte zur&uuml;ck. Im Nordwesten der heutigen Kirche wurde 1614 eine Kapelle errichtet, die 1617 dem heiligen Fridolin geweiht wurde. Nach Erweiterungen in den Jahren 1668 und 1851 sowie einer erneuten Weihe 1674 wurde der schlichte, einschiffige Bau 1900/01 abgetragen. Die heutige Kirche entstand zwischen 1897 und 1903 nach Pl&auml;nen des Wiener Architekten Gustav Ritter von Neumann. Ruggell wurde 1874 durch Abkurung von Bendern zur eigenst&auml;ndigen Pfarrei erhoben.</p>", "image": "https://ltmpimtsoch.sos-ch-dk-2.exoscale-cdn.com/catalog/4/b/0/8/4b085e68df53be0b8d3a7e897934511a6b49c406_Kirche_St_Florin_2.jpg", "openstreetmap_id": "way/977381553"}, "geometry": {"type": "Point", "coordinates": ["9.528794288635256", "47.24102261252736"]}}, {"type": "Feature", "properties": {"identifier": "08d6aa8c-628a-4940-9a0d-d301b35adfb6", "name": "Pizza Napoli", "url": "https://www.pizza-napoli.li/", "image": "https://ltmpimtsoch.sos-ch-dk-2.exoscale-cdn.com/catalog/8/7/2/b/872b0f982bef8f7faccd237c38fc3bc43a23a2b3_pizza_napoli_gamprin.jpeg", "openstreetmap_id": "way/982878170"}, "geometry": {"type": "Point", "coordinates": ["9.50896203517914", "47.2108668003258"]}}, {"type": "Feature", "properties": {"identifier": "093f022f-a08c-421b-b445-f73c7a91c4b2", "name": "Restaurant Kulm", "description": "<p>Das Restaurant Kulm liegt auf 880\u202fm\u202f&uuml;.\u202fM. im gleichnamigen Hotel in Triesenberg und bietet eine einzigartige Kombination aus kulinarischem Genuss und idyllischer Bergkulisse &uuml;ber dem Rheintal. Besonders der Wintergarten begeistert mit einer der sch&ouml;nsten Aussichten im F&uuml;rstentum &ndash; ein Ort, an dem sich regionale Spezialit&auml;ten und saisonale Gerichte in entspannter Atmosph&auml;re besonders gut geniessen lassen.</p>", "url": "http://www.hotelkulm.li", "image": "https://ltmpimtsoch.sos-ch-dk-2.exoscale-cdn.com/catalog/0/5/b/9/05b935962f695ec7646250246dbcb392baa404f4_restaurant_hotel_kulm_triesenberg.jpeg", "openstreetmap_id": "6896394275"}, "geometry": {"type": "Point", "coordinates": ["9.542742774984024", "47.11828387074247"]}}, {"type": "Feature", "properties": {"identifier": "096c0849-bef8-4e5f-8c0f-3c8e720bfdb9", "name": "Restaurant kommod", "description": "<p>Du wirst das reichhaltige Fr\u00fchst\u00fccksbuffet, die leckere Jause am Vormittag und das t\u00e4glich wechselnde Mittagsmen\u00fc lieben.</p><p>Das Restaurant bietet Platz f\u00fcr rund 100 Personen \u2013 in Kombination mit dem angrenzenden Restaurant \u00abtenn\u00bb k\u00f6nnen hier bis zu 160 G\u00e4ste Firmenfeiern oder private Events geniessen.</p>", "url": "http://www.kommod.li", "image": "https://ltmpimtsoch.sos-ch-dk-2.exoscale-cdn.com/catalog/d/7/3/3/d733fc5cfe25504e7e8feb47140f5ff63636dac6_kommod_hotel_restaurant_ruggell_liechtenstein.jpeg", "openstreetmap_id": "9169393281"}, "geometry": {"type": "Point", "coordinates": ["9.527982607184045", "47.248690142121966"]}}, {"type": "Feature", "properties": {"identifier": "11646e5c-828f-4886-b4e4-9f71e44d95ca", "name": "Restaurant Specki", "description": "<p>Das Restaurant Specki ist eine Initiative des Vereins f&uuml;r Betreutes Wohnen in Liechtenstein (VBW) und bietet leistungsangepasste Arbeitspl&auml;tze f&uuml;r Menschen mit gesundheitlichen Einschr&auml;nkungen. Die K&uuml;che setzt auf Regionalit&auml;t, Saisonalit&auml;t und Nachhaltigkeit &ndash; t&auml;glich frisch zubereitet und liebevoll serviert. Auf der Speisekarte stehen zwei wechselnde Men&uuml;s: eines vegan, das andere vegetarisch oder mit Fleisch. Die Gerichte entstehen spontan, um Lebensmittelverschwendung zu vermeiden, ganz nach dem Motto: &laquo;Lasst euch &uuml;berraschen&raquo;. Erg&auml;nzt wird das Angebot durch t&auml;glich frisch gebackenen Kuchen, serviert mit feinem Kaffee oder hausgemachtem Eistee.&nbsp;</p>", "url": "https://www.specki.li", "image": "https://ltmpimtsoch.sos-ch-dk-2.exoscale-cdn.com/catalog/b/2/7/c/b27c128623da37a82cfd3a01f6f8268a5d964332_specki_schaan.jpeg", "openstreetmap_id": "node/4723796546"}, "geometry": {"type": "Point", "coordinates": ["9.512416720390322", "47.168764852643264"]}}, {"type": "Feature", "properties": {"identifier": "12a6cc0b-5b32-416e-b081-85c150a98c26", "name": "Leuchtturm Moby", "description": "<p>Der Leuchtturm ist ein Kulturprojekt des Amts f\u00fcr Kultur und markiert jeweils \u00fcber einen gewissen Zeitraum bedeutende Kulturinstitutionen oder Kulturg\u00fcter mit Strahlcharakter f\u00fcr Liechtenstein. </p><p>Leuchtt\u00fcrme geh\u00f6ren zu den \u00e4ltesten Kommunikationsmitteln der Menschheit, sind Symbol f\u00fcr Sicherheit und Orientierung und liefern ein Signal, das in schwierigen Fahrwassern den Weg weist. Heute soll er aber vor allem bedeutende, kulturelle Marksteine in Liechtenstein kennzeichnen.</p><p>Leuchtturm\u00a0\u00abMoby\u00bb\u00a0ist auch Klangk\u00f6rper, denn er kann singen wie ein Wal, wenn sein Bauch mittels Kl\u00f6ppel zum Schwingen gebracht wird. Moby wurde vom K\u00fcnstler und Klangwart Roman Rutishauser und seinem Sohn Hannes aus St. Gallen im Auftrag des Amts f\u00fcr Kultur eigens f\u00fcr den Kunsthafen der K\u00fcnstlerinnen- und K\u00fcnstlerbegegnung 2023 der Internationalen Bodensee-Konferenz (IBK) geschaffen.</p>", "image": "https://ltmpimtsoch.sos-ch-dk-2.exoscale-cdn.com/catalog/e/8/6/5/e86547ce2cf878b99f6ec7375a9dc0168527dd23_leuchtturm.jpeg", "openstreetmap_id": "node/392131824"}, "geometry": {"type": "Point", "coordinates": ["9.52470123767853", "47.243451139597035"]}}, {"type": "Feature", "properties": {"identifier": "1487ded2-a655-4475-a5ac-b0ff429ed86a", "name": "Restaurant Lisbeth", "description": "<p class=\"_28USrA GEC0sA XN6uKA\"><span class=\"a_GcMg\">Im&nbsp;Kloster St. Elisabeth in Schaan&nbsp;empf&auml;ngt das&nbsp;Restaurant Lisbeth<span class=\"a_GcMg\"> seine G&auml;ste an&nbsp;einem Ort, der Ruhe, Weite und Genuss verbindet.</span></span></p><p class=\"_28USrA GEC0sA XN6uKA\"><span class=\"a_GcMg\">K&uuml;chenchef und Gastgeber Stephan Forsil&nbsp;</span><span class=\"a_GcMg\">vereint in seiner italo-asiatischen K&uuml;che feine Aromen, moderne Leichtigkeit und handwerkliche Pr&auml;zision. Verarbeitet werden hochwertige Produkte sowie frische, erlesene Kr&auml;uter direkt aus dem Klostergarten - klar, aromatisch und voller Geschmack.</span></p><p class=\"_28USrA GEC0sA XN6uKA\"><span class=\"a_GcMg\">Dazu kommen sorgf&auml;ltig ausgew&auml;hlte Weine, Kaffeespezialit&auml;ten aus der kleinen Manufaktur eines befreundeten R&ouml;sters und</span> <span class=\"a_GcMg\">der unvergleichliche Blick auf das&nbsp;Schweizer Alpenpanorama.</span></p>", "url": "https://restaurantlisbeth.li/", "image": "https://ltmpimtsoch.sos-ch-dk-2.exoscale-cdn.com/catalog/7/b/1/5/7b158f0776f1caa50a726a96f4e96c684c507533_restaurant_lisbeth_kloster_schaan.jpeg", "openstreetmap_id": "11227602753"}, "geometry": {"type": "Point", "coordinates": ["9.519867897033693", "47.16673710340733"]}}, {"type": "Feature", "properties": {"identifier": "15af751b-7a23-4a4a-9bed-41a0b1d84e33", "name": "Kathedrale St. Florin", "description": "<p>Die Anf\u00e4nge der St. Florins-Kapelle reichen vermutlich ins sp\u00e4te 1. Jahrtausend zur\u00fcck. Erstmals urkundlich erw\u00e4hnt wurde sie um 1375 im Urbar des Domkapitels Chur. Vermutlich handelte es sich urspr\u00fcnglich um eine Eigenkirche eines Herrenhofs, das Patronat lag bei der Schlossherrschaft.</p><p>Zwischen 1872 und 1874 wurde die Kapelle abgerissen und durch die heutige neugotische Pfarrkirche ersetzt, geplant vom Wiener Architekten Friedrich von Schmidt. 1997 wurde die Pfarrkirche St. Florin zur Kathedrale des neuen Erzbistums Vaduz erhoben.</p><p>Die Kirche aus Naturstein beeindruckt mit ihrem markanten Frontturm mit Spitzhelm, einer eleganten zweiarmigen Aussentreppe und kunstvollen Bronzeskulpturen in Spitzbogennischen. Im Inneren erwartet dich eine dreischiffige Hallenkirche mit einem vierjochigen Mittelschiff.</p><p>Direkt neben der Kathedrale liegt die\u00a0\u00abF\u00fcrstliche Gruft\u00bb \u2013 die Grabst\u00e4tte der F\u00fcrstlichen Familie. Hier ruhen unter anderem F\u00fcrst Franz Josef II. und F\u00fcrstin Gina.</p><p></p>", "image": "https://ltmpimtsoch.sos-ch-dk-2.exoscale-cdn.com/catalog/0/6/d/1/06d1e53682334c92c785fec11a938244218954e8_2021_09_29_Kulturzentrum_Vaduz_0017.JPG", "openstreetmap_id": "way/28712150"}, "geometry": {"type": "Point", "coordinates": ["9.522885", "47.136218"]}}, {"type": "Feature", "properties": {"identifier": "1a46f8fc-170f-4fd8-a397-7354f7bb6739", "name": "Berggasthaus MATU", "description": "<p>Wenn du nach einem Ort suchst, der nicht nur k\u00f6stliche&nbsp;Bio-Gerichte&nbsp;serviert, sondern auch inmitten atemberaubender Natur liegt, dann heisst dich das Matu herzlich willkommen. Das Team freut sich darauf, dich in dem idyllisch gelegenen&nbsp;Berggasthaus Matu begr\u00fcssen zu d\u00fcrfen und dir unvergessliche Erlebnisse zu bereiten.</p> <p>Das Berggasthaus Matu bietet nicht nur eine kulinarische Oase mit&nbsp;Bio-Spezialit\u00e4ten, sondern auch eine wahre Naturoase. Von der Panorama-Terrasse aus kannst du den Blick \u00fcber das malerische Rheintal schweifen lassen und die majest\u00e4tische Alvierkette bewundern. Hier, umgeben von unber\u00fchrter Natur, kannst du herrlich entspannen und neue Energie tanken.</p>", "url": "http://www.matu.li/", "image": "https://ltmpimtsoch.sos-ch-dk-2.exoscale-cdn.com/catalog/a/a/8/3/aa83b3db75329f72dae9f3e3ae32a76d2fa6ee00_berggasthaus_matu_gaflei_liechtenstein.jpeg", "openstreetmap_id": "121993413"}, "geometry": {"type": "Point", "coordinates": ["9.544324590083011", "47.138444395759215"]}}, {"type": "Feature", "properties": {"identifier": "1c63b7e2-dfd8-41b8-b692-216bf7fac750", "name": "Schwimmbad M\u00fchleholz", "description": "<p>Das einzige k&uuml;nstliche Freibad Liechtensteins ist ein beliebter Treffpunkt im Sommer und ein wahres Erlebnisbad: Wasserrutsche, Wellenbad, Sprungturm, Kinderbecken, Sportbecken, Massaged&uuml;sen. Dazu geh&ouml;rt eine grossz&uuml;gige, gepflegte Liegewiese sowie ein Restaurant. F&uuml;r Sportbegeisterte besteht die M&ouml;glichkeit, Tischtennis, Fussball, Basketball oder Beach-Volleyball zu spielen.</p><p>Mit dem &laquo;<a href=\"https://tourismus.li/angebote/freizeit/erlebnispass-2/all-inclusive-erlebnispass.html\">ALL INCLUSIVE Erlebnispass</a>&raquo; geniesst du freien Eintritt in das Schwimmbad.</p>", "url": "http://www.freibad.li/", "image": "https://ltmpimtsoch.sos-ch-dk-2.exoscale-cdn.com/catalog/e/0/8/f/e08f8c7adbe25ddbdda563552c6d0a6fe3785a63_freibad_2024_02_teaser_1593.jpg", "openstreetmap_id": "46953725"}, "geometry": {"type": "Point", "coordinates": ["9.50684315350758", "47.15255912974321"]}}, {"type": "Feature", "properties": {"identifier": "2022c090-07d1-4362-a24e-8f71486a4297", "name": "Park Hotel Sonnenhof", "description": "<p>Durch seine idyllische Lage im Herzen von Liechtenstein, ungef&auml;hr auf der H&ouml;he von Schloss Vaduz und umgeben von der hoteleigenen Parkanlage mit Quellwasser-Schwimmbad und Sauna, ist der Sonnenhof ein idealer Ort zum Entspannen. Das Restaurant sowie die Hotelzimmer sind mit viel Liebe zum Detail gestaltet. Sie verf&uuml;gen &uuml;ber Balkon bzw. Terrasse mit Aussicht auf die lokalen Weinberge, das Rheintal und die Schweizer Alpen. Die Besucher erwartet eine diskrete, leg&egrave;re Eleganz zum Wohlf&uuml;hlen sowie Familiengeist und inspirierende K&uuml;che.</p><p>Mit der Zustimmung des Hotels sind Haustiere grunds&auml;tzlich erlaubt. Es f&auml;llt eine entsprechende Geb&uuml;hr an.</p>", "url": "https://www.sonnenhof.li", "image": "https://ltmpimtsoch.sos-ch-dk-2.exoscale-cdn.com/catalog/d/f/d/b/dfdbbb2f38334fd9a300726b036b6b2861de9b7b_Aussenansicht3.jpg", "openstreetmap_id": "315637069"}, "geometry": {"type": "Point", "coordinates": ["9.523318906607185", "47.14713960081027"]}}, {"type": "Feature", "properties": {"identifier": "21f3a2a8-909b-436a-b01f-f621dc7bc4b3", "name": "Vaduzerhof by b_smart", "description": "<p>Nur rund vier Autominuten von der Autobahn A13 entfernt, befindet sich der Vaduzerhof by b_smart im Zentrum vom Hauptort Vaduz. Das historische Hotel ist im 1844 erbauten Geb&auml;ude untergebracht, in welchem der Liechtensteiner Landtag von 1862 &ndash; 1867 tagte.</p><p>Einchecken kann man selbst&auml;ndig rund um die Uhr am Check-in Terminal und anschliessend eines der 35 Zimmer beziehen. Nutze die Zentrumslage und flaniere durch die Fussg&auml;ngerzone Vaduz oder entspannen dich im Kellergew&ouml;lbe in der Sauna.</p><p>Egal ob Gesch&auml;ftsreise oder Ferientrip ins F&uuml;rstentum Liechtenstein &ndash; der Vaduzerhof bietet den idealen zentralen Ausgangspunkt.</p><p>Haustiere sind erlaubt, jedoch f&auml;llt eine Geb&uuml;hr von CHF 25 pro Nacht an.</p>", "url": "https://www.vaduzerhof.net/", "image": "https://ltmpimtsoch.sos-ch-dk-2.exoscale-cdn.com/catalog/c/f/c/f/cfcf685eea2ef05d1e1fc0cdcdd1b9da2261a7b3_4862_VADUZERHOF.jpg", "openstreetmap_id": "243055650"}, "geometry": {"type": "Point", "coordinates": ["9.52168643474579", "47.14120143372696"]}}, {"type": "Feature", "properties": {"identifier": "22280073-eace-413a-9687-ad62d7039f7a", "name": "Rheinbergerdenkmal", "description": "<p>Anl&auml;sslich des 100. Geburtstages von Josef Gabriel Rheinberger wurde 1939 ein Wettbewerb um die Erstellung eines Denkmales f&uuml;r den Komponisten durchgef&uuml;hrt. Als Siegesprojekt wurde ein Projekt von Franz Marcel Fischer ausgew&auml;hlt, das schliesslich 1940 vor dem Rheinbergerhaus aufgestellt wurde.</p><p>Das Denkmal besteht aus einer B&uuml;ste aus Bronzeguss, welche Josef Gabriel Rheinberger in realistischen Z&uuml;gen darstellt. Links davon ist ein Relief einer Lyra &ndash; Symbol der Musik &ndash; angebracht und rechts befindet sich eine gravierte Inschriftentafel.</p>", "image": "https://ltmpimtsoch.sos-ch-dk-2.exoscale-cdn.com/catalog/6/5/9/3/6593e388e5beae6368cde922c3b58f0fb28a2e26_Rheinberger_Denkmal_1_Skulpturenpark_EV_JulianKonrad.JPG", "openstreetmap_id": "node/4233958501"}, "geometry": {"type": "Point", "coordinates": ["9.522544741630554", "47.136797028595424"]}}, {"type": "Feature", "properties": {"identifier": "23aed662-7956-417f-b8b5-9431c4c09789", "name": "J\u00e4gerstube zum Kreuz", "description": "<p>Die J\u00e4gerstube Zum Kreuz ist weitherum bekannt f\u00fcr die sch\u00f6ne Gaststube und den herrlichen Biergarten mit Aussicht auf die Dreischwestern-Bergkette und den Hohen Kasten.</p>", "url": "http://www.kreuz.li", "image": "https://ltmpimtsoch.sos-ch-dk-2.exoscale-cdn.com/catalog/f/1/8/5/f18585573fb4e158245b733933bacbdbd16a2ec8_jaegerstube_zum_kreuz_schellenberg.jpeg", "openstreetmap_id": "node/819181573"}, "geometry": {"type": "Point", "coordinates": ["9.54689383506775", "47.22957575081231"]}}, {"type": "Feature", "properties": {"identifier": "25477eff-8659-4d8b-9911-111abd0d694e", "name": "Georg Brot & Kaffee", "description": "<p>Ein perfekter Cappuccino entsteht, wenn Espresso, frische Milch und cremiger Milchschaum harmonisch zusammenspielen. Bei Georg Brot &amp; Kaffee zaubern erfahrene Baristas kunstvolle Cappuccinos &ndash; auch bekannt als &laquo;Latte Art&raquo;.</p><p>F&uuml;r das feine Geb&auml;ck in der Patisserie kommen nur die besten Zutaten zum Einsatz: aromatische Beeren, saftige Aprikosen, knackige &Auml;pfel und s&uuml;sse Kirschen. Ob eckig, rund oder in besonderen Gr&ouml;ssen &ndash; luftige Quarktorten, cremige Rahmtorten oder klassische Zuger Kirschtorten machen jede Kaffeepause zum Genuss.</p><p>Von Montag bis Freitag zwischen 11:30 und 13:00 Uhr gibt es zudem k&ouml;stliche Mittagsmen&uuml;s. Die Karte bietet eine zus&auml;tzliche Auswahl.</p>", "url": "https://www.georg.li/", "image": "https://ltmpimtsoch.sos-ch-dk-2.exoscale-cdn.com/catalog/f/9/1/d/f91df79b99385e78ba5db48ab90e5bde8829704f_georg_brot_kaffee_eschen_liechtenstein.jpeg", "openstreetmap_id": "4759711537"}, "geometry": {"type": "Point", "coordinates": ["9.523075819015505", "47.21244102030644"]}}, {"type": "Feature", "properties": {"identifier": "284526dc-1e92-4f4d-ae3f-50baaaa358e4", "name": "Outdoor Adventure Rooms Malbun", "description": "<p>Bei den Outdoor Adventure Rooms handelt es sich um ausgekl&uuml;gelte R&auml;tseljagden durch Liechtensteins Bergort Malbun. Die Teilnehmenden bekommen eine R&auml;tseltasche und ein iPad und los geht die Mission. Nun heisst es gen&uuml;gend Informationen sammeln, um die Welt zu retten. Die R&auml;tsel sind eine Mischung aus Geschicklichkeit, Denkaufgaben, Orientierung und Augmented Reality.</p><p>Das Spiel ist geeignet f&uuml;r Gruppen und Familien.</p><p><strong>Magisches Malbun Portal</strong>: ab 9 Jahren (in Begleitung), <a href=\"https://www.youtube.com/watch?v=8Imjr_33jN4\" target=\"_blank\" rel=\"noopener noreferrer\">mehr zum Spiel</a></p><p><strong>Operation Mindfall</strong>:&nbsp;ab 12 Jahren (in Begleitung), <a href=\"https://www.youtube.com/watch?v=RWvfktgfMfw\" target=\"_blank\" rel=\"noopener noreferrer\">mehr zum Spiel</a></p><p><strong>Startpunkt</strong>:&nbsp;Malbun Center</p><p><strong>Gruppengr&ouml;sse</strong>: 2 - 6 Personen pro iPad (max. 36 Personen gleichzeitig)</p><p>Mit dem &laquo;<a href=\"https://tourismus.li/angebote/freizeit/erlebnispass-2/all-inclusive-erlebnispass.html\">ALL INCLUSIVE Erlebnispass</a>&raquo; spielst du eines der Spiele gratis.<br>Mit dem &laquo;<a href=\"https://tourismus.li/angebote/freizeit/welcome-erlebnispass.html\">WELCOME Erlebnispass</a>&raquo; erh&auml;ltst du 20\u202f% Rabatt.</p><p>Das Angebot ist t&auml;glich von 09:00 - 17:00 Uhr verf&uuml;gbar (Zwischensaison beachten).</p>", "image": "https://ltmpimtsoch.sos-ch-dk-2.exoscale-cdn.com/catalog/3/b/9/c/3b9c1f0f82f63e0b3334a9a0c1d36963bf570fad_EscapeRoom_066521.jpg", "openstreetmap_id": "node/1869027437"}, "geometry": {"type": "Point", "coordinates": ["9.607962369918825", "47.103239389240024"]}}, {"type": "Feature", "properties": {"identifier": "28fa0ecb-c1a2-4035-99c2-0e40291b5168", "name": "b_smart restaurant", "description": "<p><span style=\"text-align: center;\">Hier sind Hotelg\u00e4ste genauso willkommen wie Locals \u2013 zum Gesch\u00e4ftsessen oder zum gem\u00fctlichen Abschluss des Tages, auf einen Cocktail, ein Glas Wein oder auf ein Feierabendbier.</span></p><p><span style=\"text-align: center;\">Die Men\u00fckarte \u00fcberzeugt mit einer Auswahl an Klassikern wie dem&nbsp;</span><span style=\"box-sizing: inherit; text-align: center;\">b_smart-Burger</span><span style=\"text-align: center;\">&nbsp;mit Tr\u00fcffel Fries und der&nbsp;</span><span style=\"box-sizing: inherit; text-align: center;\">hausgemachten Pasta</span><span style=\"text-align: center;\">&nbsp;oder regelm\u00e4ssig wechselnden saisonalen Highlights.</span><br></p>", "url": "https://www.b-smarts.net/bendern/restaurant", "image": "https://ltmpimtsoch.sos-ch-dk-2.exoscale-cdn.com/catalog/f/0/4/9/f0494bad92c4807a461cb03e2714b033e6ef36e0_b_smart_restaurant_bendern_liechtenstein.jpeg", "openstreetmap_id": "way/984924361"}, "geometry": {"type": "Point", "coordinates": ["9.502051063802105", "47.20533694585859"]}}, {"type": "Feature", "properties": {"identifier": "292d0fb8-7b47-45fd-bbea-4aed789cfc49", "name": "Restaurant Gasthaus Krone", "description": "<p>Unter dem Schatten eines pr&auml;chtigen Kastanienbaums entspannen und den Sommer in vollen Z&uuml;gen geniessen: Die Gartenterrasse des Landgasthofs Krone in Schellenberg ist der perfekte Ort daf&uuml;r.</p><p>Freu dich auf eine gutb&uuml;rgerliche K&uuml;che mit regionalen Spezialit&auml;ten. Besonders empfehlenswert: Grillabende mit saftigen Spareribs vom Holzkohlengrill.</p>", "url": "http://www.hotelkrone.li", "image": "https://ltmpimtsoch.sos-ch-dk-2.exoscale-cdn.com/catalog/2/5/9/1/2591823b9ca32be246ff47811f55191b11a63beb_restaurant_gasthaus_krone_schellenberg.jpeg", "openstreetmap_id": "way/979391079"}, "geometry": {"type": "Point", "coordinates": ["9.547001123428347", "47.231367977011566"]}}, {"type": "Feature", "properties": {"identifier": "2f9de122-6aab-430b-baf3-a7f44eb136b3", "name": "Bar & Bistro La Piazza", "description": "<p>Das &laquo;La Piazza&raquo; im Herzen von Schaan ist ein beliebter Treffpunkt f&uuml;r Kaffee, Ap&eacute;ro oder einen entspannten Feierabenddrink auf der Terrasse. Von Mittwoch bis Freitag werden feine Tagesmen&uuml;s und ofenfrische Pinsen serviert.</p>", "url": "https://www.lapiazzaschaan.info/", "image": "https://ltmpimtsoch.sos-ch-dk-2.exoscale-cdn.com/catalog/8/b/6/1/8b617d9ed07787db78767b1f96d2aa41f6ca4598_AA0EBB73_F607_4AC3_A268_DE10A947A78B.jpeg", "openstreetmap_id": "node/7831417006"}, "geometry": {"type": "Point", "coordinates": ["9.510045", "47.166844"]}}, {"type": "Feature", "properties": {"identifier": "30707859-1c9a-49e9-a900-b5f261068150", "name": "Restaurant Falknis", "description": "<p>Im gem\u00fctlich eingerichteten Restaurant wirst du mit gutb\u00fcrgerlicher K\u00fcche verw\u00f6hnt. Das Team serviert dir gerne hochwertige Fleischspezialit\u00e4ten aus eigener Produktion, die du auch direkt im Metzgereifachgesch\u00e4ft erwerben kannst.</p>", "url": "https://www.falknis.li/restaurant.html", "image": "https://ltmpimtsoch.sos-ch-dk-2.exoscale-cdn.com/catalog/1/6/d/5/16d5367f0bcc664f0b5b3ea5e9cfbbcc493f461f_restaurant_falknis_balzers.jpeg", "openstreetmap_id": "9794337454"}, "geometry": {"type": "Point", "coordinates": ["9.49602596473949", "47.06054229851574"]}}, {"type": "Feature", "properties": {"identifier": "33e1cc9c-c894-44a3-ab03-51acb09201ad", "name": "Hotel-Gasthof L\u00f6wen", "description": "<p>Die Zimmer sind mit eleganten Stilm&ouml;beln und bequemen Betten ausgestattet. Mit viel Liebe zum Detail bietet das Hotel seinen G&auml;sten historisches Ambiente und zeitgem&auml;ssen Komfort.</p><p>Das Zentrum von Vaduz ist nur wenige Gehminuten entfernt.</p><p>Mit der Zustimmung des Hotels sind Haustiere grunds&auml;tzlich erlaubt. Es f&auml;llt m&ouml;glicherweise eine entsprechende Geb&uuml;hr an.</p>", "url": "https://www.hotel-loewen.li/tagungen/", "image": "https://ltmpimtsoch.sos-ch-dk-2.exoscale-cdn.com/catalog/9/e/d/5/9ed5001c6bd1e9ee6c416248c6f7ad33789eb2bf_2013_hotel_l__wen_vaduz_01__1_.jpg", "openstreetmap_id": "336434357"}, "geometry": {"type": "Point", "coordinates": ["9.518821835517885", "47.14269373220092"]}}, {"type": "Feature", "properties": {"identifier": "34fb4302-ed65-440c-a577-96624eebdff2", "name": "King Kebap", "url": "http://kingpizza.li", "image": "https://ltmpimtsoch.sos-ch-dk-2.exoscale-cdn.com/catalog/2/a/b/7/2ab7edf8b5df25bad35167ec8aa323da4730122e_king_kebap_balzers.jpeg", "openstreetmap_id": "node/10872872521"}, "geometry": {"type": "Point", "coordinates": ["9.50796961784363", "47.07653371125007"]}}, {"type": "Feature", "properties": {"identifier": "356de53d-2d04-40d7-8b9b-ee4223e966d4", "name": "Malbun Center", "description": "<p>Das Malbun Center befindet sich direkt am Ortseingang von Malbun beim Schlucher-Treff. Hier erhalten G&auml;ste kompetente Beratung zu Erlebnissen und Wanderungen im Liechtensteiner Berggebiet sowie allgemeine Informationen &uuml;ber Liechtenstein. Zudem gibt es eine Auswahl an kostenlosen Brosch&uuml;ren, die einen &Uuml;berblick &uuml;ber das F&uuml;rstentum bieten.</p><p>Auch den Souvenir-Stempel (kostenlos f&uuml;r alle mit dem &laquo;<a href=\"https://tourismus.li/angebote/freizeit/erlebnispass-2/all-inclusive-erlebnispass.html\">ALL INCLUSIVE Erlebnispass</a>&raquo;) kannst du dir hier holen.&nbsp;</p><p><strong>Malbun bietet vielf&auml;ltige Erlebnisse:</strong></p><ul><li><a href=\"https://tourismus.li/map/poi/outdoor-adventure-rooms-malbun-284526dc-1e92-4f4d-ae3f-50baaaa358e4.html\" target=\"_blank\" rel=\"noopener noreferrer\">Outdoor Adventure Rooms</a></li><li><a href=\"https://tourismus.li/map/poi/forscherweg-malbun-0d6f3c43-3e69-4041-a9dc-65c2e066b518.html\" target=\"_blank\" rel=\"noopener noreferrer\">Forscherweg</a></li><li><a href=\"https://tourismus.li/map/poi/detektiv-trail-auf-schatzsuche-in-malbun-71fe1cc8-8cbe-41b0-bd99-4098833c4e3e.html\" target=\"_blank\" rel=\"noopener noreferrer\">Detektiv-Trail</a> (<span data-teams=\"true\">w&auml;hrend der Sommersaison</span>)</li><li><a href=\"https://tourismus.li/map/poi/alpen-minigolf-malbun-b1841deb-d9e5-4522-bef3-35902d33cf46.html\" target=\"_blank\" rel=\"noopener noreferrer\">Alpen-Minigolf</a> (<span data-teams=\"true\">w&auml;hrend der Sommersaison</span>)</li><li><a href=\"https://tourismus.li/map/poi/alpherzweg-malbun-d88331f4-1aea-4247-b137-2a39f9eae7b8.html\" target=\"_blank\" rel=\"noopener noreferrer\">Alpherzweg Malbun</a> (<span data-teams=\"true\">w&auml;hrend der Sommersaison</span>)</li><li><a href=\"https://tourismus.li/map/poi/schaukelpfad-441ea744-e860-4639-aefe-3a550599a8f6.html\" target=\"_blank\" rel=\"noopener noreferrer\">Schaukelpfad</a> (<span data-teams=\"true\">w&auml;hrend der Sommersaison</span>)</li></ul>", "image": "https://ltmpimtsoch.sos-ch-dk-2.exoscale-cdn.com/catalog/f/6/9/f/f69fbb0e72aec607e2f460422edb0fd10c663aeb_Malbun_Center____Urs_Conrad_.jpg", "openstreetmap_id": "node/1869027437"}, "geometry": {"type": "Point", "coordinates": ["9.607951641082764", "47.10323981393031"]}}, {"type": "Feature", "properties": {"identifier": "35b3f8ec-4334-434f-8691-33bf5d52a16a", "name": "Made in Italy", "description": "<p>Italienisches Flair mitten in Vaduz: K\u00f6stliches Essen und gem\u00fctliche Atmosph\u00e4re laden inl\u00e4ndische und ausl\u00e4ndische G\u00e4ste zum Geniessen ein.</p>", "url": "http://www.made-in-italy.li", "image": "https://ltmpimtsoch.sos-ch-dk-2.exoscale-cdn.com/catalog/e/d/5/0/ed50e8893a31b008ca816a4c24d4cde38f5b5f57_image00001.jpeg", "openstreetmap_id": "3514910125"}, "geometry": {"type": "Point", "coordinates": ["9.520243406295778", "47.14161724387356"]}}, {"type": "Feature", "properties": {"identifier": "35c528b1-b61c-4d46-a81d-5946bfdcbf00", "name": "Kapelle St. Wendelin und Martin", "description": "<p>Die Kapelle St. Wendelin und Martin befindet sich im Maiens&auml;ss Steg und liegt direkt an der Strasse ins Malbun. Sie wurde bereits im ausgehenden 17. Jahrhundert erstmals erw&auml;hnt und pr&auml;gt seither das Landschaftsbild des Saminatals. Als kulturelles Wahrzeichen von Steg steht sie seit 1951 unter liechtensteinischem Denkmalschutz und wurde zuletzt im Jahr 2016 renoviert.</p>", "image": "https://ltmpimtsoch.sos-ch-dk-2.exoscale-cdn.com/catalog/9/1/d/8/91d8ca8e50b1294cec55e235c5aa56ed16258488_image00001.jpeg", "openstreetmap_id": "way/218439566"}, "geometry": {"type": "Point", "coordinates": ["9.578533173675009", "47.111940497302584"]}}, {"type": "Feature", "properties": {"identifier": "37dae97e-639a-45a8-8d53-d32ad0ead8a2", "name": "Balu B\u00e4ckerei Konditorei", "description": "<p>Das helle Ambiente l\u00e4dt ein, ein Fr\u00fchst\u00fcck mit feinem Espresso, ein Mittagessen oder ein St\u00fcck Torte zu geniessen. Das Angebot an Brotprodukten, Patisserie und Sandwiches ist gross. Zudem sind t\u00e4glich frische Salate, Wraps und Convenience Menus erh\u00e4ltlich.</p>", "url": "http://www.baluvaduz.li", "image": "https://ltmpimtsoch.sos-ch-dk-2.exoscale-cdn.com/catalog/1/1/2/9/11297b88555eeb33901c3ddf09c8dfe2e8cb63cf_balu.jpeg", "openstreetmap_id": "4759754443"}, "geometry": {"type": "Point", "coordinates": ["9.52284932380162", "47.14051281744882"]}}, {"type": "Feature", "properties": {"identifier": "3c87193c-b4aa-4a2d-9da1-ec467fe92bf6", "name": "Alpin Royal Hotel", "description": "<p>Inmitten eines wirtschaftlich starken Umfelds und mit Blick auf die beeindruckende Bergwelt Liechtensteins und der Schweiz heisst das Alpin Royal Hotel sowohl anspruchsvolle Gesch\u00e4ftsreisende als auch Urlauber willkommen, die stilvollen Komfort und naturnahe Erholung sch\u00e4tzen.</p><p>Die 26 modernen Zimmer und f\u00fcnf grossz\u00fcgigen Suiten bieten ideale Voraussetzungen f\u00fcr erholsame Tage. Ein reichhaltiges Fr\u00fchst\u00fccksbuffet ist im Zimmerpreis inbegriffen. Am Abend verw\u00f6hnt das hauseigene Restaurant mit regional inspirierter K\u00fcche und einer erlesenen Auswahl an Weinen seine G\u00e4ste.</p><p>Dank kostenfreier Tiefgarage und der N\u00e4he zur Autobahn A13 bei Buchs - nur sechs Minuten entfernt - gestaltet sich die Anreise besonders bequem.</p><p>Aktive G\u00e4ste finden in der Umgebung vielf\u00e4ltige M\u00f6glichkeiten: Ob Wandern, Radfahren oder ein spannender Abend im Alpin Royal Casino - Freizeitvergn\u00fcgen ist garantiert.</p><p>Ganz gleich, ob gesch\u00e4ftlicher Aufenthalt oder entspannte Auszeit: Das Alpin Royal Hotel steht f\u00fcr Erholung, Genuss und unvergessliche\u00a0#RoyalMoments\u00a0- mitten in Liechtenstein.</p>", "url": "https://alpin-royal.li/hotel/", "image": "https://ltmpimtsoch.sos-ch-dk-2.exoscale-cdn.com/catalog/2/0/0/9/2009ab321eaf18e2e7f6eab789f36e5a8b2254de_10___KPZ_1297_2.jpg", "openstreetmap_id": "lat=47.174536&lon=9.510164&zoom=19#map=19/47.174536/9.510165"}, "geometry": {"type": "Point", "coordinates": ["9.510115385055544", "47.17457711028904"]}}, {"type": "Feature", "properties": {"identifier": "3e794723-f107-4c3c-b71c-14481a68c27a", "name": "Rofenbergkapelle", "description": "<p>Die dem Heiligen Kreuz geweihte Rofenbergkapelle liegt im Ortsteil Rofaberg der Gemeinde Eschen und wurde vermutlich in der ersten H&auml;lfte des 16. Jahrhunderts errichtet. Sie befindet sich an einem markanten Standort auf 494 m &uuml;. M., wo einst der historische Verkehrsweg ins Toggenburg vorbeif&uuml;hrte. Die Kapelle ist ein bedeutendes Wahrzeichen der Gemeinde Eschen-Nendeln.</p>", "image": "https://ltmpimtsoch.sos-ch-dk-2.exoscale-cdn.com/catalog/0/7/d/3/07d33d4dfbd88b0505a97738a050d85f53d1d451_Rofenbergkapell_Eschen.jpeg", "openstreetmap_id": "way/979830296"}, "geometry": {"type": "Point", "coordinates": ["9.51751828619708", "47.21239728182386"]}}, {"type": "Feature", "properties": {"identifier": "3f8f1243-9710-4a72-8ad2-12fff80c0008", "name": "Dolce Gusto", "description": "<p>Das Ristorante &amp; Pizzeria Dolce Gusto begeistert mit einer t\u00e4glich frischen Auswahl an Pasta, knusprigen Pizzen aus dem Holzofen, sowie Fisch- und Fleischgerichten. Das Restaurant bietet Platz f\u00fcr 150 G\u00e4ste in einem modernen, typisch italienischen Ambiente. In den warmen Monaten erweitert die Terrasse im Innenhof das Platzangebot und l\u00e4dt zum entspannten Genuss ein.</p>", "url": "https://ristorantedolcegusto.li/", "image": "https://ltmpimtsoch.sos-ch-dk-2.exoscale-cdn.com/catalog/7/f/0/0/7f00fccd2fe4f158930d5e3d7f04034cce60e588_dolce_gusto_schaan_restaurant.jpeg", "openstreetmap_id": "998424255"}, "geometry": {"type": "Point", "coordinates": ["9.508296847343447", "47.16565756092783"]}}, {"type": "Feature", "properties": {"identifier": "41621cc9-56f3-4a0f-8cdc-91ca476452ec", "name": "KOKON Restaurant", "description": "<p>Die internationale K\u00fcche im KOKON verspricht globalen Genuss mit lokalen Spezialit\u00e4ten. Dank der Showk\u00fcche des Restaurants kannst du den K\u00fcchenchefs bei der Zubereitung ihrer Kreationen jederzeit \u00fcber die Schulter blicken. Das Restaurant ist ein idealer Treffpunkt zu jeder Gelegenheit \u2013 f\u00fcr ein anregendes Mittagsessen als willkommene Pause, das wohl verdiente Bier mit Freunden nach der Arbeit, oder das stimmungsvolle Dinner mit erlesenen Weinen und Lavasteingrill am Abend.</p>", "url": "http://www.kokon-restaurant.li", "image": "https://ltmpimtsoch.sos-ch-dk-2.exoscale-cdn.com/catalog/6/8/9/9/689912a5d9d65ae1b1b031c4a43f4258654e920a_kokon_restaurant_ruggell_liechtenstein.jpeg", "openstreetmap_id": "9169400768"}, "geometry": {"type": "Point", "coordinates": ["9.52668070793152", "47.24928683800602"]}}, {"type": "Feature", "properties": {"identifier": "41c17a39-4f2c-42b4-a35a-f15989d36520", "name": "Kloster by b_smart", "description": "<p>G&auml;ste geniessen die historischen Grundmauern des&nbsp;Klosters St. Elisabeth&nbsp;mit einer einzigartigen Aussicht auf Schaan und Liechtenstein. Das modern renovierte Hotel&nbsp;Kloster by b_smart&nbsp;hat beim Umbau die Historie des Hauses ber&uuml;cksichtigt und l&auml;dt auf eine einzigartige Entdeckungsreise ein.&nbsp;</p><p>Direkt vor den Toren des Klosters liegt der Wirtschafts- und Industriestandort Liechtenstein. Somit eignet sich das Hotel perfekt f&uuml;r Gesch&auml;fts- wie auch Freizeitreisende. Durch den modernen Stil des Hotels, welcher sich mit dem historischen Kloster vereint, entsteht&nbsp;ein einzigartiges G&auml;steerlebnis.</p><p>Mit 19 hellen und modernen Zimmern bietet das Kloster by b_smart genug Platz, um sich wohl zu f&uuml;hlen.</p><p>Mit der Zustimmung des Hotels sind Haustiere grunds&auml;tzlich erlaubt. Es f&auml;llt eine entsprechende Geb&uuml;hr an.</p>", "url": "https://www.kloster-schaan.net/", "image": "https://ltmpimtsoch.sos-ch-dk-2.exoscale-cdn.com/catalog/b/3/1/a/b31af89e88c8ccad2a0bda171e597bd571dc7ed4_kloster_22.jpg", "openstreetmap_id": "11227602753"}, "geometry": {"type": "Point", "coordinates": ["9.519996643066408", "47.1668392021193"]}}, {"type": "Feature", "properties": {"identifier": "42c9a17a-c7c4-4083-a8bc-92b09e92622f", "name": "Pizzeria il Salento", "description": "<p>Die Pizzaria il Salento liegt an der Hauptstrasse in der Gemeinde Triesen. Bekannt ist das Lokal f\u00fcr seine riesigen Pizzas, die mit ihrem hauchd\u00fcnnen und knusprigen Boden eine wahre italienische Gaumenfreude sind.</p>", "url": "https://www.ilsalento.li/", "image": "https://ltmpimtsoch.sos-ch-dk-2.exoscale-cdn.com/catalog/2/0/8/6/2086078c55cbd1257f576405e6952b2b503a5730_pizzeria_il_salento_triesen.jpeg", "openstreetmap_id": "284115676"}, "geometry": {"type": "Point", "coordinates": ["9.524062992885353", "47.11693398998602"]}}, {"type": "Feature", "properties": {"identifier": "43f69f8f-8814-412b-b8e5-d6ec3b308ee2", "name": "Kapelle St. Sebastian", "description": "<p>Sie steht n&ouml;rdlich des urspr&uuml;nglichen Standorts aus dem Pestjahr 1639. Der schlichte Bau geh&ouml;rt zur Pfarrei Eschen und ist bis heute ein Ort der Besinnung.</p>", "image": "https://ltmpimtsoch.sos-ch-dk-2.exoscale-cdn.com/catalog/8/1/1/a/811a760bdd373a788516398bb521a7bd039c8db5_kapelle_nendeln.jpeg", "openstreetmap_id": "way/220893974"}, "geometry": {"type": "Point", "coordinates": ["9.544839262962343", "47.19924032309368"]}}, {"type": "Feature", "properties": {"identifier": "44749619-978a-4e81-ac71-41ea99dfc437", "name": "Pfarrkirche St. Gallus", "description": "<p>Die urspr&uuml;ngliche Pfarrkirche St. Gallus lag 120 m nord&ouml;stlich der heutigen Kirche und wurde um 1458 erstmals erw&auml;hnt. Ausgrabungen haben Teile dieses fr&uuml;heren Kirchenbaus freigelegt. Die heutige Kirche an der Dorfstrasse entstand zwischen 1841 und 1843 nach Pl&auml;nen des Wiener Architekten Georg Wingelm&uuml;ller. In den Jahren 1991 bis 1994 wurde das Gotteshaus umfassend umgebaut und neugestaltet.</p>", "image": "https://ltmpimtsoch.sos-ch-dk-2.exoscale-cdn.com/catalog/2/f/7/2/2f72091f27ff09d81a0152a28510ec6116c46fc6_kirche_triesen.jpeg", "openstreetmap_id": "way/44932036"}, "geometry": {"type": "Point", "coordinates": ["9.530280232429506", "47.10627772681848"]}}, {"type": "Feature", "properties": {"identifier": "46c2753d-c7b0-4338-bc5e-569dfc7bf2da", "name": "Zwei Bar & Lounge", "description": "<p data-start=\"159\" data-end=\"401\">Seit 2004 ist die Bar&nbsp;der Place-to-be in Vaduz. Ob DJ-Sounds am Wochenende, Sommerfeeling in der Outdoor-Bar oder winterlicher Charme in der Zweinachtsbar mit Gl\u00fchwein und Raclette \u2013 hier ist immer etwas los.</p>", "url": "http://www.zwei.li/#!about", "image": "https://ltmpimtsoch.sos-ch-dk-2.exoscale-cdn.com/catalog/6/2/a/f/62af15b9f6a56a782bee2b79ebd13d9edba0c602_zwei_bar_lounge_vaduz.jpeg", "openstreetmap_id": "4759724324"}, "geometry": {"type": "Point", "coordinates": ["9.521766944334704", "47.1392976319315"]}}, {"type": "Feature", "properties": {"identifier": "472bf920-6ad3-48cf-bd74-40251c223002", "name": "Gasthaus Krone", "description": "<p>Das Gasthaus ist ruhig gelegen und idealer Ausgangspunkt f\u00fcr Ausfl\u00fcge und leichte Wanderungen. Entspannen kann man im hauseigenen Hallenbad.</p><p>Ab einem Aufenthalt von sieben Tagen erhalten G\u00e4ste einen \u00abLong Stay Rabatt\u00bb.</p>", "url": "http://www.hotelkrone.li", "image": "https://ltmpimtsoch.sos-ch-dk-2.exoscale-cdn.com/catalog/c/d/5/b/cd5b0a2f01bc775e16d3a4ab67200b8c23992c84_2013_hotel_krone_schellenberg_01.jpg", "openstreetmap_id": "way/979391079"}, "geometry": {"type": "Point", "coordinates": ["9.546990394592287", "47.231371638188136"]}}, {"type": "Feature", "properties": {"identifier": "47a5ec25-bf69-415d-bc29-7d4b300a3b30", "name": "JUFA Hotel Malbun", "description": "<p>Das moderne Hotel liegt im Hochtal Malbun, eingebettet in die Alpen Turna und Pradamee, in der Gemeinde Triesenberg.</p><p>Im JUFA Hotel Malbun f&uuml;hlen sich Familien besonders wohl. Mit der Kinderspielelandschaft, den hoteleigenen Familienangeboten, angefangen beim Kinderspielbereich und der hoteleigenen Kinderbetreuung in den Ferien, &uuml;ber gef&uuml;hrte Wanderungen, bis hin zur Kleinsporthalle, kommt bei Gross und Klein garantiert keine Langeweile auf.</p><p>Durch die unmittelbare Lage inmitten der Berge geniessen die G&auml;ste im Sommer wie im Winter den Komfort, direkt beim Hotel mit verschiedensten Freizeitaktivit&auml;ten starten zu k&ouml;nnen. Sei es zu einer Wanderung auf die umliegenden Gipfel oder zu einem sportlichen Skitag auf 1600 &ndash; 2000 m &uuml;. M.</p><p>Malbun hat all seine Angebote gezielt auf die Bed&uuml;rfnisse von Kindern, Eltern und Begleitpersonen ausgerichtet. Das JUFA Hotel tr&auml;gt zudem das G&uuml;tesiegel &laquo;TOP Familienhotel&raquo;.</p><p><strong>Das JUFA Hotel Malbun&nbsp;bietet:</strong></p><ul><li>58 Zimmer</li><li>Alle Zimmer mit Allergiker-Ausstattung, Dusche, WC, TV, Safe, WLan</li><li>Caf&eacute;/Bar sowie Restaurant</li><li>Sonnenterrasse direkt an der Skipiste</li><li>Alpin Wellness (Sauna, Dampfbad, Infrarot, Ruhezone)</li><li>Multifunktionsr&auml;ume (Seminar, Aufenthaltsr&auml;ume f&uuml;r Gruppen)</li><li>Indoor Kleinkinderspielbereich &laquo;Kinderland&raquo; und Outdoorspielplatz</li><li>Kleinsporthalle (10 x 18 m)</li><li>Fitnessraum</li><li>Skistall und Trockenraum</li><li>Kinderbetreuung in den Ferien</li></ul><p>Haustiere sind grunds&auml;tzlich erlaubt. Es f&auml;llt eine entsprechende Geb&uuml;hr an.</p>", "url": "https://www.jufa.eu", "image": "https://ltmpimtsoch.sos-ch-dk-2.exoscale-cdn.com/catalog/6/d/0/1/6d0162b2b87966bd6990ef2ac1249dca4a1099c7_JUFA_Sommer_1.jpg", "openstreetmap_id": "298855537"}, "geometry": {"type": "Point", "coordinates": ["9.604952931404116", "47.10495579492308"]}}, {"type": "Feature", "properties": {"identifier": "48e9d296-7a41-43d5-809d-32ac4c77e9a6", "name": "LUDWIGS \u2013 Caf\u00e9 am Sonnenplatz", "description": "<p>Geniesse ein Fr\u00fchst\u00fcck, einen Kaffee mit k\u00f6stlichem Kuchen oder entdecke eine Auswahl an Speisen f\u00fcr den Genuss vor Ort oder  unterwegs. Das warme Ambiente l\u00e4dt zu entspannten Momenten ein.</p>", "url": "https://ludwigs.li/", "image": "https://ltmpimtsoch.sos-ch-dk-2.exoscale-cdn.com/catalog/c/e/5/e/ce5e22d8bd042af22b730579e7a398a1debc3a11_ludwigs_cafe_sonnenplatz_triesen.jpeg", "openstreetmap_id": "way/1058885825"}, "geometry": {"type": "Point", "coordinates": ["9.525350332260134", "47.10916232934824"]}}, {"type": "Feature", "properties": {"identifier": "4ac32674-679e-4b9f-a7f2-a524b090bc14", "name": "Greifvogel-Show", "description": "<p>Bei der Greifvogel-Show kannst du die beeindruckenden J&auml;ger der L&uuml;fte aus n&auml;chster N&auml;he erleben. Steinadler, Harris Hawk, Uhu, Bussard und Falke zeigen auf der Sonnenterrasse des Hotel Galina ihre Flugk&uuml;nste und erstaunlichen F&auml;higkeiten.</p><p>Die Show bietet spannende Einblicke in die Tradition der Falknerei. Ein besonderes Erlebnis f&uuml;r alle, die sich f&uuml;r die Natur und ihre faszinierenden J&auml;ger interessieren.</p><p><strong>Durchf&uuml;hrung</strong>: Die &ouml;ffentliche Greifvogel-Show findet von Anfang Juni bis Anfang Oktober jeden Samstag und Sonntag um 14:00 Uhr statt. Private Greifvogel-Shows sind t&auml;glich buchbar.</p><p>Mit dem &laquo;<a href=\"https://tourismus.li/angebote/freizeit/erlebnispass-2/all-inclusive-erlebnispass.html\">ALL INCLUSIVE Erlebnispass</a>&raquo; geniesst du freien Eintritt zur Greifvogel-Show.<br>Mit dem &laquo;<a href=\"https://tourismus.li/angebote/freizeit/welcome-erlebnispass.html\">WELCOME Erlebnispass</a>&raquo; erh&auml;ltst du 20\u202f% Rabatt auf den Eintritt.</p>", "url": "https://www.galina.li/greifvogel-flugshow", "image": "https://ltmpimtsoch.sos-ch-dk-2.exoscale-cdn.com/catalog/8/c/b/3/8cb30a973be94b0f2876c3a2e29e60c16b21b520_Kinderregion_Malbun_SELECTS_HR_131.jpg", "openstreetmap_id": "node/6520959387"}, "geometry": {"type": "Point", "coordinates": ["9.608225226402284", "47.10224293695368"]}}, {"type": "Feature", "properties": {"identifier": "4b6176fd-5f48-46c5-8e3e-b0a50fb78c1b", "name": "Restaurant Schneeflucht", "description": "<p>In der gem\u00fctlichen Gaststube oder auf der Sonnenterrasse l\u00e4sst es sich bestens entspannen, w\u00e4hrend man die Bergwelt geniesst. Die wechselnden Tagesangebote sorgen f\u00fcr Abwechslung und auf der Speisekarte finden sich auch beliebte Gerichte f\u00fcr Kinder \u2013 perfekt f\u00fcr eine St\u00e4rkung nach dem Pistenvergn\u00fcgen.</p><p>Das Restaurant ist ein reiner Winterbetrieb und ist nur w\u00e4hrend der Skisaison offen.</p>", "url": "https://www.schneeflucht.li/", "image": "https://ltmpimtsoch.sos-ch-dk-2.exoscale-cdn.com/catalog/3/3/6/1/3361f5967dc95120f8cf8fdd2e9d8f170e990f83_restaurant_schneeflucht_malbun_liechtenstein.jpeg", "openstreetmap_id": "way/300512348"}, "geometry": {"type": "Point", "coordinates": ["9.599508047103884", "47.109530878671784"]}}, {"type": "Feature", "properties": {"identifier": "4bf92b3a-5798-476c-9eaa-7575823fe7d8", "name": "Berggasthaus Masescha", "description": "<p>Das Restaurant lockt mit zwei typischen Walserst\u00fcbli, einem Speisesaal und einer Sonnenterrasse, die einen spektakul\u00e4ren Blick auf das Rheintal und die Bergwelt er\u00f6ffnet.&nbsp;</p><p>Auf der Karte findet man wechselnde saisonale Gerichte aus vorwiegend regionalen Zutaten. Die beliebten&nbsp;\u00abMasescha\u00bb Klassiker, wie das Geschnetzelte mit R\u00f6sti, das Wiener Schnitzel oder das Cordon Bleu sind immer erh\u00e4ltlich. \u00dcber die Grenzen bekannt ist \u00abMaria\u2019s gedeckter Apfelkuchen\u00bb, dessen Rezept seit vielen Jahren ein streng geh\u00fctetes Familiengeheimnis ist.</p><p>Das Berggasthaus eignet sich f\u00fcr Sitzungen und Anl\u00e4sse jeglicher Art.</p>  ", "url": "http://www.masescha.li", "image": "https://ltmpimtsoch.sos-ch-dk-2.exoscale-cdn.com/catalog/8/b/d/5/8bd5c9c698117b43b19973e356436f9ec8d1f3ef_berggasthaus_masescha_liechtenstein.jpeg", "openstreetmap_id": "158677256"}, "geometry": {"type": "Point", "coordinates": ["9.543678589739589", "47.131928756890275"]}}, {"type": "Feature", "properties": {"identifier": "4c0a9c15-8f57-4a60-8fff-b840e3e33241", "name": "Hoi-Laden", "description": "<p>Das ausgew&auml;hlte Sortiment reicht von Papierwaren, B&uuml;chern, Kinderbekleidung, lokalen Lebensmitteln bis hin zu auserlesenen Dingen f&uuml;r den K&uuml;chenbedarf oder die Freizeit. Alle Produkte haben eines gemeinsam: Sie werden mit Liebe zum Detail entwickelt und mit Sorgfalt f&uuml;r die Kunden ausgesucht. Ein St&uuml;ck Heimatgef&uuml;hl als Geschenk f&uuml;r Familienangeh&ouml;rige, Freunde, Bekannte, Arbeitskollegen aus dem In- und Ausland oder f&uuml;r sich selbst.</p><p>Mit dem &laquo;<a href=\"https://tourismus.li/angebote/freizeit/erlebnispass-2/all-inclusive-erlebnispass.html\">ALL INCLUSIVE Erlebnispass</a>&raquo; geniesst du im Hoi-Laden kostenlos ein Glas f&uuml;rstlicher Wein, Traubensaft oder einen 32PeaksGin-Tonic.</p>", "url": "http://www.hoi-laden.li", "image": "https://ltmpimtsoch.sos-ch-dk-2.exoscale-cdn.com/catalog/3/4/0/6/34061ff98d015a1023178e3ab0d257f3b98628ef_2022_07_12_Kulturzentrum_Vaduz_0790.JPG", "openstreetmap_id": "node/3685641268"}, "geometry": {"type": "Point", "coordinates": ["9.522749636365354", "47.139283370330254"]}}, {"type": "Feature", "properties": {"identifier": "4d98751d-cf02-45bf-8662-4f48e23aca67", "name": "Restaurant Lio", "description": "<p>Neben Steaks vom 800\u00b0 Southbend Grill, Pizzen aus dem neapolitanischen Holzofen und hausgemachten Pasta-Spezialit\u00e4ten geniesst du auch ausgew\u00e4hlte Weine. Ziel des Restaurants ist es, mit viel Charme, grossem Einsatz und einer willkommenen Prise Humor, Gerichte auf h\u00f6chstem Niveau zu servieren.</p>", "url": "https://www.lio.li/", "image": "https://ltmpimtsoch.sos-ch-dk-2.exoscale-cdn.com/catalog/6/5/8/9/6589d8c4b021113e07a765b92a9627a008593668_restaurant_lio_schaan_liechtenstein.jpeg", "openstreetmap_id": "7831417007"}, "geometry": {"type": "Point", "coordinates": ["9.510136842727663", "47.16792246059505"]}}, {"type": "Feature", "properties": {"identifier": "4df2570d-1c90-43e5-a38b-3337155b3bb5", "name": "Restaurant Edelweiss", "description": "<p>Das Restaurant wird in der vierten Generation von J\u00fcrgen Gassner und Mirjam M\u00fcller gef\u00fchrt.</p><p>Nicht nur w\u00e4hrschafte und traditionelle regionale Kost wie die Triesenberger Wochen gibt es hier zu geniessen, auch diverse kulinarische Themenabende wie Sushi-Abende oder Spezialit\u00e4tenwochen haben ihren festen Platz im Restaurant Edelweiss.<br></p>", "url": "http://www.restaurantedelweiss.li", "image": "https://ltmpimtsoch.sos-ch-dk-2.exoscale-cdn.com/catalog/1/2/f/e/12fef1160c1a3ade5fcbe937cde5868032bef310_restaurant_edelweiss_triesenberg.jpeg", "openstreetmap_id": "297699582"}, "geometry": {"type": "Point", "coordinates": ["9.543912097021526", "47.11855372872113"]}}, {"type": "Feature", "properties": {"identifier": "4fef856a-5c35-4ff7-9506-891f694097f7", "name": "B&B Hotel Liechtenstein-Eschen", "description": "<p data-start=\"379\" data-end=\"728\">Die Zimmer sind hell und freundlich gestaltet und &uuml;berzeugen mit klarem Design sowie einer Ausstattung, die auf die Bed&uuml;rfnisse von Reisenden zugeschnitten ist. Ganz gleich, ob gesch&auml;ftlich unterwegs, auf Entdeckungstour durch die kulturellen Highlights des F&uuml;rstentums oder auf der Suche nach Naturerlebnissen &ndash; das Hotel ist ein idealer Ausgangspunkt.</p><p data-start=\"730\" data-end=\"821\">Jeden Morgen erwartet die G&auml;ste ein abwechslungsreiches und reichhaltiges Fr&uuml;hst&uuml;cksbuffet.</p>", "url": "https://www.hotel-bb.com/de/hotel/liechtenstein-eschen", "image": "https://ltmpimtsoch.sos-ch-dk-2.exoscale-cdn.com/catalog/e/c/f/2/ecf21a7a99bcb61945c6a2eb1aa3e0314d4ba0a3_CSP_10282024_Ospelt_Flow_014.jpg", "openstreetmap_id": "lat=47.206554&lon=9.536532"}, "geometry": {"type": "Point", "coordinates": ["9.536626338958742", "47.20648692050958"]}}, {"type": "Feature", "properties": {"identifier": "5196b078-aaa7-4f41-9824-210fcb1867cc", "name": "Resonare auf Krest", "description": "<p>Eine Skulptur, die angefasst und betreten werden darf, sogar soll.</p><p>Sie spricht alle wichtigen Sinneskan\u00e4le an. Der Besucher darf die Skulptur alleine oder mit mehreren Personen betreten und \u00fcber die Sprech- und H\u00f6rmuscheln in Interaktion mit ihr treten. Gibt er einen Laut in die Sprechmuschel ab, entstehen durch den Resonanzk\u00f6rper Schwingungen, die auch im eigenen K\u00f6rper sp\u00fcrbar sind. Dadurch ist sie nicht nur visuell sondern auch auditiv und kin\u00e4sthetisch wahrnehmbar und Besuchende k\u00f6nnen Kunst richtig erleben.</p><p><a href=\"https://eisenplastiker.li/\" rel=\"noopener noreferrer\" target=\"_blank\">Informationen zum K\u00fcnstler Edgar B\u00fcchel</a></p>", "image": "https://ltmpimtsoch.sos-ch-dk-2.exoscale-cdn.com/catalog/8/e/2/5/8e2589140d8e19026dfec22f27680ed790851c96_Resonare_Krest.jpeg", "openstreetmap_id": "way/979524824"}, "geometry": {"type": "Point", "coordinates": ["9.511286783249057", "47.21623620640483"]}}, {"type": "Feature", "properties": {"identifier": "51d1d5c2-6c28-48fc-b241-fafa54d73663", "name": "Jugendherberge Schaan-Vaduz", "description": "<p>Die Jugendherberge Schaan-Vaduz liegt westlich unterhalb der Landstrasse von Vaduz nach Schaan. In der N&auml;he befinden sich das Schwimmbad M&uuml;hleholz sowie der Minigolfplatz. Ebenfalls in wenigen Minuten erreicht man eine Bushaltestelle. Mit dem Fahrrad kann man von der Jugendherberge aus ausgedehnte Touren unternehmen. Ums Haus laden Liegest&uuml;hle und Sitzgelegenheiten mit Blick in die Rheinebene und ihrer Bergwelt zum Verweilen ein. Zur Infrastruktur geh&ouml;ren zudem eine Spielecke, Tischtennis, Tischfussball sowie ein Ruheraum.</p><p>Das helle und grossz&uuml;gige Haus ist besonders f&uuml;r Trainingslager, Seminare und Familien geeignet: beste Trainingsbedingungen in der Region, vollst&auml;ndig ausger&uuml;steter Seminarraum f&uuml;r bis zu 50 Personen und ger&auml;umige Familienzimmer.</p><p><strong>Zimmer</strong></p><ul><li>12 Doppelzimmer mit Bad</li><li>4 Familienzimmer mit Bad</li><li>Diverse 4- und 6-Bett-Zimmer mit Etagen-Dusche</li></ul><p>Haustiere sind auf Anfrage gestattet. M&ouml;glicherweise fallen Geb&uuml;hren an.</p>", "url": "http://www.youthhostel.ch/en/hostels/schaan-vaduz", "image": "https://ltmpimtsoch.sos-ch-dk-2.exoscale-cdn.com/catalog/f/8/e/7/f8e7f8ede85559dcbf54ddfd9ca96777b768beb1_swiss_youth_hostel_schaan_vaduz_16.jpg", "openstreetmap_id": "1911099986"}, "geometry": {"type": "Point", "coordinates": ["9.506118893623354", "47.156896299073416"]}}, {"type": "Feature", "properties": {"identifier": "521b36c5-8a76-48c6-9bd1-8b33272e1e4a", "name": "Alpin Royal Restaurant", "description": "<p>Im modernen Ambiente des\u00a0Alpin Royal Restaurants\u00a0werden kulinarische Gen\u00fcsse zum unvergesslichen Erlebnis. Hier treffen regionale Zutaten auf kreative Raffinesse \u2013 sorgf\u00e4ltig ausgew\u00e4hlt, modern interpretiert und mit Leidenschaft zubereitet. Erg\u00e4nzt wird das kulinarische Erlebnis durch eine\u00a0exquisite Weinkarte, die eine erlesene Auswahl regionaler und internationaler Tropfen bereith\u00e4lt. Ob ein stilvolles Dinner zu zweit oder ein gem\u00fctlicher Abend mit besonderen Menschen \u2013 jedes Gericht wird hier mit Liebe und Sorgfalt zubereitet und serviert.</p><p>Grossz\u00fcgige Fenster er\u00f6ffnen im Alpin Royal Restaurant den Blick auf die umliegende Bergwelt. Das gem\u00fctliche Ambiente l\u00e4dt zum Verweilen, Geniessen und Feiern ein.</p><p>Ob private Feier oder exklusives Firmendinner\u00a0\u2013 das Alpin Royal Restaurant bietet den passenden Rahmen f\u00fcr genussvolle Anl\u00e4sse.</p><p>Das Alpin Royal Restaurant befindet sich im Alpin Royal Hotel &amp; Casino\u00a0in Schaan und ist unabh\u00e4ngig vom Casinobesuch f\u00fcr alle Genussmenschen zug\u00e4nglich.</p>", "url": "https://alpin-royal.li/restaurant/", "image": "https://ltmpimtsoch.sos-ch-dk-2.exoscale-cdn.com/catalog/3/1/b/1/31b16d3a6fcb07999b9617a375c66ca4c5b95911_Titelbild.jpg", "openstreetmap_id": "lat=47.174536&lon=9.510164&zoom=19#map=19/47.174536/9.510165"}, "geometry": {"type": "Point", "coordinates": ["9.510169029235842", "47.174568769391534"]}}, {"type": "Feature", "properties": {"identifier": "5418c195-8b56-4212-b294-81b3940a2689", "name": "Hotel Central by Residence", "description": "<p>Das Hotel Central befindet sich am zentralsten Ort der liechtensteinischen Hauptstadt und bietet moderne und elegante Zimmer mit Schwerpunkt auf hochwertigen Materialien, exzellentem Service und traditionellem Essen.</p><p>Elegant, modern und atemberaubend, eine neue Definition von Luxus: Diese 17&nbsp;Zimmer und Suiten wurden 2019 erbaut und befinden sich im Neubau des Residence Hotels. Der bemerkenswerte Blick &uuml;ber die Stadt begeistert die G&auml;ste und das Hotel z&auml;hlt viele&nbsp;Stammg&auml;ste. Im Winter kann man die strahlende Wintersonne mit der frischen Bergluft geniessen und die Landschaft feiern. Im Sommer macht der frische Grasgeruch in Kombination mit einem k&uuml;hlen Wind aus dem S&uuml;den den Balkon noch angenehmer.</p><p>F&uuml;r dieses Projekt wurden nur die besten Materialien und M&ouml;bel ausgew&auml;hlt. Alle Zimmer sind unterschiedlich und sehen wie eine Boutique aus, mit einem uneingeschr&auml;nkten Sinn f&uuml;r Stil und einem Auge f&uuml;rs Detail. Mit weichen Oberfl&auml;chen und hellen Farben wirst du dich zweifellos wie zu Hause f&uuml;hlen.</p>", "url": "https://www.residence.li", "image": "https://ltmpimtsoch.sos-ch-dk-2.exoscale-cdn.com/catalog/9/f/8/0/9f80291ae8eef8d6979a538ce3c0101fc4adbc0e_2__.jpg", "openstreetmap_id": "way/496365016"}, "geometry": {"type": "Point", "coordinates": ["9.522930113414194", "47.140200811185714"]}}, {"type": "Feature", "properties": {"identifier": "563c56ca-8686-4102-8667-bee20f4de5d1", "name": "Hornligrill", "url": "https://www.hornligrill.li", "image": "https://ltmpimtsoch.sos-ch-dk-2.exoscale-cdn.com/catalog/9/8/9/7/989722c870d5abc06ced61a06efeb606e2afcfcb_hornli_grill_triesen.jpeg", "openstreetmap_id": "node/11380070896"}, "geometry": {"type": "Point", "coordinates": ["9.522587656974792", "47.12047917113542"]}}, {"type": "Feature", "properties": {"identifier": "5709461d-03d7-4a31-8da9-0868f5abda9a", "name": "Kapelle Mariahilf", "description": "<p>Die Kapelle Mariahilf liegt im Ortsteil M&auml;ls, eingebettet in eine kleine Parkanlage und umgeben von einem Wohnquartier. Ihre genaue Entstehungszeit ist unklar, doch schriftlich erw&auml;hnt wurde sie erstmals im Jahr 1690. Einer Sage zufolge wurde sie als Dank f&uuml;r die Hilfe der Muttergottes im Kampf gegen einen Drachen beim Ellhorn errichtet &ndash; daran erinnert die Drachenkopf-Windfahne auf dem Turm. Baugeschichtliche Untersuchungen deuten auf eine Vorg&auml;ngerkapelle aus dem fr&uuml;hen 16. Jahrhundert hin. Das heutige Erscheinungsbild geht auf Umbauten im 18. Jahrhundert zur&uuml;ck, einschliesslich des Turms und der barocken Alt&auml;re. Die Kapelle ist ein beliebter Ort f&uuml;r Andachten und Hochzeitsfeiern und beherbergt die &auml;lteste Kirchenglocke Liechtensteins.</p>", "image": "https://ltmpimtsoch.sos-ch-dk-2.exoscale-cdn.com/catalog/d/9/f/3/d9f3017e4dc4c7c991df3513f1eb32f841a9085e_mariahilf_kapelle_balzers.jpeg", "openstreetmap_id": "way/160973200"}, "geometry": {"type": "Point", "coordinates": ["9.490020275115969", "47.06084004918612"]}}, {"type": "Feature", "properties": {"identifier": "578b6f1e-e999-48f5-a833-f77fb22e5698", "name": "Anatolia - Kebap & Pizza", "url": "https://www.anatolia-imbiss.li", "image": "https://ltmpimtsoch.sos-ch-dk-2.exoscale-cdn.com/catalog/6/d/b/5/6db51fc3e0477baa9d547b5fe48cb4c0fdb7787f_anatolia_nendeln.jpeg", "openstreetmap_id": "node/9888533122"}, "geometry": {"type": "Point", "coordinates": ["9.542977809906008", "47.19826778529326"]}}, {"type": "Feature", "properties": {"identifier": "5dd69311-9096-4ef2-b29d-0fedb6319cbe", "name": "Elisas - Taste of Italian Food", "description": "<p>Sei es frische Antipasti wie beispielsweise eine Aufschnittplatte, frische Salate, &nbsp;hausgemachte gef\u00fcllte Piadina oder Focaccia&nbsp;und verschiedene&nbsp;Pinsa Romana.</p>", "url": "http://elisas-catering.li/", "image": "https://ltmpimtsoch.sos-ch-dk-2.exoscale-cdn.com/catalog/1/f/1/7/1f1788089966bb915be7ad568a0f4def63732ef2_elisas_aussen.jpeg", "openstreetmap_id": "6508876293"}, "geometry": {"type": "Point", "coordinates": ["9.52270030975342", "47.13913969738793"]}}, {"type": "Feature", "properties": {"identifier": "5e67025e-1de3-4731-8f16-24caca073056", "name": "Hotel Schatzmann", "description": "<p>Das Hotel Schatzmann in Triesen liegt nur zwei Kilometer s\u00fcdlich von Vaduz, sodass das Zentrum des Hauptorts in wenigen Minuten mit dem Auto oder \u00f6ffentlichen Verkehrsmitteln zu erreichen ist. Umgeben von einer atemberaubenden Berglandschaft bietet das famili\u00e4r gef\u00fchrte Hotel eine herzliche Atmosph\u00e4re und komfortable Unterk\u00fcnfte.</p><p>Die Standard-Zimmer im Haupthaus sind im alpenl\u00e4ndischen Stil gehalten und mit 3 Sternen klassifiziert. Besonders ruhig gelegen ist der Anbau, in dem sich moderne 4-Sterne-Zimmer und Suiten befinden. G\u00e4ste profitieren zudem vom freien Zugang zum Fitnesscenter im Nebenhaus, das mit den neuesten Ger\u00e4ten ausgestattet ist.\u00a0</p><p>Haustiere sind grunds\u00e4tzlich erlaubt. Es f\u00e4llt m\u00f6glicherweise eine entsprechende Geb\u00fchr an.</p>", "url": "https://schatzmann.li/", "image": "https://ltmpimtsoch.sos-ch-dk-2.exoscale-cdn.com/catalog/4/6/9/5/4695d1f2873d4645e7c92b18baad40a0af21ba9e_Hotel_Schatzmann_Triesen__1_.jpg", "openstreetmap_id": "272649999"}, "geometry": {"type": "Point", "coordinates": ["9.523488879203798", "47.11819772684304"]}}, {"type": "Feature", "properties": {"identifier": "610daedc-eb7e-4c3f-a1bf-f4095a563d26", "name": "Liechtensteiner Braustube", "description": "<p>Das Restaurant Braustube verw&ouml;hnt dich mit kulinarischen K&ouml;stlichkeiten, leckeren Klassikern und feinen, saisonalen Spezialit&auml;ten. Dazu leckeres Brauhaus Bier aus der hausinternen Brauerei, tolles Ambiente, Bar, Biergarten mit viel Platz f&uuml;r dich und deine Freunde.</p><p>Die Braustube eignet sich ideal f&uuml;r Veranstaltungen wie Hochzeits-Ap&eacute;ros, Geburtstage, Pr&auml;sentationen oder&nbsp;Workshops. Das Team der Braustube steht dir gerne bei der Planung deines Anlasses zur Seite und unterst&uuml;tzt dich mit kulinarischem und technischem Know-how.&nbsp;Das Restaurant bietet Platz f&uuml;r 120-150 Personen zum Feiern. Im Brausaal k&ouml;nnen Workshops und Seminare mit bis zu 100&ndash;120 Personen stattfinden.</p><p>Mit dem &laquo;<a href=\"https://tourismus.li/angebote/freizeit/erlebnispass-2/all-inclusive-erlebnispass.html\">ALL INCLUSIVE Erlebnispass</a>&raquo; erh&auml;ltst du eine CHF 4 Reduktion auf das Tasting-Board mit sechs verschiedenen Biersorten des Liechtensteiner Brauhaus.</p>", "url": "https://braustube.li/raeume/seminarraeume/", "image": "https://ltmpimtsoch.sos-ch-dk-2.exoscale-cdn.com/catalog/9/c/f/a/9cfafc0de4721a455c0d501e7579499f641397cf_DSC_8359.jpg", "openstreetmap_id": "9992406417"}, "geometry": {"type": "Point", "coordinates": ["9.516080617904665", "47.17736366491086"]}}, {"type": "Feature", "properties": {"identifier": "63875bbc-3c42-4df6-bb54-75ed47ef00c1", "name": "Harris-Hawk Erlebnis \u2013 Selbst falknern", "description": "<p>Erlebe die Faszination der Falknerei hautnah! In der Falknerei Galina in Malbun kannst du mit einem Harris-Hawk auf Tour gehen und selbst zum Falkner werden.</p><p>Nach einer Einf&uuml;hrung und mit der passenden Ausr&uuml;stung begleitest du einen professionell trainierten Harris-Hawk auf eine rund 90-min&uuml;tige Wanderung durch die malerische Bergwelt Liechtensteins. Der Harris-Hawk fliegt frei &uuml;ber dir, kehrt immer wieder auf deinen Arm zur&uuml;ck und sorgt f&uuml;r unvergessliche Momente.</p><p>Ein einzigartiges Naturerlebnis, das Abenteuer und die Kunst der Falknerei verbindet!</p><p><strong>Durchf&uuml;hrung:</strong></p><ul><li>t&auml;glich von Juni bis Oktober</li><li>eine fr&uuml;hzeitige Reservation ist erforderlich</li><li>Teilnehmeranzahl: max. 4 Personen</li></ul>", "url": "https://www.galina.li/kopie-von-harris-hawk-erlebnis", "image": "https://ltmpimtsoch.sos-ch-dk-2.exoscale-cdn.com/catalog/5/a/7/d/5a7dffd6a1298657111139f5c0a2cbd1d9a058e9_FF250710A1_240a.jpg", "openstreetmap_id": "node/6520959387"}, "geometry": {"type": "Point", "coordinates": ["9.60832178592682", "47.10225830545281"]}}, {"type": "Feature", "properties": {"identifier": "63caedff-fe9b-4f43-816b-4edcf84b1bcb", "name": "Pfarrkirche St. Nikolaus", "description": "<p>Am Fusse der mittelalterlichen Burg Gutenberg liegt die Pfarrkirche St. Nikolaus: ein herausragendes Beispiel neuromanischer Architektur. Errichtet nach den Pl&auml;nen des f&uuml;rstlichen Hofarchitekten Gustav Ritter von Neumann und vollendet im Jahr 1912, wurde der Bau massgeblich von F&uuml;rst Johann II. von Liechtenstein finanziert, der zwei Drittel der Kosten &uuml;bernahm. Zu seinem 50-j&auml;hrigen Regierungsjubil&auml;um widmete ihm die Gemeinde Balzers die Kirche als &laquo;F&uuml;rst-Johann-Jubil&auml;umskirche&raquo;.</p>", "image": "https://ltmpimtsoch.sos-ch-dk-2.exoscale-cdn.com/catalog/f/0/f/1/f0f1e1757453a794224c0e36266291522646555f__1400791.jpg", "openstreetmap_id": "way/165294627"}, "geometry": {"type": "Point", "coordinates": ["9.502208235726522", "47.06532061685992"]}}, {"type": "Feature", "properties": {"identifier": "63dbdc80-6c8f-4595-8a8e-5d8eb24a2b1b", "name": "Restaurant Mar\u00e9e", "description": "<p>Inspiriert von Natur und Saison zaubert Gault-Millau-Koch Hubertus Real mit seinem Team im Restaurant Mar\u00e9e immer wieder kulinarische K\u00f6stlichkeiten auf den Teller. Sei es ein festliches Men\u00fc oder ein stilvoller Business-Lunch. Nachmittags wird eine kleine Snackkarte angeboten.\u00a0</p><p>Die einfache Genialit\u00e4t der Speisen, der herzliche Charme und die ehrliche Gastfreundschaft machen jedes Essen im Mar\u00e9e zu einem kulinarisch unvergesslichen Erlebnis. F\u00fcr Hubertus Real liegt die Kunst darin:\u00a0\u00abDas richtige Produkt zu finden. Denn Qualit\u00e4t, Einzigartigkeit und Geschichte eines Produktes f\u00fchren zur entsprechenden Inspiration und damit zur Kreation.\u00bb\u00a0Und das kann er perfekt. Gespeist wird wahlweise im hochwertigen und zugleich gem\u00fctlichen Panoramarestaurant oder auf der einzigartigen Terrasse hoch \u00fcber Vaduz: dem Adlernest.</p><p>Ob Klassiker, wie die Kalbfleisch-Spinat Raviolini oder Rochenfl\u00fcgel in Brauner Butter mit Kapern oder aktuelle Saison-Hits, es ist f\u00fcr jeden etwas dabei. Auch vegetarische oder vegane Kulinarikfans finden etwas Feines.</p>", "url": "https://www.sonnenhof.li/", "image": "https://ltmpimtsoch.sos-ch-dk-2.exoscale-cdn.com/catalog/f/8/6/7/f867f6f870ae609a55f2559d3fb52c44881e3218_sonnenhof_restaurant_main_is.jpg", "openstreetmap_id": "node/315637069"}, "geometry": {"type": "Point", "coordinates": ["9.523376226425173", "47.147118381586665"]}}, {"type": "Feature", "properties": {"identifier": "65d4d0a9-1908-4787-9a3e-2d6a830c1878", "name": "Restaurant Heustr\u00e4ffl", "description": "<p>Der &laquo;Heustr&auml;ffl&raquo; ist ein fester Bestandteil in der Triesenberger Gastronomie und l&auml;dt zum Geniessen in entspannter Atmosph&auml;re ein. Auf der Men&uuml;&shy;karte finden sich Pizzen sowie Klassiker wie Schnitzel mit Pommes oder Cordon bleu.</p>", "url": "https://www.local.ch/de/d/triesenberg/9497/restaurant/restaurant-heustraeffl-7_AthOwczmbMNISUoJ7kNw", "image": "https://ltmpimtsoch.sos-ch-dk-2.exoscale-cdn.com/catalog/f/9/c/d/f9cd963676ac8d631263b8b53c4e11038c8e0f11_IMG_20251013_WA0005.jpg", "openstreetmap_id": "way/331281194"}, "geometry": {"type": "Point", "coordinates": ["9.54266667366028", "47.11281669604061"]}}, {"type": "Feature", "properties": {"identifier": "6756e8d7-0c13-4e21-9103-cc66d87f7400", "name": "Dux-Kapelle", "description": "<p>Die katholische Kapelle befindet sich am Duxweg in Schaan und wurde im Jahr 1716 erbaut, an einem Ort, an dem sich bereits zuvor ein kleines Gotteshaus befand. Die Kapelle mit ihren drei Alt&auml;ren ist der Muttergottes gewidmet und steht seit 1951 unter Denkmalschutz. In unmittelbarer N&auml;he wurden 1887 bei Grabarbeiten zwei r&ouml;mische Legion&auml;rshelme aus dem 1. Jahrhundert n.\u202fChr. entdeckt, die heute in den Museen von Bregenz und Z&uuml;rich aufbewahrt werden.</p>", "image": "https://ltmpimtsoch.sos-ch-dk-2.exoscale-cdn.com/catalog/f/7/4/5/f745eb9936903a543a16b7a6b3ea34058feeba52_kapelle_dux_schaan.jpeg", "openstreetmap_id": "way/318285001"}, "geometry": {"type": "Point", "coordinates": ["9.519202709198", "47.16584721232595"]}}, {"type": "Feature", "properties": {"identifier": "679feddf-a035-4548-8747-53d0fc0ecf4e", "name": "Alter Grenzstein", "description": "<p>Der Grenzstein ist ein geschichtstr&auml;chtiger Ort im S&uuml;den Liechtensteins. Rund um den Stein erz&auml;hlt man sich die bekannte Sage vom &laquo;starken J&ouml;rg&raquo;: Zwischen Balzers und Maienfeld war man sich lange nicht einig, wo die Grenze verlaufen sollte. Der kr&auml;ftige Balzner J&ouml;rg sollte deshalb den schweren Grenzstein, den ihm vier B&uuml;ndner &auml;chzend gebracht hatten, so weit wie m&ouml;glich gegen S&uuml;den tragen. Dort, wo er den Stein erstmals absetzte, wurde schliesslich die Grenze festgelegt.</p>", "image": "https://ltmpimtsoch.sos-ch-dk-2.exoscale-cdn.com/catalog/4/d/7/1/4d711759bcdefa80bf4027b63dfaf9c45890ac06_IMG_9301.JPG", "openstreetmap_id": "node/1372827973"}, "geometry": {"type": "Point", "coordinates": ["9.512062825750467", "47.056757020863294"]}}, {"type": "Feature", "properties": {"identifier": "6e9200d3-8871-4ba0-9aca-8034a1fda361", "name": "Pfarrkirche St. Laurentius", "description": "<p>Der neugotische Bau stammt vom Wiener Architekten Gustav von Neumann, der in f&uuml;rstlichen Diensten stand. Mit ihrem 81 Meter hohen Turm dominiert die Kirche die Ebene des Rheintals und ist ein weithin sichtbares Wahrzeichen. Die Natursteinfassade war zur Zeit ihrer Errichtung ein ungew&ouml;hnliches Element im Kirchenbau. Seit 2002 steht die Pfarrkirche unter Denkmalschutz.</p>", "image": "https://ltmpimtsoch.sos-ch-dk-2.exoscale-cdn.com/catalog/9/b/a/f/9bafa4adda140852b1be72c37cb7a18fa0dfd5a1_kirche_st.laurentius_schaan.jpeg", "openstreetmap_id": "way/47307298"}, "geometry": {"type": "Point", "coordinates": ["9.51195001602173", "47.166445342886526"]}}, {"type": "Feature", "properties": {"identifier": "7575db7e-72d3-4b17-9911-9e6624315299", "name": "Landhaus Boutique Motel", "description": "<p>Das Landhaus Boutique Motel bietet einen stilvoll eingerichteten R\u00fcckzugsort mit Blick auf die Berge. Dank der g\u00fcnstigen Lage sind Vaduz und Feldkirch in nur zehn Minuten erreichbar, w\u00e4hrend Restaurants und Einkaufsm\u00f6glichkeiten in unmittelbarer N\u00e4he liegen. G\u00e4sten stehen kostenfreie Parkpl\u00e4tze direkt vor dem Geb\u00e4ude zur Verf\u00fcgung, ebenso wie eine gute Anbindung an \u00f6ffentliche Verkehrsmittel. Die N\u00e4he zur Grenze von \u00d6sterreich und der Schweiz macht das Motel zu einer praktischen Wahl f\u00fcr Gesch\u00e4ftsreisende und Urlauber.</p><p>Mit der Zustimmung des Hotels sind Haustiere grunds\u00e4tzlich erlaubt. Es f\u00e4llt eine entsprechende Geb\u00fchr an.</p>", "url": "https://www.landhaus-nendeln.li/", "image": "https://ltmpimtsoch.sos-ch-dk-2.exoscale-cdn.com/catalog/7/f/f/2/7ff249a2589df9d26be313c867043ed9ca726a15_f__r_Simplebooking.jpg", "openstreetmap_id": "way/997717205"}, "geometry": {"type": "Point", "coordinates": ["9.544115066528322", "47.20032353092113"]}}, {"type": "Feature", "properties": {"identifier": "75cb85cf-5024-46d6-875f-9ee2223e695b", "name": "Mai Thai Restaurant", "description": "<p data-start=\"242\" data-end=\"503\">Ob gem\u00fctlich im stilvollen Innenbereich, entspannt im Garten oder ganz bequem als Take-away \u2013 hier geniesst du Thai-K\u00fcche, wie sie sein soll.&nbsp;</p>", "url": "http://www.maithai.li", "image": "https://ltmpimtsoch.sos-ch-dk-2.exoscale-cdn.com/catalog/8/0/2/b/802beaa300736164dec92761107a0adfe2f7fbb1_maithai_mauren.jpeg", "openstreetmap_id": "9783259744"}, "geometry": {"type": "Point", "coordinates": ["9.538391232490541", "47.216500240741745"]}}, {"type": "Feature", "properties": {"identifier": "7923deb9-bfac-45a3-a293-ce2d917b04b7", "name": "Esquire Bar & Bistro", "description": "<p>Die Bar ist ein beliebter Treffpunkt f\u00fcr Einheimische und G\u00e4ste gleichermassen. Auf der Karte stehen sorgf\u00e4ltig zubereitete Drinks und eine Auswahl an Weinen und Gerichten. Das Ambiente l\u00e4dt zum Verweilen ein \u2013 sei es f\u00fcr einen Ap\u00e9ro, ein Essen in kleiner Runde oder einen Drink nach Feierabend.</p>  ", "url": "http://www.esquirevaduz.li", "image": "https://ltmpimtsoch.sos-ch-dk-2.exoscale-cdn.com/catalog/7/b/1/2/7b12e381f4071c32cb7aabdd6be102af1b5623a3_esquire_bar_bistro_vaduz.jpeg", "openstreetmap_id": "node/12120454936"}, "geometry": {"type": "Point", "coordinates": ["9.5218484014655", "47.139101307285"]}}, {"type": "Feature", "properties": {"identifier": "7c7ce552-f48f-432b-a00c-2373ce757107", "name": "Weinlaube", "description": "<p>In der lieblichen \u00abWeinlaube\u00bb in Schellenberg werden dir kulinarische K\u00f6stlichkeiten geboten, die sich je nach Angebot der Natur und Jahreszeit richten. Es brutzelt und schmort in der heimeligen Atmosph\u00e4re der \u00abWeinlaube\u00bb. Wer hinter der Burgruine Schellenberg beim alten Fachwerkhaus ankommt, erkennt auf Anhieb, dass eine Einkehr eine himmlische Wohltat f\u00fcr Gaumen und Seele sein wird. Martin und Michael Real sind bekannt f\u00fcr eine hochstehende, saisonal ausgerichtete K\u00fcche.</p>", "url": "https://www.weinlaube.li", "image": "https://ltmpimtsoch.sos-ch-dk-2.exoscale-cdn.com/catalog/c/3/c/4/c3c40babf815d2d55edfec49bfb2bd2c87ad69b6_restaurant_weinlaube_schellenberg_liechtenstein.jpeg", "openstreetmap_id": "979383301"}, "geometry": {"type": "Point", "coordinates": ["9.555582243383181", "47.232865096774276"]}}, {"type": "Feature", "properties": {"identifier": "7c9a43b3-b64b-43bf-ada8-a5bea55e1c94", "name": "Landgasthof R\u00f6ssle", "description": "<p>Seit Generationen steht der Landgasthof R\u00f6ssle f\u00fcr echte liechtensteinische Gastfreundschaft, gutb\u00fcrgerliche K\u00fcche und eine herzliche, entspannte Atmosph\u00e4re. Der traditionsreiche Familienbetrieb verbindet kulinarische Qualit\u00e4t mit pers\u00f6nlicher Betreuung und bietet dar\u00fcber hinaus komfortable Zimmer im gem\u00fctlichen Landhausstil.</p><p>Auch Familien sind hier bestens aufgehoben: F\u00fcr Kinder gibt es einen hauseigenen Spielplatz, der viel Raum f\u00fcr Spass und Bewegung.</p>", "url": "http://www.roessle.li", "image": "https://ltmpimtsoch.sos-ch-dk-2.exoscale-cdn.com/catalog/2/6/4/9/2649799eba21ce911030872b64a212dd644b34de_2013_hotel_r__ssle_ruggell_01.jpg", "openstreetmap_id": "256767080"}, "geometry": {"type": "Point", "coordinates": ["9.524475932121279", "47.24364230016901"]}}, {"type": "Feature", "properties": {"identifier": "7d3ad8e7-2e70-4cac-bbda-4b994baf14ea", "name": "Hotel Turna Malbun", "description": "<p>Gastlich, herzlich, urig: Das traditionelle Familienhotel Turna begeistert seit mehr als 50 Jahren seine G&auml;ste. Das Hotel war stets im Besitz der Gastronomen-Familie Lampert. Durch echte Gastfreundschaft, herzhaftes Essen und eine ganz in Holz gehaltene Ausstattung f&uuml;hlen sich G&auml;ste hier &laquo;daheim&raquo;. Das Hotel ist im Herzen von Malbun direkt bei der Sesselbahn Malbun-Sareis in herrlicher Umgebung gelegen.</p><p><strong>Das Hotel Turna Verw&ouml;hnspektrum</strong>:</p><ul><li>gepflegtes Restaurant mit regionalen Spezialit&auml;ten</li><li>Sonnenterrasse mit Liegest&uuml;hlen, Tischtennis und Kinderspielger&auml;ten</li><li>Saunalandschaft mit Kneippbecken, Ruheraum und Hallenbad</li><li>Kinderspielzimmer</li></ul><p>Drei Zimmer sind behindertengerecht mit entsprechenden Toiletten und Duschen eingerichtet, auch das Restaurant, die Stockwerke, der Eingangsbereich und der Lift sind behindertengerecht.</p><p>Das Hotel Turna wurde durch hotelleriesuisse als&nbsp;Top-Familienhotel&nbsp;ausgezeichnet.</p><p>Haustiere sind gestattet. M&ouml;glicherweise fallen Geb&uuml;hren an.</p>", "url": "http://www.turna.li", "image": "https://ltmpimtsoch.sos-ch-dk-2.exoscale-cdn.com/catalog/f/8/4/a/f84a0bfad28d2f2619b78f33378d2264fbf97733_Hotel_Turna_Aussenansicht_Sommer.jpg", "openstreetmap_id": "210655048"}, "geometry": {"type": "Point", "coordinates": ["9.610846472941427", "47.101095642321575"]}}, {"type": "Feature", "properties": {"identifier": "7d3df5f5-eae7-4818-b3a4-32e74c452efd", "name": "Restaurant Kuro", "description": "<p>Das Restaurant Kuro ist ein Fast-Casual-Restaurant-Konzept, das sich auf asiatische und hawaiianische Gerichte spezialisiert. Mit aktuell zwei Standorten in Buchs (Schweiz) und Schaan bietet das Restaurant Kuro unter anderem folgende Speisen an:</p><ul><li><strong>Pok\u00e9 Bowls</strong>,\u00a0also ein hawaiianisches Gericht, welches die Wurzeln in der japanischen K\u00fcche hat und soviel wie \u00abdiagonal in St\u00fcckchen schneiden\u00bb bedeutet und meist mit rohem Fisch, Reis und Gem\u00fcse serviert wird</li><li><strong>Thai Gerichte</strong>\u00a0wie z.B. verschiedene Currys und thail\u00e4ndische Gerichte beispielsweise mit H\u00e4hnchen, Ente oder auch vegan / vegetarisch</li><li><strong>Frisches Sushi</strong>\u00a0wie z.B. Maki Rolls, California Rolls, Nigiri, bis hin zu Special Rolls</li><li><strong>Snacks</strong>\u00a0wie Gyoza, Fr\u00fchlingsrollen, Tempura Crevetten &amp; Edamame</li></ul>", "url": "https://www.kuro-restaurant.ch/", "image": "https://ltmpimtsoch.sos-ch-dk-2.exoscale-cdn.com/catalog/7/8/f/3/78f32f91e466e89f4af8ac26c1ced575a6da6eae_Kuro.jpeg", "openstreetmap_id": "995386798"}, "geometry": {"type": "Point", "coordinates": ["9.50914978981018", "47.16819228064153"]}}, {"type": "Feature", "properties": {"identifier": "811c1588-7044-478f-9b26-025db849a3f3", "name": "Haus Gutenberg", "description": "<p>Das G\u00e4ste-, Bildungs- und Seminarhaus liegt auf dem&nbsp;<span style=\"text-align: center;\">\u00ab</span>guten Berg<span style=\"text-align: center;\">\u00bb</span>&nbsp;in Balzers. Unterhalb der Burg Gutenberg erbaut, ist es ein Ort, der Kraft ausstrahlt und Menschen zur Ruhe kommen l\u00e4sst. Inmitten der Weinberge, in einzigartiger Umgebung \u00fcbernachten G\u00e4ste in einem der hellen und freundlichen Zimmer. Ausserdem stehen die modernen, hellen Seminarr\u00e4ume f\u00fcr Meetings oder Seminare zur Verf\u00fcgung.<br> Eine Zimmerbuchung ist unabh\u00e4ngig von einer Seminarbuchung m\u00f6glich.</p>  ", "url": "https://www.haus-gutenberg.li/tagungsort/seminarraeume.html", "image": "https://ltmpimtsoch.sos-ch-dk-2.exoscale-cdn.com/catalog/3/0/f/9/30f98f1a5893afb2e1b26dfece11a3bda953f24b_20150614_0030_resized.jpg", "openstreetmap_id": "165294616"}, "geometry": {"type": "Point", "coordinates": ["9.499145150184633", "47.06369819508099"]}}, {"type": "Feature", "properties": {"identifier": "8197dc40-65cc-4abb-b7b9-ed817080f14c", "name": "Grand Casino Hotel Liechtenstein", "description": "<p>G\u00e4ste erwarten zehn stilvolle Doppelzimmer und eine ger\u00e4umige Suite mit beeindruckendem Blick auf die liechtensteinische und Schweizer Bergwelt. Das reichhaltige Fr\u00fchst\u00fcck sorgt f\u00fcr einen gelungenen Start in den Tag, w\u00e4hrend das hauseigene Restaurant Alpspitz kulinarische Highlights am Abend bietet. Dank der direkten Anbindung an die Schweizer Rheintal-Autobahn A13 und den kostenfreien Parkpl\u00e4tzen ist eine bequeme Anreise garantiert. F\u00fcr besondere Genussmomente l\u00e4dt die Rooftop Bar im 4. Stock mit edlen Getr\u00e4nken und traumhafter Aussicht ein.</p>", "url": "https://gchotel.li/", "image": "https://ltmpimtsoch.sos-ch-dk-2.exoscale-cdn.com/catalog/5/c/0/b/5c0b3b489c3afec55348ced9c4e68c733e812f5c_Grand_Casino_Hotel__3_.jpeg", "openstreetmap_id": "984924363"}, "geometry": {"type": "Point", "coordinates": ["9.502597517743133", "47.205194495342994"]}}, {"type": "Feature", "properties": {"identifier": "81b832d3-744d-4f32-abfe-e4b0f61c4c5b", "name": "Bergst\u00fcbli", "description": "<p>Das Restaurant Bergst\u00fcbli in Steg begr\u00fcsst seine G\u00e4ste auf rund 1200 m \u00fc. M. inmitten einer idyllischen Berglandschaft. Das kleine, urige Restaurant ist der ideale Ort, um nach einer Wanderung oder einem Ausflug in der Natur einzukehren und regionale Spezialit\u00e4ten zu geniessen. Besonders beliebt sind\u00a0die traditionellen K\u00e4skn\u00f6pfle mit Apfelmus.</p>", "url": "https://www.bergstuebli.li/", "image": "https://ltmpimtsoch.sos-ch-dk-2.exoscale-cdn.com/catalog/4/2/7/2/427275e307c0585b6df7e1ae7d1d77dbf4463529_restaurant_bergstuebli_steg_liechtenstein.jpeg", "openstreetmap_id": "450505713"}, "geometry": {"type": "Point", "coordinates": ["9.576666662241148", "47.11273963596935"]}}, {"type": "Feature", "properties": {"identifier": "81e840fb-3c95-43d9-b9e6-596776b6105a", "name": "Sigis Veloshop", "url": "https://www.sigis-veloshop-balzers.li/", "image": "https://ltmpimtsoch.sos-ch-dk-2.exoscale-cdn.com/catalog/8/5/a/e/85ae7728db8e553e04e716877750bb70c9c3f420_image00025.jpeg", "openstreetmap_id": "node/1395171725"}, "geometry": {"type": "Point", "coordinates": ["9.511992931365969", "47.078228156774465"]}}, {"type": "Feature", "properties": {"identifier": "838ede80-db46-4fde-ac3b-1416149c747a", "name": "Skino", "description": "<p>Das Skino Schaan ist ein innovatives Programmkino, das aktuelle Filme \u2013 oft in Originalversion \u2013 in gem\u00fctlicher Atmosph\u00e4re zeigt. Gemeinsam mit dem Literaturhaus Liechtenstein und der Buchhandlung OMNI ist es ein lebendiger Treffpunkt f\u00fcr Film- und Kulturbegeisterte in der Region.</p><p>Programm: <a data-ft=\"{&quot;tn&quot;:&quot;-U&quot;}\" data-lynx-mode=\"asynclazy\" data-lynx-uri=\"https://l.facebook.com/l.php?u=http%3A%2F%2Fwww.skino.li%2F%3Ffbclid%3DIwAR0kchbB15DdinJHizzAlZ8D6TTnrZrwTvHYhsE7-vNK8Ty8o5357jFdntE&amp;h=AT3nyO0J0jOOZhq61jhZpDZBNaGcFekfaKyekp6HRoRGrLuHd8MY8ryriycpEQ81vw388nMjcIn1B6JqLvRaf4oyfIdVBukrR47bCJeeZrECRhy4sEUmXM7B-PqJhQfUzOhPCg\" href=\"https://www.skino.li/?page=1\" rel=\"noopener nofollow\" target=\"_blank\">www.skino.li</a><br></p>", "url": "https://www.skino.li/?page=5&eid=132", "image": "https://ltmpimtsoch.sos-ch-dk-2.exoscale-cdn.com/catalog/7/0/9/b/709bd7e8bc931ba3e5fccd6de44e8060a0a72c8c_Skino_Aussenansicht.jpg", "openstreetmap_id": "998424256"}, "geometry": {"type": "Point", "coordinates": ["9.508413", "47.165832"]}}, {"type": "Feature", "properties": {"identifier": "84f7a125-1058-41b2-8b95-00219f83026c", "name": "Liechtenstein Center", "description": "<p>Das Liechtenstein Center in Vaduz ist die zentrale Anlaufstelle f&uuml;r G&auml;ste des F&uuml;rstentums. Sieben Tage die Woche stehen unsere Fachpersonen mit Informationen und Tipps zur Verf&uuml;gung. Neben kostenlosen Brosch&uuml;ren und Karten gibt es eine grosse Auswahl an regionalen Produkten, Spezialit&auml;ten, Souvenirs, Postkarten und Briefmarken.</p><p>Besonders beliebt ist der <a href=\"https://tourismus.li/map/poi/souvenir-stempel-b516c756-2c39-448c-9fa1-bfbfc6cb1c24.html\">Souvenir-Stempel</a>, mit dem man seinen Pass f&uuml;r CHF 3 / EUR 3.30 (kostenlos f&uuml;r alle mit dem &laquo;<a href=\"https://tourismus.li/angebote/freizeit/erlebnispass-2/all-inclusive-erlebnispass.html\">ALL INCLUSIVE Erlebnispass</a>&raquo;) verzieren lassen kann. Zudem sind verschiedene Geschenkk&ouml;rbe erh&auml;ltlich, die auf Wunsch auch individuell gestaltet werden. Bezahlen kannst du mit Schweizer Franken, Euro oder Karte.</p><p>Das Liechtenstein Center bietet ausserdem von Fr&uuml;hling bis Herbst die M&ouml;glichkeit, E-Bikes sowie ein spezielles Fahrrad f&uuml;r Menschen mit beschr&auml;nkter Mobilit&auml;t zu mieten. Damit l&auml;sst sich die Umgebung auf zwei R&auml;dern bequem erkunden.</p><p>Die Lokalit&auml;t kann auch f&uuml;r Veranstaltungen wie Empf&auml;nge, Referate und Pr&auml;sentationen gemietet werden.</p>", "url": "https://www.liechtenstein-marketing.li/", "image": "https://ltmpimtsoch.sos-ch-dk-2.exoscale-cdn.com/catalog/b/c/a/6/bca652f2a59a8dc7795c61cd025cc08e951d9b6c_2021_11_16_Liechtenstein_Center_0005__2_.JPG", "openstreetmap_id": "way/243055691"}, "geometry": {"type": "Point", "coordinates": ["9.522662753277771", "47.13846827655561"]}}, {"type": "Feature", "properties": {"identifier": "87ff2765-c36d-4484-b216-00cb0fa47e2f", "name": "Restaurant Adler", "description": "<p>&laquo;K&uuml;che und Heimat&raquo; ist das Motto des Restaurants Adler in Vaduz. Regionale K&uuml;che ist kein Trend, sie ist die ewige Konstante in der Esskultur. Nat&uuml;rlich hat sich die K&uuml;che der Alpen den neuen Einfl&uuml;ssen angepasst und die Kochtechniken weiterentwickelt und modernisiert. Das Team des Restaurants Adler geht den Weg der modernen Tradition und spezialisiert sich auf Kreationen aus regionalen Produkten.</p><p>Drei Innenr&auml;ume sowie eine sch&ouml;ne Terrasse bieten eine Sitzplatzkapazit&auml;t f&uuml;r rund 140 Personen.</p>", "url": "http://www.adler.li", "image": "https://ltmpimtsoch.sos-ch-dk-2.exoscale-cdn.com/catalog/7/e/2/4/7e246a851dd5cfb874e1292e6524cdf51c26bd1b_IMG_8405.jpeg", "openstreetmap_id": "4338190789"}, "geometry": {"type": "Point", "coordinates": ["9.52095453445974", "47.14129652268152"]}}, {"type": "Feature", "properties": {"identifier": "8fb7e6cf-99b5-4ffb-b600-9e4c66398e1f", "name": "Schloss Vaduz", "description": "<p><strong>Besichtigung: </strong>Das Schloss ist der Wohnsitz der F&uuml;rstenfamilie und kann nicht besichtigt werden.</p><p><strong>Anreise</strong>: Das Schloss erreichst du vom St&auml;dtle Vaduz in rund 20 Gehminuten. Beim Schloss stehen keine Parkpl&auml;tze zur Verf&uuml;gung und es f&auml;hrt kein Bus bis zum Schloss. Der Fussweg f&uuml;hrt bergauf und bietet sch&ouml;ne Ausblicke auf Vaduz und das Rheintal.</p><p><strong>Geschichte</strong>:</p><p>Die Urspr&uuml;nge des Schlosses liegen vermutlich im 12. Jahrhundert. Der Bergfried wurde wahrscheinlich als eine der ersten Bauten errichtet und sp&auml;ter durch einen Wohnturm erg&auml;nzt. Dieser Wohnturm kann auf das Jahr 1287 datiert werden. Erstmals erw&auml;hnt wird es 1322.</p><p>In den Besitz des Hauses Liechtenstein kam es 1712 und diente unter dem Namen Hohenliechtenstein der Landvogtei als Sitz mit Dienstwohnungen im Westtrakt bis 1732. Danach verfiel es zunehmend, und erst von 1905 bis 1912 wurde es einer gr&uuml;ndlichen Renovation unterzogen und wiederhergestellt.</p><p>F&uuml;rst Franz Josef II. liess es dann ausbauen und bewohnbar machen. 1939 zog er mit seiner Familie ein und nahm st&auml;ndigen Wohnsitz.</p><p><strong>Tipps:</strong></p><ul><li>Im Alten Kino Vaduz erh&auml;ltst du im Film &laquo;<a href=\"https://tourismus.li/map/poi/furstliche-momente-6f775d5c-4adc-4d55-be09-c7d60f3fa714.html\">F&uuml;rstliche Momente</a>&raquo; einen exklusiven Einblick in das Innere des Schlosses und in das Leben hinter den Schlossmauern.</li><li>Erkunde das Schloss in <a href=\"https://schloss-vaduz-erleben.li/\" target=\"_blank\" rel=\"noopener noreferrer\">3D und in Augmented Reality</a> &uuml;ber den Webbrowser.</li></ul>", "image": "https://ltmpimtsoch.sos-ch-dk-2.exoscale-cdn.com/catalog/2/4/0/d/240d3024783a305fb56787037bd404e4a2bdf312_2025_08_25_LM_Schloss_Vaduz_Sommer_0495.jpg", "openstreetmap_id": "way/651764121"}, "geometry": {"type": "Point", "coordinates": ["9.524542", "47.139495"]}}, {"type": "Feature", "properties": {"identifier": "902d3a52-da0f-492a-a74e-fadddf0ac2fe", "name": "Alp Val\u00fcna", "description": "<p class=\"isSelectedEnd\">Die Alp mit Sennereibetrieb ist w&auml;hrend der Sommersaison bewirtschaftet. Vor Ort werden frische Milchprodukte wie Alpk&auml;se, Mutschli, Sauerk&auml;se, Butter und Joghurt hergestellt und angeboten. Die Spezialit&auml;ten k&ouml;nnen direkt auf der Alp genossen oder mit nach Hause genommen werden.</p><p class=\"isSelectedEnd\">Im Innen- und Aussenbereich der Alp l&auml;sst es sich herrlich verweilen. Nebst verschiedenen Getr&auml;nken werden Zvieripl&auml;ttli, K&auml;se und weitere regionale Produkte angeboten.</p><p class=\"isSelectedEnd\">Auf der Alp leben Mutterk&uuml;he, Rinder, K&auml;lber, Esel und Schweine.</p><p>Parkpl&auml;tze sind beim G&auml;nglesee vorhanden.</p>", "url": "https://www.alpkaeseproduzenten.ch/unsere-alpen/valuena/", "image": "https://ltmpimtsoch.sos-ch-dk-2.exoscale-cdn.com/catalog/5/0/0/d/500d1f05169c5f2bff7d311b66e369c5eb53397b_IMG_9952.jpeg", "openstreetmap_id": "way/298855541"}, "geometry": {"type": "Point", "coordinates": ["9.58787798881531", "47.08494656552271"]}}, {"type": "Feature", "properties": {"identifier": "913bebc4-8c72-4af4-99bf-c5877bb59fb7", "name": "B\u00e4ckerei Amann", "description": "<p class=\"isSelectedEnd\">Die B&auml;ckerei Konditorei Amann l&auml;dt nicht nur zum Mitnehmen, sondern auch zum Verweilen ein. Im gem&uuml;tlichen Innenbereich und auf den Sitzpl&auml;tzen im Aussenbereich kannst du t&auml;glich frische Backwaren, feine Konditoreispezialit&auml;ten und warme Mittagsgerichte direkt vor Ort geniessen.</p><p class=\"isSelectedEnd\">Ob zum Fr&uuml;hst&uuml;ck, f&uuml;r eine Kaffeepause oder zum Mittagessen: Die entspannte Atmosph&auml;re ist ideal f&uuml;r einen kurzen Zwischenstopp beim Stadtbummel oder eine genussvolle Pause in Vaduz. Die Bestellung erfolgt in Selbstbedienung an der Theke, anschliessend kannst du deine Auswahl bequem am gew&uuml;nschten Platz geniessen.</p><p>Mit dem&nbsp;<span style=\"text-align: center;\">&laquo;</span><a href=\"https://tourismus.li/angebote/freizeit/erlebnispass-2/all-inclusive-erlebnispass.html\">ALL INCLUSIVE Erlebnispass</a><span style=\"text-align: center;\">&raquo; erh&auml;ltst du hier 20% Rabatt auf einen einmaligen Einkauf.</span></p>", "url": "http://www.amann-ag.li", "image": "https://ltmpimtsoch.sos-ch-dk-2.exoscale-cdn.com/catalog/1/c/8/9/1c89cba738478360c14e67fd218b0c107844fc14_Amann3.jpg", "openstreetmap_id": "4581547546"}, "geometry": {"type": "Point", "coordinates": ["9.521402120590212", "47.1387091037243"]}}, {"type": "Feature", "properties": {"identifier": "92a8bcb6-8b87-4c23-84f6-3f21d147169b", "name": "K\u00fcefer-Martis-Huus", "description": "<p>Das Geb\u00e4ude stammt aus dem 18. Jahrhundert und ist eines der seltenen Beispiele f\u00fcr repr\u00e4sentative Barock-Bauernh\u00e4user in unserer Region. Der Museumsteil befindet sich im renovierten und denkmalgesch\u00fctzten Wohnhaus. Die R\u00e4ume im Obergeschoss und Dachgeschoss sind in erster Linie f\u00fcr Ausstellungen zu unterschiedlichen regionalen Themen reserviert. Die Wohnstube mit Kachelofen, die alte Schlafkammer und die K\u00fcche mit dem alten Holzherd geben einen Eindruck von den urspr\u00fcnglich typischen Wohnverh\u00e4ltnissen in der Region.</p><p>Das moderne \u00abKulturtenn\u00bb, das anstelle des direkt ans Wohnhaus angebauten ehemaligen Stalls neu errichtet wurde, steht f\u00fcr kulturelle Aktivit\u00e4ten unterschiedlichster Art zur Verf\u00fcgung: Hier finden Ausstellungen regionaler K\u00fcnstler und K\u00fcnstlerinnen, Lesungen, Vortr\u00e4ge, Diskussionen, aber auch Treffen der \u00f6rtlichen Senioren und Seniorinnen oder Veranstaltungen regionaler Vereine statt.</p>", "url": "https://www.kuefermartishuus.li/", "image": "https://ltmpimtsoch.sos-ch-dk-2.exoscale-cdn.com/catalog/2/e/f/d/2efd48776a9bf62a45d44abdfe50873ae343839c_kuefer_martis_huus_ruggell_kulturzentrum.jpeg", "openstreetmap_id": "way/977564470"}, "geometry": {"type": "Point", "coordinates": ["9.5250294", "47.243411"]}}, {"type": "Feature", "properties": {"identifier": "92ad0473-93e8-444b-9b13-a61925b2c5fe", "name": "b_smart hotel Bendern", "description": "<p>Nur f\u00fcnf Autominuten von der Schweizer Autobahn A13 entfernt, liegt das Hotel inmitten des Industrie- und Wirtschaftsstandortes F\u00fcrstentum Liechtenstein. Einchecken kann man rund um die Uhr und ohne Zeitverlust am Check-in Terminal. Neben den 57 topmodernen Zimmern bietet das b_smart hotel auch einen exklusiven Fitness- und Wellnessbereich. Egal ob f\u00fcr Businessreisende oder f\u00fcr Urlauber, ob f\u00fcr kurze oder l\u00e4ngere Aufenthalte - im b_smart hotel im F\u00fcrstentum Liechtenstein zu \u00fcbernachten lohnt sich.</p><p>Mit der Zustimmung des Hotels sind Haustiere grunds\u00e4tzlich erlaubt. Es f\u00e4llt eine entsprechende Geb\u00fchr an.</p>", "url": "https://www.b-smarts.net/bendern/meeting-events", "image": "https://ltmpimtsoch.sos-ch-dk-2.exoscale-cdn.com/catalog/1/2/d/c/12dc3547ceb2dcddfe1960a5706e031ae214d90f__C__Hannes_Niederkofler_HQ_1658.jpg", "openstreetmap_id": "984924361"}, "geometry": {"type": "Point", "coordinates": ["9.502149225729234", "47.20525821699224"]}}, {"type": "Feature", "properties": {"identifier": "92c80282-ba14-43af-80c2-f27f131c47e9", "name": "Restaurant Weinstube", "description": "<p>Die saisonal gepr\u00e4gte Speisekarte bietet regionale und internationale Gerichte sowie traditionelle Fonduespezialit\u00e4ten.</p><p>In der Weinstube wird grossen Wert auf einen verantwortungsbewussten Einkauf von lokalen Produkten gelegt.</p><p>Erlesene Weine aus dem reichhaltigen, hauseigenen Angebot machen das Abendessen in der Weinstube zum perfekten Genuss.</p>", "url": "http://www.weinstube.li", "image": "https://ltmpimtsoch.sos-ch-dk-2.exoscale-cdn.com/catalog/a/e/3/a/ae3a44bc2b82eaa7056c214e524638a0fb3e6086_170422_Webseite_Weinstube_Vinothek_Schaechle_341.jpg", "openstreetmap_id": "node/4132104566"}, "geometry": {"type": "Point", "coordinates": ["9.543852210044863", "47.19984966323448"]}}, {"type": "Feature", "properties": {"identifier": "95c0f1ee-5261-443e-a020-138bd7c51f88", "name": "Restaurant Kainer", "description": "Schon der Blick von der Sonnenterrasse ist ein echtes Highlight. Doch das Restaurant in Triesenberg hat noch viel mehr zu bieten als nur ein grandioses Panorama. Seit \u00fcber 20 Jahren kommen Stammg\u00e4ste vor allem wegen der ausgezeichneten K\u00fcche. Mit Herz und Charme werden hier feinste K\u00f6stlichkeiten aus der Region serviert.", "url": "http://www.kainer.li", "image": "https://ltmpimtsoch.sos-ch-dk-2.exoscale-cdn.com/catalog/7/9/5/6/7956bf76af58dc285e8e97283e0445cb1a1b55c2_restaurant_kainer_triesenberg.jpeg", "openstreetmap_id": "298497572"}, "geometry": {"type": "Point", "coordinates": ["9.543476700782778", "47.11730334552838"]}}, {"type": "Feature", "properties": {"identifier": "98eec534-c288-4833-8310-d5ad93b2b17a", "name": "Red Mango", "description": "<p>Im Red Mango erwartet G&auml;ste eine authentische kulinarische Reise nach Thailand. Die Gerichte werden frisch zubereitet und basieren auf traditionellen Rezepten, insbesondere aus dem s&uuml;dlichen Teil des Landes. Typisch f&uuml;r die K&uuml;che sind frische Kr&auml;uter und Gew&uuml;rze wie Thai-Basilikum, Limettenbl&auml;tter, Galgant, Chili, Minze oder Thai-Curry, die dem Essen seine charakteristische Tiefe und Ausgewogenheit verleihen.&nbsp;Die Speisen sind leicht, gesund und aromatisch, serviert mit Reis oder Nudeln. Wer die Vielfalt der thail&auml;ndischen K&uuml;che in hoher Qualit&auml;t erleben m&ouml;chte, ist im Red Mango bestens aufgehoben.</p>", "url": "https://www.redmango.li/", "image": "https://ltmpimtsoch.sos-ch-dk-2.exoscale-cdn.com/catalog/6/3/6/d/636dbf4d536b48ba284848977d7f75dc75fd664b_red_mango_thai_restaurant_triesen.jpeg", "openstreetmap_id": "way/284115651"}, "geometry": {"type": "Point", "coordinates": ["9.52420771121979", "47.11721572539516"]}}, {"type": "Feature", "properties": {"identifier": "9cad17df-842d-405e-a0f5-1bece86ebaae", "name": "Pfarrkirche St. Peter und Paul", "description": "<p>Die Pfarrkirche St. Peter und Paul in Mauren geh&ouml;rt zur katholischen Pfarrei der Gemeinde und wurde zwischen 1842 und 1843 nach Pl&auml;nen von Laurenz Vogel errichtet. Der klassizistische Bau steht an einem geschichtstr&auml;chtigen Ort: Bereits zwischen 1290 und 1298 wurde hier eine Kirche erstmals erw&auml;hnt. Ausgrabungen in den Jahren 1986 bis 1988 brachten Fundamente &auml;lterer Vorg&auml;ngerbauten ans Licht und lieferten Hinweise auf eine r&ouml;mische Besiedlung des Platzes.</p>", "image": "https://ltmpimtsoch.sos-ch-dk-2.exoscale-cdn.com/catalog/1/7/7/5/17755c4beb346fc10886bac824ce43cdf375227b_kirche_mauren.jpeg", "openstreetmap_id": "way/982211607"}, "geometry": {"type": "Point", "coordinates": ["9.54367518424988", "47.2202166428854"]}}, {"type": "Feature", "properties": {"identifier": "9cd474fc-6735-4b12-b18b-fbdd4c3d9811", "name": "Russendenkmal", "description": "<p data-start=\"527\" data-end=\"863\">Das Russendenkmal befindet sich unterhalb der Wirtschaft zum L&ouml;wen in Hinterschellenberg. In der Nacht vom 2. auf den 3. Mai 1945 &uuml;berschritten die asylsuchenden Reste der &laquo;1. Russischen Nationalarmee der Deutschen Wehrmacht&raquo; unter Generalmajor A. Holmston-Smyslowsky mit rund 500 Personen die damalige Reichsgrenze nach Liechtenstein.</p><p data-start=\"865\" data-end=\"1231\">In der &laquo;Wirtschaft zum L&ouml;wen&raquo; fanden die ersten Verhandlungen statt, die zur Asylgew&auml;hrung durch das F&uuml;rstentum Liechtenstein f&uuml;hrten. Der Gedenkstein erinnert an dieses Ereignis. Er h&auml;lt fest, dass sich Liechtenstein den sowjetischen Auslieferungsforderungen widersetzte und den Fl&uuml;chtlingen nach zweieinhalb Jahren die Ausreise in ein Land ihrer Wahl erm&ouml;glichte.</p>", "image": "https://ltmpimtsoch.sos-ch-dk-2.exoscale-cdn.com/catalog/3/8/c/2/38c2e6563f147e66b661541017ff7407213c5574_Image.jpg", "openstreetmap_id": "node/5752404321"}, "geometry": {"type": "Point", "coordinates": ["9.560846686363222", "47.24166077234459"]}}, {"type": "Feature", "properties": {"identifier": "9da37fe2-cc99-4898-9baf-5c2c08f459b7", "name": "Artis Bistro", "description": "<p>Im Bistro werden t\u00e4glich Zmorga, Zn\u00fcni, Zmittag und Zvieri angeboten. Ein regelm\u00e4ssig wechselndes Wochenmen\u00fc wird erg\u00e4nzt von feinen Kuchen, Kaffees und Getr\u00e4nken.</p>", "url": "http://www.artisbistro.li", "image": "https://ltmpimtsoch.sos-ch-dk-2.exoscale-cdn.com/catalog/3/b/e/a/3beaacab4a6d4e179d92b2d4533d888de7807bea_artis_bistro_vaduz.jpeg", "openstreetmap_id": "way/364548705"}, "geometry": {"type": "Point", "coordinates": ["9.521310925483705", "47.12407084486464"]}}, {"type": "Feature", "properties": {"identifier": "9f77f579-7fd0-499a-809d-838e4907450b", "name": "Kapelle St. Josef", "description": "<p>Die Kapelle St. Josef liegt auf 490 Metern im ruhigen Ortsteil Ebaholz in Vaduz. Der Bau wurde 1930 nach Pl&auml;nen des Churer Architekten Johann Baptist Willi begonnen und ein Jahr sp&auml;ter geweiht. Es handelt sich um eine einschiffige Kirche mit einem flach abschliessenden, eingeschn&uuml;rten Chor.</p>", "image": "https://ltmpimtsoch.sos-ch-dk-2.exoscale-cdn.com/catalog/d/1/f/8/d1f8e692a942964b697719bbbcc831609f671771_kapelle_vaduz.jpeg", "openstreetmap_id": "way/351913193"}, "geometry": {"type": "Point", "coordinates": ["9.513843655586244", "47.150461293594645"]}}, {"type": "Feature", "properties": {"identifier": "a02d4aca-44f9-4c6e-8156-55907b63813b", "name": "MIZU", "description": "<p>Mitten in Vaduz verbindet das Restaurant MIZU die Aromen Asiens mit westlicher Kochkunst. In modernem Ambiente geniessen G\u00e4ste eine kreative Fusion-K\u00fcche, die Tradition und Innovation geschmackvoll vereint.</p>", "url": "http://www.mizu.li", "image": "https://ltmpimtsoch.sos-ch-dk-2.exoscale-cdn.com/catalog/6/e/1/2/6e129de61fb3becaa180b58f2ff25851b96b630e_restaurant_mizu_vaduz.jpeg", "openstreetmap_id": "3685648630"}, "geometry": {"type": "Point", "coordinates": ["9.522732496261598", "47.13966883491731"]}}, {"type": "Feature", "properties": {"identifier": "a0723029-d65b-4471-8a98-c9b6bbc46935", "name": "Schlucher-Treff mit Mini-Cars & Trampolin", "description": "<p>Der Schlucher-Treff in Malbun freut sich im Sommer insbesondere auf die kleinen G&auml;ste. Die Mini-Cart-Bahn, welche mit leisen, umweltfreundlichen Elektrofahrzeugen auftrumpft, l&auml;sst keine W&uuml;nsche offen. F&uuml;r Kinder von f&uuml;nf bis zw&ouml;lf Jahren stehen ein Traktor, ein Formel-1-Wagen, ein Polizei-Motorrad und ein richtiger amerikanischer Truck zur Abfahrt bereit.&nbsp;</p><p>Im Sommer gibt es im Schlucher-Treff noch weitere Attraktionen zu entdecken. Ein grosses Trampolin sorgt draussen f&uuml;r Vergn&uuml;gen und steht zur freien Nutzung direkt neben der Mini-Cart-Bahn. Drinnen warten zudem verschiedene Spielk&auml;sten wie Tischfussball und Airhockey auf engagierte Spieler.&nbsp;</p><p>Das Restaurant l&auml;dt zum Verweilen und Geniessen verschiedenster Gerichte ein.</p><p>Mit dem&nbsp;&laquo;<a href=\"https://tourismus.li/angebote/freizeit/erlebnispass-2/all-inclusive-erlebnispass.html\">ALL INCLUSIVE Erlebnispass</a>&raquo; geniessen Kinder eine Gratis-Runde mit dem Mini-Car.</p>", "url": "https://www.instagram.com/schluchertreff/", "image": "https://ltmpimtsoch.sos-ch-dk-2.exoscale-cdn.com/catalog/9/a/f/e/9afe8d10ae2b09a6276e9b7430f37b2ed9326a0f_FF250710A1_018a.jpg", "openstreetmap_id": "node/4379445754"}, "geometry": {"type": "Point", "coordinates": ["9.60782825946808", "47.10356485058046"]}}, {"type": "Feature", "properties": {"identifier": "a1347d21-1ec5-4a18-9428-e9ffc62af263", "name": "Landgasthof R\u00f6ssle", "description": "<p>Im Landgasthof R\u00f6ssle kommen die G\u00e4ste in der Gaststube, im l\u00e4ndlich Stil gehaltenen Saal sowie auf der grossen Terrasse zum unbeschwerten und unvergessenen Genuss.</p><p>Auf der Speisekarte stehen Klassiker wie Cordon Bleu und Schnitzel sowie die Liechtensteiner Spezialit\u00e4t\u00a0\u00abK\u00e4skn\u00f6pfle\u00bb.</p>", "url": "http://www.roessle.li", "image": "https://ltmpimtsoch.sos-ch-dk-2.exoscale-cdn.com/catalog/2/7/d/7/27d7da76fee8b94b36ae4c6a229bf74fe4dee4fc_landgasthof_roessle_ruggell.jpeg", "openstreetmap_id": "256767080"}, "geometry": {"type": "Point", "coordinates": ["9.524376688287342", "47.24365852898617"]}}, {"type": "Feature", "properties": {"identifier": "a29fc317-974d-4c9f-bff8-11f3b1736c16", "name": "Gasthaus zum Engel", "description": "<p>Das Gasthaus zum Engel in Balzers ist eine gem\u00fctliche Dorfbeiz, die Jung und Alt zusammenbringt. In den denkmalgesch\u00fctzten R\u00e4umlichkeiten herrscht eine gesellige Atmosph\u00e4re, ideal zum Verweilen und Austauschen. Neben einer grossen Auswahl an Getr\u00e4nken gibt es auch eine kleine Speisekarte mit Klassikern wie Pommes Frites, Hamburgern und Pizzen.</p>", "url": "https://www.engelbalzers.li/de/", "image": "https://ltmpimtsoch.sos-ch-dk-2.exoscale-cdn.com/catalog/a/4/4/f/a44fc75d5a39533ff4b912d0a651a4ca8f156cd9_gasthaus_zum_engel_balzers.jpeg", "openstreetmap_id": "way/1056869040"}, "geometry": {"type": "Point", "coordinates": ["9.506832361221315", "47.068382632813424"]}}, {"type": "Feature", "properties": {"identifier": "a2d4421d-c724-4c71-a243-03de3037c1f5", "name": "Gaflei Stuba", "description": "<p>Die Gaflei Stuba auf 1483 m \u00fc. M. ist ein kulinarischer R\u00fcckzugsort mit beeindruckender Aussicht auf Liechtenstein, das Rheintal und die umliegende Bergwelt. Als Teil des Clinicum Alpinum bietet sie eine regionale und saisonale K\u00fcche auf h\u00f6chstem Niveau. Auf der Terrasse kannst du bei Kaffee und Kuchen oder einem Ap\u00e9ro den Blick in die Weite schweifen lassen. Die Speisekarte wird laufend an die Jahreszeiten angepasst, um die besten lokalen Zutaten in den Mittelpunkt zu stellen.</p>", "url": "https://gaflei-stuba.li/", "image": "https://ltmpimtsoch.sos-ch-dk-2.exoscale-cdn.com/catalog/a/7/a/9/a7a94d0745f232d3b46de9068401d3255bb4cdd6_restaurant_gaflei_stuba_liechtenstein.jpeg", "openstreetmap_id": "6498132784"}, "geometry": {"type": "Point", "coordinates": ["9.54417407512665", "47.14289053623251"]}}, {"type": "Feature", "properties": {"identifier": "a31093ca-7c65-4bba-ae5a-f931e70719c0", "name": "Ristorante Pizzeria Eintracht", "description": "<p>Das Ristorante Pizzeria Eintracht in Eschen serviert authentische italienische K&uuml;che. Das Angebot umfasst klassische Pizzen, hausgemachte Pasta und weitere Spezialit&auml;ten aus Italien. G&auml;ste geniessen die Gerichte im gem&uuml;tlichen Restaurant oder auf der Terrasse.</p>", "url": "https://restaurant-eintracht-eschen.li/", "image": "https://ltmpimtsoch.sos-ch-dk-2.exoscale-cdn.com/catalog/e/3/4/1/e341e57cabc258558e22a087b7c5fd71007dfbd5_ristorante_pizzeria_eintracht_eschen.jpeg", "openstreetmap_id": "relation/13221596"}, "geometry": {"type": "Point", "coordinates": ["9.52156876736639", "47.20928516803892"]}}, {"type": "Feature", "properties": {"identifier": "a3793777-3ca9-4c90-ac4d-f38c50aca71b", "name": "Restaurant Engel", "description": "<p>Im Restaurant Engel erwartet dich eine vielf\u00e4ltige Auswahl an regionalen und asiatischen Gerichten \u2013 ganzt\u00e4gig serviert, f\u00fcr den grossen wie den kleinen Hunger. Hausgemachte Klassiker wie Apfelstrudel, Kaiserschmarren und verschiedene Coupes runden das kulinarische Angebot ab. Dazu gibt es eine feine Auswahl an heimischen Weinen, Bieren, Softdrinks und Kaffeespezialit\u00e4ten.</p><p>F\u00fcr alle, die es eilig haben, bietet der Take-Away-Service die ideale L\u00f6sung. S\u00e4mtliche Speisen, Getr\u00e4nke und Snacks \u2013 von Sandwiches bis zum Men\u00fc \u2013 k\u00f6nnen vorab reserviert und bequem mitgenommen werden. </p><p>Mit 130 Innenpl\u00e4tzen, einer gem\u00fctlichen Stube f\u00fcr ca. 20 Personen und 80 Sitzpl\u00e4tzen auf der Sonnenterrasse unterhalb von Schloss Vaduz ist das Engel auch bestens geeignet f\u00fcr Familienfeiern, Betriebsanl\u00e4sse oder Versammlungen aller Art.</p>", "url": "https://www.restaurant-engel.li/", "image": "https://ltmpimtsoch.sos-ch-dk-2.exoscale-cdn.com/catalog/d/f/d/9/dfd92c823c02e0a32fe3a6ab895ee3eb9a123e0e_restaurant_engel_vaduz.jpeg", "openstreetmap_id": "315636971"}, "geometry": {"type": "Point", "coordinates": ["9.52258603525656", "47.140759776660154"]}}, {"type": "Feature", "properties": {"identifier": "a741b918-db57-4b10-9bb3-9b0c65421ba6", "name": "Red Mango Thai Takeaway", "description": "<p>Das Essen ist einzigartig und konzentriert sich auf authentische thail\u00e4ndische Aromen, die zum gr\u00f6ssten Teil aus der s\u00fcdlichen Region Thailands stammen. Diese K\u00fcche ist leicht, gesund und ausgeglichen. Zu den Hauptgerichten gibt es Reis oder Nudeln.<br></p>", "url": "https://www.redmango.li/vaduz2/", "image": "https://ltmpimtsoch.sos-ch-dk-2.exoscale-cdn.com/catalog/e/f/c/b/efcb54c5fe4b616492d250f5eb718ba11a959be5_redmango_vaduz.jpeg", "openstreetmap_id": "way/514732573"}, "geometry": {"type": "Point", "coordinates": ["9.520490169525146", "47.14121593721147"]}}, {"type": "Feature", "properties": {"identifier": "a8e7a75c-45f8-4b27-b62c-97fdde5b813e", "name": "Kneipp-Anlage", "image": "https://ltmpimtsoch.sos-ch-dk-2.exoscale-cdn.com/catalog/d/8/6/d/d86df086e2d6029ae901ab7d2d8577cef524a6e7_kneippanlage_malbun.jpeg", "openstreetmap_id": "node/10106607390"}, "geometry": {"type": "Point", "coordinates": ["9.609893560409548", "47.101081766833104"]}}, {"type": "Feature", "properties": {"identifier": "a95c3dd3-11d4-4fdc-a105-9d188070422e", "name": "Caf\u00e9 Etagere", "description": "<p>Bei den Milchgetr\u00e4nken hat der Gast die Wahl zwischen Voll-, Soja-, Mager- sowie lactosefreier Milch. Dazu gibt es ofenfrische Br\u00f6tchen, Croissants und eine gesunden Ecke. Als Imbiss hat das Caf\u00e9 eine Auswahl an t\u00e4glich frischen kalten und warmen Sandwiches sowie Salaten und im Winter Suppen. S\u00fcsses sowie Antipasti zum Bier oder C\u00fcpli runden das Angebot ab.</p>", "url": "https://www.greber-ag.li/Genusswelt", "image": "https://ltmpimtsoch.sos-ch-dk-2.exoscale-cdn.com/catalog/8/c/9/2/8c92a9fe8c28bcb89c7419ba0242d4e6241eb893_IMG_3363.jpeg", "openstreetmap_id": "node/6508913012"}, "geometry": {"type": "Point", "coordinates": ["9.520576000213625", "47.14165378715341"]}}, {"type": "Feature", "properties": {"identifier": "ad7a5d8a-84c9-4d6b-8a3d-e2b74c223580", "name": "SCANAUA", "description": "<p>Im SCANAUA in Schaan erlebst du kreative Gerichte und eine vielf\u00e4ltige Getr\u00e4nkeauswahl in entspannter Atmosph\u00e4re. Perfekt f\u00fcr Mittagessen, Dinner oder Feierabenddrinks.</p><p>Auch f\u00fcr romantische Hochzeiten oder gesellige Feiern \u2013 die Lokalit\u00e4t bietet den idealen Rahmen f\u00fcr unvergessliche Anl\u00e4sse. G\u00e4ste k\u00f6nnen sich auf individuell abgestimmte Men\u00fcs freuen, die saisonale K\u00f6stlichkeiten und kreative \u00dcberraschungen beinhalten. Die Kombination aus heimischer K\u00fcche, perfektem Ambiente und pers\u00f6nlichem Service macht jedes Event zu einem besonderen Erlebnis. Eine fr\u00fchzeitige Anmeldung wird empfohlen.</p>", "url": "https://scanaua.li/", "image": "https://ltmpimtsoch.sos-ch-dk-2.exoscale-cdn.com/catalog/9/4/f/0/94f0fc6b884421c796750fd717bde542efd9b2a4_restaurant_scanaua_schaan.jpeg", "openstreetmap_id": "7892467130"}, "geometry": {"type": "Point", "coordinates": ["9.508801102638245", "47.16561379318065"]}}, {"type": "Feature", "properties": {"identifier": "ad94e368-fae3-4699-b44c-df2152be0ebb", "name": "Vaduz on Ice", "description": "<p>W&auml;hrend zwei Monaten (Anfang November - Anfang Januar) kann man auf dem Rathausplatz in Vaduz auf dem Eisfeld seine Runden drehen oder an den Verpflegungsst&auml;nden leckere Getr&auml;nke und Snacks konsumieren und dem Geschehen auf dem Platz zusehen.&nbsp;Ausserdem findet eine Vielzahl an tollen Events f&uuml;r Gross und Klein statt. <a href=\"https://www.vaduz-on-ice.li/events/\">Hier</a> findest du eine &Uuml;bersicht &uuml;ber alle Veranstaltungen.</p><p>Mit dem &laquo;<a href=\"https://tourismus.li/angebote/freizeit/erlebnispass-2/all-inclusive-erlebnispass.html\">ALL INCLUSIVE Erlebnispass</a>&raquo; geniesst du freien Eintritt zum Schlittschuhlaufen auf dem Eisplatz.</p>", "url": "https://www.vaduz-on-ice.li/", "image": "https://ltmpimtsoch.sos-ch-dk-2.exoscale-cdn.com/catalog/2/5/7/3/2573b08e9be87de02a9706b38bafd18e74da93b2__AMD0003.jpg", "openstreetmap_id": "way/297699608"}, "geometry": {"type": "Point", "coordinates": ["9.522142410278322", "47.140555483154884"]}}, {"type": "Feature", "properties": {"identifier": "b15dc365-27cf-4666-8c6a-51a2a10c0d01", "name": "Hotel kommod", "description": "<p>Herzlich willkommen im Naherholungsgebiet Ruggell.\u00a0Ob Businessgast oder Urlauber \u2013 das moderne Self-Check-in-Hotel kommod empf\u00e4ngt seine G\u00e4ste in ruhiger Lage in Ruggell, 1.5 km von der Autobahn A13 entfernt.</p><p>Die geschmackvoll und modern eingerichteten Zimmer mit kostenfreiem WLAN verf\u00fcgen \u00fcber schallisolierte, raumhohe Fenster, die ge\u00f6ffnet werden k\u00f6nnen, einen Flachbild-TV, einen Safe sowie ein Bad mit einer Regendusche und einem beleuchteten Schminkspiegel.</p><p>Mit seinen verschiedenen R\u00e4umlichkeiten ist das kommod auch eine ideale Location\u00a0f\u00fcr erfolgreiche Tagungen, Seminare und Veranstaltungen.\u00a0G\u00e4sten stehen zudem kostenlose Leihfahrr\u00e4der zur Verf\u00fcgung \u2013 ideal, um die Umgebung aktiv und flexibel zu erkunden.</p><p>Das <a href=\"https://tourismus.dev.cms.tso.ch/map/poi/restaurant-tenn-be5d2d19-ab2f-4570-886c-9a8d1a4201b7.html\" rel=\"noopener noreferrer\" target=\"_blank\">Restaurant\u00a0\u00abtenn\u00bb</a>, das sich im Hotel befindet, serviert regionale und internationale K\u00fcche. Die hauseigene Bar mit einer Snackkarte, kostenlose Parkpl\u00e4tze in der \u00fcberdachten Garage sowie mehrere Tagungs- und Businesseinrichtungen im Hotel runden das Angebot ab.</p><p>Der Check-in ist rund um die Uhr \u00fcber einen Check-in-Automaten direkt im Hoteleingang selbstst\u00e4ndig m\u00f6glich.</p><p>Mit der Zustimmung des Hotels sind Haustiere grunds\u00e4tzlich erlaubt. Es f\u00e4llt eine entsprechende Geb\u00fchr pro Nacht an.</p>", "url": "https://www.kommod.li/de/seminare-events/seminarraum-anfrage/", "image": "https://ltmpimtsoch.sos-ch-dk-2.exoscale-cdn.com/catalog/9/5/c/5/95c5ca613578ef66ba8908849de083465209386c_Kommod_Hotelzimmer_4.jpg", "openstreetmap_id": "9169393281"}, "geometry": {"type": "Point", "coordinates": ["9.528279304504396", "47.24859854702802"]}}, {"type": "Feature", "properties": {"identifier": "b1841deb-d9e5-4522-bef3-35902d33cf46", "name": "Alpen-Minigolf Malbun", "description": "<p>Insgesamt 18 Bahnen mit verschiedenen Schwierigkeitsstufen f&uuml;hren vom Ortseingang Malbun durch das ganze Dorf. Geschick, Geduld und Zielstrebigkeit sind gefordert, wenn es heisst, der kleine Ball muss ins kleine Loch. Zum Absolvieren des Minigolf-Parcours werden etwa 1.5 Stunden berechnet. Schl&auml;ger und B&auml;lle k&ouml;nnen beim Malbun Center bezogen werden. Gespielt werden kann jeweils von Mitte Juni bis Ende Oktober.</p><p>Die Minigolf-Stationen sind von Mitte Juni bis Ende Oktober aufgestellt.</p><p>Mit dem &laquo;<a href=\"https://tourismus.li/angebote/freizeit/erlebnispass-2/all-inclusive-erlebnispass.html\">ALL INCLUSIVE Erlebnispass</a>&raquo; spielst du eine Runde Minigolf gratis.</p>", "image": "https://ltmpimtsoch.sos-ch-dk-2.exoscale-cdn.com/catalog/6/3/f/b/63fb70bcb22b3219b55e4db7683078a404ee60f3_240719_freizeit_malbun_familie_sommer_003__64_.jpg", "openstreetmap_id": "node/1869027437"}, "geometry": {"type": "Point", "coordinates": ["9.607951641082764", "47.10324652065617"]}}, {"type": "Feature", "properties": {"identifier": "b516c756-2c39-448c-9fa1-bfbfc6cb1c24", "name": "Souvenir-Stempel", "description": "<p>Verleihe deinem Reisepass eine besondere Erinnerung an deinen Aufenthalt im F&uuml;rstentum Liechtenstein. Der beliebte Souvenir-Stempel ist ein einzigartiges Andenken und erfreut sich bei G&auml;sten aus aller Welt grosser Beliebtheit.</p><p>Den Souvenir-Stempel erh&auml;ltst du im Liechtenstein Center in Vaduz sowie im Malbun Center. Mit dem &laquo;<a href=\"https://tourismus.li/angebote/freizeit/erlebnispass-2/all-inclusive-erlebnispass.html\">ALL INCLUSIVE Erlebnispass</a>&raquo; erh&auml;ltst du den Stempel kostenlos.</p><p><strong>Info: </strong>Der Souvenir-Stempel ist ein offiziell angebotenes touristisches Andenken. Er wird auf einer daf&uuml;r vorgesehenen Visaseite angebracht, ist von den liechtensteinischen Beh&ouml;rden genehmigt und macht deinen Reisepass nicht ung&uuml;ltig.</p>", "image": "https://ltmpimtsoch.sos-ch-dk-2.exoscale-cdn.com/catalog/5/e/3/3/5e3344e484f4f5ba215d12192f028d1c568807d5_souvenir_stempel_pass_liechtenstein.jpg"}}, {"type": "Feature", "properties": {"identifier": "b565cbc7-5277-4ce3-926a-732cea198610", "name": "Restaurant Turna", "description": "<p>Hier steht der Chef pers&ouml;nlich in der K&uuml;che und kreiert spitzengastronomische Gerichte aus gesunden, regionalen Zutaten.</p><p data-start=\"226\" data-end=\"481\" data-is-last-node=\"\" data-is-only-node=\"\">K&ouml;stliche heimische Spezialit&auml;ten und verlockende internationale Kreationen kommen frisch auf den Tisch und machen jedes Essen zu einem Genussmoment. Dazu ein gutes Glas Wein und ein wunderbares Ambiente &ndash; perfekt f&uuml;r alle, die mit Leidenschaft geniessen.</p>", "url": "http://www.turna.li", "image": "https://ltmpimtsoch.sos-ch-dk-2.exoscale-cdn.com/catalog/a/e/e/a/aeead679efb1dfe27fdb5930b17c91691e4a01e1_Hotel_Turna_Aussenansicht_Sommer.jpg", "openstreetmap_id": "210655048"}, "geometry": {"type": "Point", "coordinates": ["9.610810875892641", "47.10108906089811"]}}, {"type": "Feature", "properties": {"identifier": "b8e004c0-01e8-48b8-815d-096e484fc65b", "name": "Chapter Two", "description": "<p class=\"MsoNormal\"><span lang=\"DE-LI\" style=\"mso-ansi-language: DE-LI;\">K&uuml;chenchef Martin Weber und sein Team interpretieren Liechtensteins kulinarisches Erbe neu &ndash; mutig, modern und mit Hingabe. Klassiker werden dekonstruiert, heimische Zutaten &uuml;berraschend kombiniert. Jedes Gericht wird so zu einer Geschichte, die im Ged&auml;chtnis bleibt.</span></p><p class=\"MsoNormal\"><span lang=\"DE-LI\" style=\"mso-ansi-language: DE-LI;\">Martin Weber steht f&uuml;r eine K&uuml;che, in der Leidenschaft auf Pr&auml;zision trifft. Ausgebildet im Restaurant Brunnenst&ouml;cki, verfeinerte er sein K&ouml;nnen in renommierten H&auml;usern wie dem Steirereck Wien, Schloss M&ouml;nchstein und D&ouml;llerer. Neun Jahre lang pr&auml;gte er das Incantare in Heiden mit zwei Michelin-Sternen. Nun bringt er seine Handschrift ins Chapter Two &ndash; regional verwurzelt, international inspiriert.</span></p>", "url": "https://www.chaptertwo.li/", "image": "https://ltmpimtsoch.sos-ch-dk-2.exoscale-cdn.com/catalog/c/6/2/a/c62ac9e80d821c745f65124db8049b8d7ce0a676_chapter_two_vaduz_restaurant.jpeg", "openstreetmap_id": "315636967"}, "geometry": {"type": "Point", "coordinates": ["9.522763425765161", "47.139994495358565"]}}, {"type": "Feature", "properties": {"identifier": "b9897c7a-a0ee-4705-a3d1-13cead08af37", "name": "Pizzeria Ristorante Rossano", "description": "<p>Von knuspriger Pizza &uuml;ber hausgemachte Pasta bis hin zu zarten Schnitzeln und weiteren Spezialit&auml;ten aus der K&uuml;che: Hier ist f&uuml;r jeden Geschmack etwas dabei.</p>", "url": "https://www.rossano-liechtenstein.li", "image": "https://ltmpimtsoch.sos-ch-dk-2.exoscale-cdn.com/catalog/5/9/9/4/59942357462ef720a336a40d1fb12db9a752f887_pizzeria_ristorante_rossano_schaan_liechtenstein.jpeg", "openstreetmap_id": "/node/599660052"}, "geometry": {"type": "Point", "coordinates": ["9.511982202529909", "47.1747346122634"]}}, {"type": "Feature", "properties": {"identifier": "b9a6a19b-366c-4fc6-9a0a-d92e5fe3cbe8", "name": "Gsund & munter", "description": "<p>Es werden haupts&auml;chlich regionale und saisonale Zutaten verwendet - f&uuml;r maximale Frische und Geschmack. Die Gerichte sind von der traditionellen K&uuml;che inspiriert, um Gesundheit und Genuss zu vereinen.&nbsp;</p><p>In einem gem&uuml;tlichen Ambiente kannst du das Essen auch vor Ort im modern eingerichteten Gastraum zu dir nehmen.&nbsp;</p>", "url": "https://www.gsundundmunter.li/", "image": "https://ltmpimtsoch.sos-ch-dk-2.exoscale-cdn.com/catalog/1/b/0/b/1b0bd4dd4729a15f8272af856ba2b222dfc111b3_Theke.jpg", "openstreetmap_id": "/way/240820602"}}, {"type": "Feature", "properties": {"identifier": "ba2d6e80-de33-4be5-a541-100f886a3388", "name": "Hotel Falknerei Galina", "description": "<p>Das Hotel liegt im idyllischen Bergdorf Malbun, dem einzigen Skigebiet im F\u00fcrstentum Liechtenstein, auf 1600 m \u00fc. M. Nach einer erholsamen Nacht werden die G\u00e4ste mit einem reichhaltigen Fr\u00fchst\u00fccksbuffet verw\u00f6hnt.</p><p>Im Winter geht\u2019s vom Skiraum aus direkt auf die Piste oder in 2-3 Minuten Fussweg auf den Eisplatz oder zum Schlitteln. Die Schneesportschule, das Ski-Kinderparadies <a href=\"https://tourismus.dev.cms.tso.ch/map/poi/malbi-park-d51eea1f-6bd6-45f3-8891-00ca606586a1.html\" rel=\"noopener noreferrer\" target=\"_blank\">malbi-park</a> oder das Sportgesch\u00e4ft <a href=\"https://tourismus.dev.cms.tso.ch/map/poi/malbun-sport-9c757e6b-ea49-4a77-ae7f-c3cfd2f9f8cc.html\" rel=\"noopener noreferrer\" target=\"_blank\">Malbun Sport</a> sind ebenfalls nur wenige Gehminuten entfernt. Parken k\u00f6nnen G\u00e4ste kostenlos, direkt vor dem Hotel.</p><p>Von Juni bis Anfang Oktober bietet das Galina mit seiner Falknerei eine spektakul\u00e4re Greifvogel-Show sowie privat gef\u00fchrte, weltweit einzigartige Adler- und Harris-Hawk-Erlebnisse\u00a0an. Hierbei erlebst du die faszinierende Welt von Steinadler, Falke, Uhu &amp; Co. hautnah.</p><p>Mit der Zustimmung des Hotels sind Haustiere grunds\u00e4tzlich erlaubt. Es f\u00e4llt eine entsprechende Geb\u00fchr an.</p>", "url": "https://www.galina.li", "image": "https://ltmpimtsoch.sos-ch-dk-2.exoscale-cdn.com/catalog/a/a/e/a/aaea7019f042fd4cb66344550ed726e4a811db77_galina_2026_01_02_0088.jpg", "openstreetmap_id": "way/210655136"}, "geometry": {"type": "Point", "coordinates": ["9.608223873582316", "47.10226223726954"]}}, {"type": "Feature", "properties": {"identifier": "ba3c1da5-fb4f-45e1-bf02-9c0fd3656f4a", "name": "Restaurant JUFA Hotel", "description": "<p>Im <span data-start=\"28\" data-end=\"58\" style=\"\">Restaurant des JUFA Hotels</span> in <span data-start=\"62\" data-end=\"72\" style=\"\">Malbun</span> erwarten dich <span data-start=\"87\" data-end=\"117\" style=\"\">hausgemachte Spezialit\u00e4ten</span> und <span data-start=\"122\" data-end=\"149\" style=\"\">internationale Gerichte</span> \u2013 frisch zubereitet mit Zutaten von <span data-start=\"186\" data-end=\"212\" style=\"\">regionalen Lieferanten</span>. Besonders beliebt sind die <span data-start=\"241\" data-end=\"263\" style=\"\">Malbuner Bratwurst</span> und die <span data-start=\"272\" data-end=\"296\" style=\"\">selbstgemachte Pinsa</span>. Erg\u00e4nzt wird das kulinarische Angebot durch eine <span data-start=\"385\" data-end=\"412\" style=\"\">feine Auswahl an Weinen</span>, die das Essen perfekt abrunden \u2013 ideal f\u00fcr einen genussvollen Aufenthalt in den Bergen.</p>", "url": "https://www.jufahotels.com/hotel/malbun/", "image": "https://ltmpimtsoch.sos-ch-dk-2.exoscale-cdn.com/catalog/8/7/5/9/8759a5ab7efc6fee799230c78f187078c7adea4d_restaurant_jufa_hotel_malbun.jpeg", "openstreetmap_id": "298855537"}, "geometry": {"type": "Point", "coordinates": ["9.604893922805788", "47.104908652000546"]}}, {"type": "Feature", "properties": {"identifier": "baa21388-3412-478c-a149-52e090836a90", "name": "Simply Thai", "description": "<p>G&auml;ste geniessen hier authentische Spezialit&auml;ten mit frischen, intensiven Aromen. Alle Gerichte sind auch zum Mitnehmen erh&auml;ltlich.</p>", "url": "https://simplythai.li/", "image": "https://ltmpimtsoch.sos-ch-dk-2.exoscale-cdn.com/catalog/3/d/5/2/3d52a04e1db2bb848501c5ec38a632b58febd312_simply_thai_schaan_liechtenstein.jpeg", "openstreetmap_id": "node/13679019487"}, "geometry": {"type": "Point", "coordinates": ["9.509380459785463", "47.15773532452102"]}}, {"type": "Feature", "properties": {"identifier": "bafcdd1c-afe6-4138-8609-053b0e548151", "name": "Dorfbeck D\u00f6rig", "image": "https://ltmpimtsoch.sos-ch-dk-2.exoscale-cdn.com/catalog/c/5/8/a/c58a0a82d763ff7a9c697494febab5ae93dd6d6d_dorfbeck_doerig_vaduz.jpeg", "openstreetmap_id": "way/515889125"}, "geometry": {"type": "Point", "coordinates": ["9.522748589515688", "47.14219017079915"]}}, {"type": "Feature", "properties": {"identifier": "bc230825-9fcc-4dd7-b5da-a3309af47a38", "name": "Liechtensteinisches SchlossCaf\u00e9", "description": "<p data-start=\"427\" data-end=\"644\">Bei sch&ouml;nem Wetter l&auml;dt das Gartencaf&eacute; zum Verweilen ein. F&uuml;r Familien bietet das Caf&eacute; eine Kinderoase, in der sich die kleinen G&auml;ste spielerisch austoben k&ouml;nnen.</p><p data-start=\"646\" data-end=\"847\">Ein besonderes Highlight ist der beliebte WaffelSonntag: Jeweils am 1. und 2. Sonntag im Monat werden von 10:00 bis 17:00 Uhr frisch gebackene Waffeln serviert.</p><p data-start=\"849\" data-end=\"1023\">Das SchlossCaf&eacute; ist auch ohne Eintritt ins Liechtensteinische LandesMuseum zug&auml;nglich und eignet sich perfekt f&uuml;r eine Pause beim Besuch der Vaduzer Museums- und Kulturmeile.</p>", "url": "https://www.landesmuseum.li/de/landesmuseum-besuch-schlosscafe#", "image": "https://ltmpimtsoch.sos-ch-dk-2.exoscale-cdn.com/catalog/8/f/0/4/8f04d6526dbf7f205806567a79707f52caf2bb6f_Liechtensteinisches_LandesMuseum_Vaduz.jpeg", "openstreetmap_id": "way/243055643"}, "geometry": {"type": "Point", "coordinates": ["9.522668123245241", "47.13818057952994"]}}, {"type": "Feature", "properties": {"identifier": "bcc0a710-f1e4-4e32-bff6-d583177a8f9d", "name": "Restaurant V\u00f6geli", "description": "<p>Der Chef pers\u00f6nlich garantiert die hohe Qualit\u00e4t der K\u00f6stlichkeiten aus K\u00fcche und Keller.</p><p>Bei sch\u00f6nem Wetter bist du eingeladen, dich auf der grossz\u00fcgig konzipierten Sonnenterrasse mit Aussenbar kulinarisch verw\u00f6hnen zu lassen und das einzigartige Bergpanorama auf dich wirken zu lassen.<br></p>", "url": "https://www.alpenhotel.li/das-alpenhotel/philosophie", "image": "https://ltmpimtsoch.sos-ch-dk-2.exoscale-cdn.com/catalog/4/e/3/f/4e3f38b77d349dc110da520ee801f743d69228f1_Alpenhotel_Malbun_001.jpg", "openstreetmap_id": "210655065"}, "geometry": {"type": "Point", "coordinates": ["9.608010649681093", "47.10271022188679"]}}, {"type": "Feature", "properties": {"identifier": "be5d2d19-ab2f-4570-886c-9a8d1a4201b7", "name": "Restaurant tenn", "description": "<p>Im Restaurant tenn verschmelzen regionale Produkte mit feiner Weltk\u00fcche zu einem echten Genusserlebnis. Eine exquisite Weinauswahl, kreative Drinks und ein modernes, gem\u00fctliches Ambiente schaffen den perfekten Rahmen f\u00fcr genussvolle Momente. Der aufmerksame Service rundet das Erlebnis ab.</p><p>Ob mit Freunden und Familie, Kollegen oder Businesspartnern \u2013 das tenn ist der ideale Ort zum Geniessen und Feiern. Hochwertige Qualit\u00e4tsprodukte von ausgew\u00e4hlten regionalen Partnern bilden die Grundlage des Gourmetkonzepts, das den Gaumen verw\u00f6hnt.</p><p></p><p>Das Team unterst\u00fctzt dich auch gerne bei der Planung und Organisation deines Events.</p>", "url": "http://www.tenn.li/", "image": "https://ltmpimtsoch.sos-ch-dk-2.exoscale-cdn.com/catalog/f/b/5/f/fb5f1ff35f1b368b458fa511425191bfa0dd6669_restaurant_tenn_ruggell_liechtenstein.jpeg", "openstreetmap_id": "1057150519"}, "geometry": {"type": "Point", "coordinates": ["9.528002812505227", "47.24872928337317"]}}, {"type": "Feature", "properties": {"identifier": "c0028185-293a-4ec4-9382-cac19a221bff", "name": "Restaurant Forum", "description": "<p>Auf der Speisekarte stehen Klassiker wie Schnitzel, Cordon Bleu und Kalbsgeschnetzeltes mit R\u00f6sti. Zum Dessert werden verschiedene Coupes und andere s\u00fcsse Leckereien angeboten.</p>", "url": "https://www.facebook.com/RestaurantForumSchaan/", "image": "https://ltmpimtsoch.sos-ch-dk-2.exoscale-cdn.com/catalog/5/a/8/e/5a8edf58ec3aae621749457e3e7585c5a9729230_restaurant_forum_schaan.jpeg", "openstreetmap_id": "120583011"}, "geometry": {"type": "Point", "coordinates": ["9.507063031196596", "47.15710424723084"]}}, {"type": "Feature", "properties": {"identifier": "c2e73a58-01d8-44ea-913c-15acdedf5cdd", "name": "Giessen Hotel & Coffeehouse", "description": "<p>Das Giessen Hotel &amp; Coffeehouse in Vaduz bietet alles f\u00fcr einen komfortablen Aufenthalt in Liechtenstein. Das Drei-Sterne-Haus \u00fcberzeugt mit einer gem\u00fctlichen Atmosph\u00e4re, stilvollen Zimmern, einem servierten Fr\u00fchst\u00fcck als \u201eBuffet-\u00e0-la-carte\u201c\u00a0und kostenlosem WLAN im gesamten Geb\u00e4ude. Dank des 24/7 Self-Check-in-Systems reisen G\u00e4ste jederzeit flexibel an.</p><p>Radfahrer und Outdoor-Fans profitieren von einer Fahrradgarage und E-Bike-Ladestationen, w\u00e4hrend das Stadtzentrum von Vaduz in nur 10 Gehminuten erreichbar ist.</p><p>Hunde sind auf Anmeldung willkommen (CHF 20/Nacht/Hund).</p>", "url": "https://giessen.li/meeting/", "image": "https://ltmpimtsoch.sos-ch-dk-2.exoscale-cdn.com/catalog/e/6/a/f/e6af0c44fd9f32d6892b1e6bb2fcaf072d5c93c8_ff_003.jpg", "openstreetmap_id": "node/929809055"}, "geometry": {"type": "Point", "coordinates": ["9.520313143730165", "47.132932401429855"]}}, {"type": "Feature", "properties": {"identifier": "c4ae1148-1366-4a86-88e0-80fd3af5f611", "name": "Malbipark-Bistro", "description": "<p data-start=\"0\" data-end=\"89\">Das Bistro verw&ouml;hnt dich mit aromatischem Kaffee, einer feinen Auswahl an Bieren, Wein, Prosecco und Ap&eacute;ro-Getr&auml;nken &ndash; dazu gibt es eine kleine, aber feine Speisekarte.</p><p data-start=\"0\" data-end=\"89\">&Uuml;ber die Sommermonate bleibt das Bistro geschlossen.</p>", "url": "https://www.malbipark.li/", "image": "https://ltmpimtsoch.sos-ch-dk-2.exoscale-cdn.com/catalog/0/f/7/c/0f7cd672aba9aa4a221cc44ec212ce88d06fecb7_malbi_bistro_malbun_liechtenstein.jpeg", "openstreetmap_id": "way/210655127"}, "geometry": {"type": "Point", "coordinates": ["9.606635392301314", "47.10254191798611"]}}, {"type": "Feature", "properties": {"identifier": "c60545ec-1e01-4daa-8491-1acb038c3b4f", "name": "TANG Restaurant", "description": "<p>Das TANG Restaurant in Ruggell l\u00e4dt zu einer kulinarischen Reise durch die traditionelle chinesische K\u00fcche ein. Die Gerichte werden mit frischen, saisonalen Gem\u00fcsesorten und hochwertigen Fleischprodukten aus der Region kombiniert, um ein harmonisches Geschmackserlebnis zu schaffen. In einem einladenden Ambiente wird grosser Wert auf Gastfreundschaft gelegt, w\u00e4hrend sorgf\u00e4ltig zubereitete Spezialit\u00e4ten serviert werden.</p>", "url": "http://www.tang-restaurant.com", "image": "https://ltmpimtsoch.sos-ch-dk-2.exoscale-cdn.com/catalog/c/7/0/d/c70dc4daade7f4f26e0a3aa951f78506bd0adad1_tang_restaurant_ruggell.jpeg", "openstreetmap_id": "977570463"}, "geometry": {"type": "Point", "coordinates": ["9.526909452743533", "47.24214621365317"]}}, {"type": "Feature", "properties": {"identifier": "c6d7f847-84a6-4e91-938e-29110a50795d", "name": "CAFE im Kunstmuseum", "description": "<p>Das Restaurant befindet sich im international bekannten Kunstmuseum Liechtenstein in Vaduz. Die G\u00e4ste sch\u00e4tzen die feinen Sushi, Sashimi und Reissalat-Lunches, die t\u00e4glich von japanischen Meistern geboten werden.<br></p>", "url": "https://www.adler.li/cafe-im-kunstmuseum", "image": "https://ltmpimtsoch.sos-ch-dk-2.exoscale-cdn.com/catalog/2/8/7/b/287b57fba6c424de262cba32e225f315b0a62341_cafe_im_kunstmuseum_vaduz.jpeg", "openstreetmap_id": "node/6508895111"}, "geometry": {"type": "Point", "coordinates": ["9.522378444671633", "47.13942801259835"]}}, {"type": "Feature", "properties": {"identifier": "c7f80e31-fcc9-4d15-bfa7-05f12ac25796", "name": "Restaurant zur alten Eiche", "description": "<p>Geniess die abwechslungsreichen Men&uuml;s aus der modernen und kreativen K&uuml;che und lass dich von den vielf&auml;ltigen Aromen begeistern.</p><p>Die Weinauswahl umfasst erlesene Tropfen aus Liechtenstein, der Schweiz, &Ouml;sterreich, Italien, Frankreich und Spanien. Zu jedem Gericht findet sich der passende Wein.</p>", "url": "http://www.alteeiche.li", "image": "https://ltmpimtsoch.sos-ch-dk-2.exoscale-cdn.com/catalog/f/1/a/1/f1a110efef92e0887f5c0cef651adb5f16745b54_restaurant_zur_alten_eiche_triesen.jpeg", "openstreetmap_id": "way/166817626"}, "geometry": {"type": "Point", "coordinates": ["9.527246967842684", "47.08632999496385"]}}, {"type": "Feature", "properties": {"identifier": "c823ab25-081d-41b8-9ee2-d21bab9508b7", "name": "PUR Restaurant & Bar", "description": "<p>Das PUR ist der ideale Ort f\u00fcr genussvolle Momente.</p><p>Zur Mittagszeit erwartet dich ein abwechslungsreiches Angebot unter dem Motto k\u00f6stlich \u2013 frisch \u2013 schnell: Von wechselnden Wochenkarten \u00fcber kreative Burger-Variationen bis hin zu asiatischen und traditionellen Men\u00fcs.</p><p>Am Abend steht PUR f\u00fcr h\u00f6chste Qualit\u00e4t. Ob saftige Steaks vom Grill, raffinierte Burger, feine Pasta oder vegetarische Gerichte \u2013 hier kommt nur das Beste auf den Teller.</p><p>In den warmen Monaten l\u00e4dt die gem\u00fctliche Terrasse dazu ein, den Abend entspannt unter freiem Himmel ausklingen zu lassen.</p>", "url": "https://www.pur.li", "image": "https://ltmpimtsoch.sos-ch-dk-2.exoscale-cdn.com/catalog/1/f/2/d/1f2de1448e29d27f37dd3fcf510f1b6553e17c36_pur_restaurant_bar_schaan.jpeg", "openstreetmap_id": "1057895190"}, "geometry": {"type": "Point", "coordinates": ["9.510045647621157", "47.166645912157264"]}}, {"type": "Feature", "properties": {"identifier": "c90131cf-dad5-401b-83af-8123f6680103", "name": "Gasthof L\u00f6wen", "description": "<p>Wer in Vaduz auf der Suche nach einem besonderen Genusserlebnis ist, wird im Gasthof L\u00f6wen f\u00fcndig. Das geschichtstr\u00e4chtige Haus hat \u00fcber die Jahrhunderte unz\u00e4hlige G\u00e4ste empfangen und l\u00e4dt heute mit seiner warmen, gem\u00fctlichen Atmosph\u00e4re zum Verweilen ein. Ob regionale Spezialit\u00e4ten oder feine Klassiker \u2013 hier geniesst du Qualit\u00e4t in einem einzigartigen Ambiente.</p>", "url": "http://www.hotel-loewen.li", "image": "https://ltmpimtsoch.sos-ch-dk-2.exoscale-cdn.com/catalog/e/9/4/c/e94c9514707b8c42995df4daf7fd68c3b75a4a6e_gasthof_loewen_vaduz.jpeg", "openstreetmap_id": "336434357"}, "geometry": {"type": "Point", "coordinates": ["9.518811106681826", "47.14267178732114"]}}, {"type": "Feature", "properties": {"identifier": "cba68c76-0091-4c84-8882-199018d49e89", "name": "Pizzeria Restaurant Gitzih\u00f6ll", "description": "<p>Das <span data-start=\"29\" data-end=\"62\">Restaurant Gitzih&ouml;ll</span> in <span data-start=\"66\" data-end=\"76\">Malbun</span> f&auml;llt durch seine <span data-start=\"95\" data-end=\"110\">H&ouml;hlenoptik</span> auf und sorgt f&uuml;r eine <span data-start=\"134\" data-end=\"181\">gem&uuml;tliche Atmosph&auml;re</span>. Auf der Speisekarte stehen unter anderem&nbsp;<span data-start=\"210\" data-end=\"229\">Pizzas, Pasta und Schnitzel.</span></p><p><span data-start=\"210\" data-end=\"229\">Das Restaurant bietet w&auml;hrend den &Ouml;ffnungszeiten auch Take-Away an.</span></p>", "url": "http://www.gitzihoell.li", "image": "https://ltmpimtsoch.sos-ch-dk-2.exoscale-cdn.com/catalog/4/d/b/3/4db33b84e76987fd46055f0927c6839b410cc8c2_pizzeria_restaurant_gitzihoell_malbun.jpeg", "openstreetmap_id": "210655044"}, "geometry": {"type": "Point", "coordinates": ["9.610043764114382", "47.10080059663041"]}}, {"type": "Feature", "properties": {"identifier": "cec195e6-2cd7-4706-a03b-244c9c457cd7", "name": "Centrum Grill & Caf\u00e9", "description": "<p>Das Centrum Grill &amp; Caf&eacute; befindet sich im Zentrum von Vaduz. Auf der vielseitigen Speisekarte stehen Kebap, Falafel, Pizza und weitere Klassiker. Drinnen bietet das Lokal &uuml;ber 60 Sitzpl&auml;tze, auf der sonnigen Terrasse ist Platz f&uuml;r rund 50 G&auml;ste &ndash; ideal also auch f&uuml;r gr&ouml;ssere Gruppen. Besonders attraktiv: Ab 20 Personen gibt es Gruppenrabatte.&nbsp;</p>", "url": "https://www.centrum.li/", "image": "https://ltmpimtsoch.sos-ch-dk-2.exoscale-cdn.com/catalog/6/2/d/c/62dcdebf6858640a77972b4c0770b736ebc0eb51_centrum_grill_cafe_vaduz.jpeg", "openstreetmap_id": "way/514861114"}, "geometry": {"type": "Point", "coordinates": ["9.522110223770143", "47.141201329110835"]}}, {"type": "Feature", "properties": {"identifier": "d1055e66-3f3d-4fb4-8049-0e4caf78eb0a", "name": "Altenbach", "description": "<p>Das Altenbach steht f\u00fcr kreative, frische und hochwertige K\u00fcche. Hier treffen traditionelle, italienische, amerikanische und asiatische Einfl\u00fcsse aufeinander \u2013 immer mit einem \u00fcberraschenden Twist. Die entspannte Atmosph\u00e4re und das trendige Design machen das Altenbach zu einem Treffpunkt f\u00fcr Geniesser, die das Besondere suchen.</p>", "url": "https://www.altenbach.li/", "image": "https://ltmpimtsoch.sos-ch-dk-2.exoscale-cdn.com/catalog/f/a/3/5/fa35f45e73e16a353079fab9cf4bc623878a093d_restaurant_altenbach_vaduz.jpeg", "openstreetmap_id": "515448248"}, "geometry": {"type": "Point", "coordinates": ["9.521863460540773", "47.14118316968769"]}}, {"type": "Feature", "properties": {"identifier": "d1b68c1a-22ba-49ce-b356-73e2a74d5a11", "name": "M\u00fchleholz Grill", "description": "<p>Der Imbiss bietet typische t&uuml;rkische Speisen wie D&ouml;ner, D&uuml;r&uuml;m und Pide an.</p>", "url": "https://muhleholz-grill.business.site/", "image": "https://ltmpimtsoch.sos-ch-dk-2.exoscale-cdn.com/catalog/7/c/4/c/7c4c1677ab3755590403a74de42e9b5fa4fd18e2_m__hleholz_grill_vaduz.jpeg", "openstreetmap_id": "node/1937026419"}, "geometry": {"type": "Point", "coordinates": ["9.510351405425032", "47.155824041970185"]}}, {"type": "Feature", "properties": {"identifier": "d5cce0ca-da52-4c82-83c4-e7ed9bb17cf4", "name": "b_smart motel Schaan", "description": "<p>Das b_smart motel \u00fcberzeugt mit topmodernem Design, flexibler 24/7 Self-Check-in-M\u00f6glichkeit und einem attraktiven Preis-Leistungs-Verh\u00e4ltnis. Mit 15 komfortablen Zimmern bietet es einen entspannten Aufenthalt mitten in Liechtenstein. Dank der zentralen Lage sind Unternehmen im Wirtschafts- und Industriestandort Liechtenstein schnell erreichbar. Ein Fr\u00fchst\u00fcck ist inklusive, damit G\u00e4ste gest\u00e4rkt in den Tag starten k\u00f6nnen.</p><p>Mit der Zustimmung des Hotels sind Haustiere grunds\u00e4tzlich erlaubt. Es f\u00e4llt eine entsprechende Geb\u00fchr an.</p>", "url": "https://www.b-smarts.net/schaan", "image": "https://ltmpimtsoch.sos-ch-dk-2.exoscale-cdn.com/catalog/4/6/e/0/46e0257c5c19a55be1f4b84e5c50c32758d5bdd5_b_smart_motel_Schaan_22__1_.jpg", "openstreetmap_id": "12174710073"}, "geometry": {"type": "Point", "coordinates": ["9.51914274818941", "47.17874669713654"]}}, {"type": "Feature", "properties": {"identifier": "d609c093-2dff-4a0c-8754-77ec332057ee", "name": "Osteria Adler", "description": "<p>Die Osteria Adler bietet klassische italienische K\u00fcche in gem\u00fctlicher Atmosph\u00e4re. G\u00e4ste erwartet eine Auswahl an authentischen Gerichten \u2013 von knusprigen Pizzas \u00fcber hausgemachte Pasta bis hin zu weiteren Spezialit\u00e4ten aus verschiedenen Regionen Italiens.</p><p>Im Fokus stehen traditionelle Rezepte, sorgf\u00e4ltig zubereitet mit frischen Zutaten. </p>", "url": "https://www.instagram.com/osteria.adler/", "image": "https://ltmpimtsoch.sos-ch-dk-2.exoscale-cdn.com/catalog/b/f/0/0/bf00719be477bd575bf517bf32506447fb9a753f_osteria_adler_triesen.jpeg", "openstreetmap_id": "node/280014962"}, "geometry": {"type": "Point", "coordinates": ["9.525243043899538", "47.10653018351199"]}}, {"type": "Feature", "properties": {"identifier": "d6a58dcf-f27e-4b71-9f0d-c9269022152e", "name": "FAGO by meier", "description": "<p>Ob zum gem\u00fctlichen Abendessen im Restaurant oder auf ein Feierabendgetr\u00e4nk in der Raucherbar \u2013 Stephanie und Sandro Meier und ihr Team verw\u00f6hnen ihre G\u00e4ste mit raffiniert zubereiteten, saisonalen Speisen und einer Auswahl erlesener Weine.</p><p>In den Sommermonaten l\u00e4dt der stilvolle Gastgarten zum Verweilen und Geniessen im Freien ein. Das Restaurant bietet zudem ausreichend Platz f\u00fcr Feiern jeder Art \u2013 von der Geburtstagsrunde \u00fcber Taufen bis hin zur Hochzeit.</p>", "url": "http://www.fago.li", "image": "https://ltmpimtsoch.sos-ch-dk-2.exoscale-cdn.com/catalog/7/3/f/6/73f6cfb01b3e91c26a0f57507efbe20b12f0d494_fago_by_meier_eschen_restaurant.jpeg", "openstreetmap_id": "node/12121889951"}, "geometry": {"type": "Point", "coordinates": ["9.522770740238084", "47.21110426294684"]}}, {"type": "Feature", "properties": {"identifier": "d9c0c311-2a3f-4067-adec-b9534063e3cd", "name": "Restaurant Pedroni", "description": "<p>Marco kocht f\u00fcr dich feine saisonale und regionale Gerichte, ob f\u00fcr traute Zweisamkeit oder in geselliger Runde.\u00a0Ingo mixt feine Hauscocktails und ber\u00e4t dich gerne bei der Weinauswahl.</p><p>Mittags hast du die Wahl zwischen verschiedenen Hauptgerichten.\u00a0Abends erwarten dich feine K\u00f6stlichkeiten aus Marcos K\u00fcche.</p>", "url": "https://www.pedroni.li/index.html", "image": "https://ltmpimtsoch.sos-ch-dk-2.exoscale-cdn.com/catalog/8/d/7/4/8d7414b82423df37473be633adf5fcf49be07e23_restaurant_pedroni_triesen.jpeg", "openstreetmap_id": "node/570116974"}, "geometry": {"type": "Point", "coordinates": ["9.525361061096193", "47.108344301751806"]}}, {"type": "Feature", "properties": {"identifier": "d9d5c690-6fea-4693-946f-de690b3bfb0c", "name": "Minigolfanlage Schaan-Vaduz", "description": "<p>Auf den 18 Bahnen der homologierten Betonanlage finden auch internationale Turniere statt. Nach einer spannenden Runde Minigolf l&auml;dt das Restaurant mit Kiosk zum Verweilen ein &ndash; mit erfrischenden Getr&auml;nken und leckeren Pizzas.</p><p>Minigolfschl&auml;ger und B&auml;lle&nbsp;k&ouml;nnen vor Ort&nbsp;ausgeliehen werden.</p><p>Mit dem &laquo;<a href=\"https://tourismus.li/angebote/freizeit/erlebnispass-2/all-inclusive-erlebnispass.html\">ALL INCLUSIVE Erlebnispass</a>&raquo; spielst du zu folgenden Zeiten eine Runde Minigolf gratis (ausgenommen an Sonn- und Feiertagen):</p><ul><li>Mai: 11:00 - 19:00 Uhr</li><li>Juni bis Mitte August: 11:00 - 21:00 Uhr</li><li>Mitte August bis 30. September: 13:00 - 18:00 Uhr</li></ul>", "image": "https://ltmpimtsoch.sos-ch-dk-2.exoscale-cdn.com/catalog/2/5/0/e/250e52bc68e29d0891fbaf9ce492b1a6824cc1c8_shared_image.jpeg", "openstreetmap_id": "way/46953737"}, "geometry": {"type": "Point", "coordinates": ["9.505797039055997", "47.15168339368632"]}}, {"type": "Feature", "properties": {"identifier": "da508253-3a57-4e79-824d-061c5aee37a3", "name": "Zentrum Balzers", "description": "<p>Im Zentrum Balzers geniessen G&auml;ste authentische italienische K&uuml;che. In herzlicher Atmosph&auml;re serviert das Restaurant frisch zubereitete Pasta, feine Antipasti, klassische Pizze und ausgew&auml;hlte Fleischgerichte. Wer zur Mittagszeit einkehrt, darf sich auf ein w&ouml;chentlich wechselndes Tagesmen&uuml; freuen.</p>", "url": "https://www.zentrum-balzers.li/", "image": "https://ltmpimtsoch.sos-ch-dk-2.exoscale-cdn.com/catalog/a/a/7/8/aa789fcc701810a1da078250abf6b96ea7a7426b_restaurant_zentrum_balzers.jpeg", "openstreetmap_id": "1056869016"}, "geometry": {"type": "Point", "coordinates": ["9.503549337387087", "47.067063572440595"]}}, {"type": "Feature", "properties": {"identifier": "db255aa3-4943-4ebe-a3e4-92536246a428", "name": "Giessen Coffeehouse", "description": "<p>Im Giessen Coffeehouse in Vaduz erwartet dich eine vielf\u00e4ltige Auswahl an frisch zubereiteten Speisen und Getr\u00e4nken. Von hochwertigem Kaffee und Tee \u00fcber Smoothies, New-York-Style-Bagels, Salate und Suppen bis hin zu hausgemachtem S\u00fcssem \u2013 hier wird auf beste Qualit\u00e4t und Bio-Zutaten geachtet.</p><p>Geniessen kannst du die Spezialit\u00e4ten in der gem\u00fctlichen Lounge, auf der \u00fcberdachten Terrasse oder im gr\u00fcnen Garten. Ob Fr\u00fchst\u00fcck, Mittagessen oder eine kleine Auszeit am Nachmittag \u2013 alle Speisen und Getr\u00e4nke gibt es auch zum Mitnehmen.</p>", "url": "https://giessen.li/coffeehouse/", "image": "https://ltmpimtsoch.sos-ch-dk-2.exoscale-cdn.com/catalog/6/9/5/d/695dca61ebc3687deb4127516eec922d10f4d81c_ff_093.JPG", "openstreetmap_id": "node/929809055"}, "geometry": {"type": "Point", "coordinates": ["9.520050287246706", "47.13297988304543"]}}, {"type": "Feature", "properties": {"identifier": "e2ea1184-ac14-430f-b360-79c60e5d254c", "name": "Residence", "description": "<p>Das Residence besteht seit dem Jahr 2003 und fasziniert G\u00e4ste seitdem durch sein klassisches Interieur, das Komfort und Eleganz kombiniert. Ob Familienaufenthalt, romantischer Kurzurlaub oder Gesch\u00e4ftsreise - das Residence bietet f\u00fcr jeden Anlass geeignete Zimmer und passt sich den Bed\u00fcrfnissen der G\u00e4ste an. Der Fokus liegt dabei stets auf dem Komfort, der Liebe zum Detail und einem aufrichtigen, heimeligen Gef\u00fchl.</p><p>Das Boutique-Hotel umfasst insgesamt 46 Zimmer und ist in zwei Bereiche mit ganz unterschiedlichem Stil unterteilt: das Residence Hotel mit 29 Zimmern und das modern-luxuri\u00f6se Central mit 17 Zimmern.</p><p>Mit der Zustimmung des Hotels sind Haustiere grunds\u00e4tzlich erlaubt. Es f\u00e4llt eine entsprechende Geb\u00fchr an.</p>", "url": "https://residence.li/", "image": "https://ltmpimtsoch.sos-ch-dk-2.exoscale-cdn.com/catalog/2/c/7/b/2c7bc5abe6ca31219836319773d89753aa3341ca_aussen.jpg", "openstreetmap_id": "node/315636967"}, "geometry": {"type": "Point", "coordinates": ["9.522807598114014", "47.14001179871589"]}}, {"type": "Feature", "properties": {"identifier": "e3275a1c-d4a9-4006-839c-57019fd48015", "name": "Pizzeria Pikante", "description": "<p>In der Pizzeria Pikante in Triesen geniesst du leckere Pizzen und Focaccia. An warmen Sommertagen l&auml;dt die Terrasse zum gem&uuml;tlichen Essen im Freien ein.</p>", "url": "https://www.pizzeria-pikante.li/", "image": "https://ltmpimtsoch.sos-ch-dk-2.exoscale-cdn.com/catalog/d/9/e/6/d9e699939fe06b20ddea0e1f05db0de8948ebcdf_pizzeria_pikante_triesen.jpeg", "openstreetmap_id": "way/166817642"}, "geometry": {"type": "Point", "coordinates": ["9.526278376579286", "47.092914553040615"]}}, {"type": "Feature", "properties": {"identifier": "e583b332-e98c-49e0-bdb4-f76367838210", "name": "B\u00e4ckerei W\u00fcst Balzers", "description": "<p>Neben ofenfrischen Broten und Kleingeb&auml;ck bietet die B&auml;ckerei eine feine Auswahl an Sandwiches, Salaten und s&uuml;ssen Desserts. Wer Schokolade liebt, wird hier ebenso f&uuml;ndig wie Kaffee-Liebhaber. In der Gelateria warten saisonale Glacesorten, und f&uuml;r kleine Aufmerksamkeiten stehen s&uuml;sse Geschenkideen bereit.</p>", "image": "https://ltmpimtsoch.sos-ch-dk-2.exoscale-cdn.com/catalog/9/a/9/7/9a97dc3e4b6fe969897414a54ea8065df7d49acb_baeckerei_wuest_balzers.jpeg", "openstreetmap_id": "way/450223288"}, "geometry": {"type": "Point", "coordinates": ["9.512309432029726", "47.07555101549962"]}}, {"type": "Feature", "properties": {"identifier": "e64eadb6-138a-40e6-a169-799b7cdf3156", "name": "Hotel Weinstube", "description": "<p>Das Hotel Weinstube in Nendeln bietet eine famili\u00e4re Atmosph\u00e4re und l\u00e4dt zum Entspannen oder f\u00fcr Seminare in angenehmer Umgebung ein. Die zentral gelegene Unterkunft grenzt direkt an die Natur des Liechtensteiner Unterlands und bietet eine erholsame Auszeit. Im dazugeh\u00f6rigen Restaurant Weinstube kannst du aus \u00fcber 200 Weinsorten w\u00e4hlen und regionale K\u00f6stlichkeiten geniessen.</p><p>Haustiere sind auf Anfrage gestattet. M\u00f6glicherweise fallen Geb\u00fchren an.</p>  ", "url": "http://www.weinstube.li", "image": "https://ltmpimtsoch.sos-ch-dk-2.exoscale-cdn.com/catalog/1/1/d/d/11dd17d0aee8d38972cb7891c4ecb3ac873161c2_170422_Webseite_Weinstube_Vinothek_Sch__chle_454.jpg", "openstreetmap_id": "node/4132104566"}, "geometry": {"type": "Point", "coordinates": ["9.543841588552096", "47.19986657860388"]}}, {"type": "Feature", "properties": {"identifier": "e790c7e0-bd27-4dea-bacd-634ee0715c55", "name": "Restaurant R\u00f6ssle", "description": "<p>Im R\u00f6ssle werden von Montag bis Freitag t\u00e4glich wechselnde Mittagsmen\u00fcs angeboten. Am Abend kannst du dein Lieblingsmen\u00fc \u00e0 la carte w\u00e4hlen. Alle Speisen werden t\u00e4glich frisch zubereitet und mit saisonalen Produkten kombiniert.</p> <p>Nebst der Gaststube verf\u00fcgt das R\u00f6ssle \u00fcber einen Saal, welcher sich ideal f\u00fcr Familien-, Firmen- oder Vereinsfeiern eignet.</p>", "url": "http://www.restaurant-roessle.li", "image": "https://ltmpimtsoch.sos-ch-dk-2.exoscale-cdn.com/catalog/7/9/6/f/796fb0fe3ffbed8e62bd722bf732fdc752295d18_restaurant_roessle_schaan.jpeg", "openstreetmap_id": "node/1069966292"}, "geometry": {"type": "Point", "coordinates": ["9.508597254753115", "47.164443043655076"]}}, {"type": "Feature", "properties": {"identifier": "e7e9eda4-f07a-4f43-bb4b-f58006674111", "name": "Walsermuseum", "description": "<p>Die Besucherinnen und Besucher erfahren viel Interessantes &uuml;ber die Geschichte der Walser, die Pfarreigeschichte sowie die Land-, Holz- und Viehwirtschaft als Existenzgrundlage der Bev&ouml;lkerung.&nbsp;Das b&auml;uerliche und h&auml;usliche Leben ist eindr&uuml;cklich dargestellt. Durch die Pr&auml;sentation der Eigenheiten der Walser grenzt sich das Walsermuseum spannend von anderen Heimatmuseen ab.</p><p>Das Walserhaus nebenan dokumentiert die Wohnkultur des 19. Jahrhunderts und gibt einen bewegenden Bescheid &uuml;ber die Einfachheit des Wohnens. Die Besichtigung ist nur im Rahmen einer F&uuml;hrung m&ouml;glich.</p><p>Die Multivisionsschau informiert innert 25 Minuten mit wunderbaren Bildern, spannenden Texten und typischer Musik &uuml;ber das Dorfleben von gestern und heute.</p><p>Mit dem &laquo;<a href=\"https://tourismus.li/angebote/freizeit/erlebnispass-2/all-inclusive-erlebnispass.html\">ALL INCLUSIVE Erlebnispass</a>&raquo; geniesst du kostenlosen Eintritt in das Walsermuseum.<br>Mit dem &laquo;<a href=\"https://tourismus.li/angebote/freizeit/welcome-erlebnispass.html\">WELCOME Erlebnispass</a>&raquo; erh&auml;ltst du 20\u202f% Rabatt auf den Eintritt.<br><br><u>Anreise</u></p><ul><li>Nahegelegene Bushaltestellen: &laquo;Triesenberg, Dorfzentrum&raquo;</li><li>Nahegelegene Parkpl&auml;tze: <a href=\"https://maps.app.goo.gl/1jtC4J3S4PtKxVtCA\" target=\"_blank\" rel=\"noopener noreferrer\">Parkplatz Dorfzentrum</a></li></ul>", "url": "http://www.walsermuseum.li", "image": "https://ltmpimtsoch.sos-ch-dk-2.exoscale-cdn.com/catalog/8/6/7/8/8678e5995be5b0fdbe662e480bfca7b837ecac7a_Walsermuseum_231007_walser_006.jpg", "openstreetmap_id": "node/761534749"}, "geometry": {"type": "Point", "coordinates": ["9.5429402589798", "47.11856637712402"]}}, {"type": "Feature", "properties": {"identifier": "e817fd4f-d838-4011-a7e0-d740870045a1", "name": "Restaurant Torkel", "description": "<p>Das Restaurant befindet sich in einem mittelalterlichen Geb\u00e4ude, den Innenraum beherrscht ein aus einem St\u00fcck gefertigter Torkelbaum. Ende der 1960er Jahre wurde das Geb\u00e4ude zum Restaurant ausgebaut. Zwischen Trauben, Weinreben und einem bunt gemischten Publikum l\u00e4sst es sich vorz\u00fcglich ein k\u00f6stliches Essen geniessen.</p><p>Ivo Berger hat den Anspruch, stets den Gast und dessen Geschmack im Fokus zu haben. Nicht Trends nachzulaufen, sondern mit einer guten Portion Demut gegen\u00fcber den kulinarischen Vorg\u00e4ngern, das eigene K\u00f6nnen stets weiter auszubauen. Das Verwenden hochwertigster Produkte aus dem In- und Ausland ist f\u00fcr ihn keine Selbstverst\u00e4ndlichkeit, sondern ein Privileg. Zu den ausgezeichneten Speisen kannst du aus einem Sortiment von 300 Weinen aus allen Regionen Europas ausw\u00e4hlen.</p><p> Eine \u00fcberdachte und geheizte Terrasse \u00fcberrascht mit einer herrlichen Aussicht.</p>  ", "url": "http://www.torkel.li/", "image": "https://ltmpimtsoch.sos-ch-dk-2.exoscale-cdn.com/catalog/d/6/e/8/d6e8ea166dfd574c0794d1879a6fb6c53cf32989_restaurant_torkel_gourmet_vaduz.jpeg", "openstreetmap_id": "326059436"}, "geometry": {"type": "Point", "coordinates": ["9.519513845443727", "47.14421152877399"]}}, {"type": "Feature", "properties": {"identifier": "e971fac6-81e7-4fe5-ba9e-13a58404627a", "name": "Ristorante Cesare", "description": "<p>Mit viel Liebe zum Detail werden anspruchsvolle und kreative Gerichte aus frischen und naturnahen Zutaten gezaubert. Lassen sie sich hausgemachte Pasta, mediterrane Fischspezialit\u00e4ten oder das legend\u00e4re Risotto auf der Zunge zergehen, w\u00e4hrend sie in r\u00f6mischem Ambiente die Zeit vergessen.</p>", "url": "http://www.adler.li", "image": "https://ltmpimtsoch.sos-ch-dk-2.exoscale-cdn.com/catalog/0/a/1/8/0a18779b23f401c69322f28da2e73e1dbb74b552_ristorante_cesare_vaduz.jpeg", "openstreetmap_id": "node/315636972"}, "geometry": {"type": "Point", "coordinates": ["9.522791500706848", "47.14057371340195"]}}, {"type": "Feature", "properties": {"identifier": "e99a8e5e-b90e-46a9-adcb-22ed5bfb12ad", "name": "Gasthof Au", "description": "<p>Der Gasthof Au in Vaduz geh\u00f6rt zu den \u00e4ltesten Gastst\u00e4tten in Liechtensteins Hauptort und bietet eine urige Atmosph\u00e4re, in der sich Jung und Alt wohlf\u00fchlen. Die frische, gutb\u00fcrgerliche K\u00fcche begeistert mit traditionellen Gerichten, die in der gem\u00fctlichen Gaststube oder im idyllischen Garten serviert werden. Der Gasthof kannst du auch f\u00fcr Veranstaltungen mieten.</p>", "url": "http://www.gasthof-au.li", "image": "https://ltmpimtsoch.sos-ch-dk-2.exoscale-cdn.com/catalog/f/2/d/4/f2d456a1bf6a339e940b320d2ac19ea1daec6ef7_2021_12_03_LM_Shooting_Kulinarik_und_Kultur_in_Vaduz_0356.JPG", "openstreetmap_id": "164674458"}, "geometry": {"type": "Point", "coordinates": ["9.522029757499697", "47.13224996023379"]}}, {"type": "Feature", "properties": {"identifier": "ea9709ab-cec1-4b69-85d6-7854d9ab9629", "name": "Il Rifugio", "description": "<p>Hier erwarten dich feine Pizzen zum Mitnehmen.</p>", "image": "https://ltmpimtsoch.sos-ch-dk-2.exoscale-cdn.com/catalog/0/f/c/5/0fc584b7f8ff45fb2c3f04c6c5aa4990a2c0e749_il_rifugio_takeaway_mauren_liechtenstein.jpeg", "openstreetmap_id": "way/982211578"}, "geometry": {"type": "Point", "coordinates": ["9.541014432907106", "47.2196228307708"]}}, {"type": "Feature", "properties": {"identifier": "eae2ccc8-8868-46ef-b2a2-451bc5b3d81c", "name": "Kirche St. Peter", "description": "<p>Die Kirche St. Peter in Schaan z&auml;hlt zu den &auml;ltesten Sakralbauten der Region und geht auf ein r&ouml;misches Kastell aus dem 4. Jahrhundert zur&uuml;ck. Bereits im 5. Jahrhundert entstand dort ein Baptisterium, das mit einem Gr&auml;berfeld der christianisierten r&auml;toromanischen Bev&ouml;lkerung verbunden ist. Die Kirche war Teil des r&ouml;mischen Reichsguts und fiel sp&auml;ter an das karolingische Reich. Um 1450 wurde unter den Herren von Brandis ein vollst&auml;ndiger Neubau errichtet. Nach einem Brand im Jahr 1849 wurde die Kirche mehrfach baulich ver&auml;ndert, zuletzt 1958 und 1995. Seit 1951 steht sie unter Denkmalschutz.</p>", "image": "https://ltmpimtsoch.sos-ch-dk-2.exoscale-cdn.com/catalog/2/7/e/8/27e8cd9b66a469a94ab7f0235941148068761aa3_kirche_st.peter_schaan.jpeg", "openstreetmap_id": "way/104857472"}, "geometry": {"type": "Point", "coordinates": ["9.509305357933046", "47.16370264500135"]}}, {"type": "Feature", "properties": {"identifier": "eb42f7b6-f975-45c3-ac76-6ef3a34fdc6d", "name": "Kapelle St. Peter", "description": "<p>Die Kapelle St. Peter wurde um 1300 erbaut und gilt als Kern der Siedlung M&auml;ls. Urspr&uuml;nglich vermutlich als private Hauskapelle errichtet, entwickelte sie sich &uuml;ber die Jahrhunderte zu einem bedeutenden Ort des Glaubens. Seit 1951 steht die Kapelle unter Denkmalschutz und wird bis heute regelm&auml;ssig f&uuml;r Gottesdienste genutzt. Sie bildet gemeinsam mit dem mittelalterlichen Turmhaus ein einzigartiges Ensemble.</p><p>Die Kapelle St. Peter ist eine der Erlebnisstationen des&nbsp;<a href=\"https://tourismus.li/entdecken/liechtensteinweg.html\">Liechtenstein-Wegs</a>.</p>", "image": "https://ltmpimtsoch.sos-ch-dk-2.exoscale-cdn.com/catalog/7/1/e/c/71ecca1d0ab46308a63b4c23fa103fe47a848e8d_kapelle_balzers.jpeg", "openstreetmap_id": "way/299591976"}, "geometry": {"type": "Point", "coordinates": ["9.496908187866213", "47.06025952120238"]}}, {"type": "Feature", "properties": {"identifier": "f4a91747-0d0f-4f48-8355-58ce90b51d62", "name": "Landgasthof M\u00fchle", "description": "<p>Im Landgasthof R&ouml;ssle trifft regionale K&uuml;che auf moderne, kreative Ideen. Viele Zutaten kommen direkt von Produzenten aus der Region und werden saisonal ausgew&auml;hlt. Dazu pr&auml;gen viel Holz und gelebte Gastfreundschaft den Charakter des Hauses.</p>", "url": "https://muehle.li/", "image": "https://ltmpimtsoch.sos-ch-dk-2.exoscale-cdn.com/catalog/f/4/5/f/f45f0d84ed38c19b5b1b231ac6dadf696a7c40a6_DSC_2234.jpg", "openstreetmap_id": "way/183330544"}, "geometry": {"type": "Point", "coordinates": ["9.510748386383058", "47.15478836282747"]}}, {"type": "Feature", "properties": {"identifier": "f5d2fb60-2363-4b26-bfe2-86b45ffda59e", "name": "V\u00f6geli Alpenhotel Malbun", "description": "<p>Das \u00e4lteste Hotel in Malbun ist verbunden mit einer langen Geschichte und viel Tradition. Bereits die vierte Generation verfolgt ein und dasselbe Ziel: die G\u00e4ste zu verw\u00f6hnen und zu begeistern. Das Dependance verf\u00fcgt \u00fcber neu renovierte Zimmer sowie Hallenbad und Sauna. Im dazugeh\u00f6rigen Restaurant geniessen G\u00e4ste gut b\u00fcrgerliche sowie internationale K\u00fcche.</p><p>Das Alpenhotel ist ein sehr guter Ausgangspunkt f\u00fcr Wanderungen oder zum Skifahren.</p>", "url": "http://www.alpenhotel.li", "image": "https://ltmpimtsoch.sos-ch-dk-2.exoscale-cdn.com/catalog/9/2/3/1/9231311dd1c3a8bc5fc483a51b1c3a77a615bced_Alpenhotel_Malbun_001.jpg", "openstreetmap_id": "210655065"}, "geometry": {"type": "Point", "coordinates": ["9.608112573623659", "47.10273589232955"]}}, {"type": "Feature", "properties": {"identifier": "f60a30eb-83c3-41f5-a669-0aaf5e28b150", "name": "Restaurant Alpspitz", "description": "<p>Im Restaurant Alpspitz trifft traditionelle K\u00fcche auf moderne Kreationen, zubereitet aus regionalen und saisonalen Zutaten. Besonders hervorzuheben ist das exklusive Fleischangebot aus dem hauseigenen Dry Ager. G\u00e4ste erwartet eine breite Palette an kulinarischen Highlights \u2013 von klassischen Gerichten bis hin zu innovativen Neuinterpretationen. Das Restaurant befindet sich im Grand Casino Liechtenstein, kann aber unabh\u00e4ngig davon besucht werden.</p>", "url": "https://restaurant-alpspitz.li", "image": "https://ltmpimtsoch.sos-ch-dk-2.exoscale-cdn.com/catalog/a/5/6/4/a564e94abd3e0501b575ad4b1a3385d03003b510_alpspitz_grand_casino_bendern_liechtenstein.jpeg", "openstreetmap_id": "node/12119882214"}, "geometry": {"type": "Point", "coordinates": ["9.502685666084291", "47.20498557561466"]}}, {"type": "Feature", "properties": {"identifier": "f685835c-6c09-4b31-b847-20f7ad62034f", "name": "Restaurant new castle", "description": "<p>Das Restaurant l\u00e4dt zur Kaffeepause, zum Mittag- oder Abendessen oder zu einem Feierabendbier ein und bietet eine Sonnenterrasse mit Blick auf Schloss Vaduz.&nbsp;</p>", "url": "http://www.new-castle.li", "image": "https://ltmpimtsoch.sos-ch-dk-2.exoscale-cdn.com/catalog/9/6/b/a/96ba1f8ef0d03433029d6f5a8c9c0b70bd08e9de_restaurant_new_castle_vaduz.jpeg", "openstreetmap_id": "4759723754"}, "geometry": {"type": "Point", "coordinates": ["9.521300196647646", "47.13992787112641"]}}, {"type": "Feature", "properties": {"identifier": "f6c92735-fbaa-4637-9fcf-a03d371b343c", "name": "Restaurant Vibes", "description": "<p>Das Vibes bietet eine vielf\u00e4ltige Auswahl an gesunden Speisen \u2013 von Bowls und Wraps bis hin zu Burgern und Kebab, t\u00e4glich frisch zubereitet. Auch f\u00fcr vegetarische G\u00e4ste gibt es eine grosse Auswahl an frischen Salaten, Gem\u00fcsebowls und vegetarischen Wraps.</p>", "url": "http://www.vibes-restaurants.ch/", "image": "https://ltmpimtsoch.sos-ch-dk-2.exoscale-cdn.com/catalog/9/1/9/2/9192da611fd5ccf4e8bd06d6ba376a72a68b0267_vibes_schaan.jpeg", "openstreetmap_id": "592637235"}, "geometry": {"type": "Point", "coordinates": ["9.509514570236208", "47.16720757908152"]}}, {"type": "Feature", "properties": {"identifier": "f92b6412-7300-4874-90dc-4ce2ca317885", "name": "St. Martins Pub am Platz", "description": "<p>Entstanden ist mit dem PAP ein Ort f\u00fcr gesellige Abende und Gespr\u00e4che in Gesellschaft. Ein Treffpunkt f\u00fcr Eschen-Nendeln und das ganze Land, manchmal auch mit internationalen G\u00e4sten oder den Nachbarn aus dem Dreil\u00e4ndereck.</p>", "url": "https://www.pap.li/", "image": "https://ltmpimtsoch.sos-ch-dk-2.exoscale-cdn.com/catalog/f/8/d/c/f8dc87f556822e085fe99a44c4e3088a0603ec84_st_martins_pub_am_platz_pap_eschen.jpeg", "openstreetmap_id": "9218632092"}, "geometry": {"type": "Point", "coordinates": ["9.524557168283861", "47.2123678490269"]}}, {"type": "Feature", "properties": {"identifier": "fb361bbe-d612-4c64-8668-d5cffd279957", "name": "Restaurant Vivid", "description": "<p>Im Restaurant Vivid in Triesen erwartet dich ein kulinarisches Erlebnis der besonderen Art. Die exzellente K\u00fcche kombiniert sorgf\u00e4ltig ausgew\u00e4hlte, regionale Produkte mit der internationalen Erfahrung des Inhabers und K\u00fcchenchefs. Dabei entstehen gesunde und genussvolle Speisen, die von feinen Weinen aus der Region perfekt erg\u00e4nzt werden.</p>", "url": "https://restaurantvivid.li/", "image": "https://ltmpimtsoch.sos-ch-dk-2.exoscale-cdn.com/catalog/e/9/4/e/e94e524a0f5027391a30388333ae4bd6b1fcd983_restaurant_vivid_hotel_schatzmann_triesen.jpeg", "openstreetmap_id": "6508771889"}, "geometry": {"type": "Point", "coordinates": ["9.52366674822122", "47.11818235054985"]}}, {"type": "Feature", "properties": {"identifier": "fe2e7d3c-066d-46b1-a1d2-c6158538c743", "name": "Familienhotel Gorfion Liechtenstein", "description": "<p>F&uuml;r das Familienhotel Gorfion Liechtenstein, inmitten der malerischen Bergwelt von Malbun, beginnt ein neues Kapitel. Mit dem feierlichen Spatenstich am 24. April 2025 fiel der Startschuss f&uuml;r das gr&ouml;sste Umbauprojekt in der Geschichte des Hauses: Bis zum 04. Dezember 2026 entsteht ein Ort, der moderne Architektur mit famili&auml;rer Herzlichkeit und alpiner Gem&uuml;tlichkeit vereint - und Familienurlaub auf ein neues Niveau hebt:</p><p>Alle &auml;lteren Zimmer werden umgebaut bzw. vergr&ouml;ssert, es werden zus&auml;tzliche Familiensuiten entstehen, die Restaurants und der Buffetbereich werden vergr&ouml;ssert, der Happy-Club und der Bereich f&uuml;r unbetreutes Spielen wird vergr&ouml;ssert, es entsteht ein zweites Schwimmbad mit Aussenbereich, Kleinkindbereich und Wasserrutsche, der Wellnessbereich wird erweitert, ein Fitnessraum direkt im Haus und vieles mehr. Ihr d&uuml;rft gespannt sein!</p><p>Im Gorfion sind auch Vierbeiner willkommen (jedoch keine Hunde auf der Rassenliste <span data-teams=\"true\">&laquo;Potentiell gef&auml;hrliche Hunde&raquo;)</span>. Pro Nacht und Hund wird CHF 60 verrechnet (unabh&auml;ngig von der Gr&ouml;sse).</p>", "url": "https://gorfion.li/", "image": "https://ltmpimtsoch.sos-ch-dk-2.exoscale-cdn.com/catalog/4/4/b/5/44b517afd32a27fba2d0a1d6493e23caa4061978_1626e_Gorfion_2025_Aussen_Sommer_01.jpg", "openstreetmap_id": "10763310417"}, "geometry": {"type": "Point", "coordinates": ["9.608986973762514", "47.101268093475"]}}, {"type": "Feature", "properties": {"identifier": "fe883b54-94f7-498e-ab9b-4769762ac3ed", "name": "Brasserie Burg", "description": "<p style=\"box-sizing: inherit; line-height: 21px; font-variant-numeric: lining-nums;\">Die Brasserie Burg ist ein charmantes Restaurant, das seine G\u00e4ste nicht nur mit k\u00f6stlichen Gerichten am Mittag und Abend verw\u00f6hnt, sondern auch zu einer gem\u00fctlichen Kaffeepause oder einem entspannten Feierabendbier einl\u00e4dt.</p><p style=\"box-sizing: inherit; line-height: 21px; font-variant-numeric: lining-nums;\">Nur einige Schritte vom Busparkplatz entfernt offeriert das Restaurant feinste Steinofen-Pizzas, Sandwiches, Burgers und hausgemachte Pasta. Darunter finden sich auch ausreichend vegetarische und vegane Speisen.</p>", "url": "http://www.adler.li", "image": "https://ltmpimtsoch.sos-ch-dk-2.exoscale-cdn.com/catalog/8/a/2/b/8a2b3bb470ca98ffba0cf2baadfb57e1f87bf26f_brasserie_burg_vaduz.jpeg", "openstreetmap_id": "node/4759741819"}, "geometry": {"type": "Point", "coordinates": ["9.522748018101746", "47.140586711335125"]}}]}