id;name;disambiguatingDescription;description;longitude;latitude;streetAddress;postalCode;addressLocality;telephone;email;url;image;dateModified019149c0-3ffb-4bee-ae42-6ccd302e9242;Restaurant Seeblick;Das Restaurant Seeblick liegt an idyllischer Lage im Bergort Steg.;<p>Das Restaurant serviert eine gutbürgerliche Küche in gemütlicher Atmosphäre. Auf der Speisekarte stehen Klassiker wie «Käsknöpfle», Rösti und Schnitzel.</p>;9.576081633567812;47.10868778131608;Valünastrasse 42;9497;Triesenberg;+41 79 218 30 79;info@anka-gastro.li;https://www.seeblick.li/;[{'@type': 'ImageObject', 'contentUrl': 'https://ltmpimtsoch.sos-ch-dk-2.exoscale-cdn.com/catalog/e/a/3/d/ea3d0c6c92edd624f0eb6c1aa35d6d3005ea88f8_restaurant_seeblick_steg_liechtenstein.jpeg', 'caption': {'de': 'Aussenaufnahme des Restaurant Seeblick'}}];2026-09-22T14:12:38+02:00
02d223d9-41ce-4a2e-a765-1f1ea4653643;Pfarrkirche St. Fridolin;Die Pfarrkirche St. Fridolin wurde zwischen 1897 und 1903 gebaut, die Geschichte der Kirche reicht jedoch bis ins Jahr 1614 zurück.;<p>Die katholische Pfarrkirche St. Fridolin in Ruggell liegt auf 433 m &uuml;. M. und blickt auf eine lange Geschichte zur&uuml;ck. Im Nordwesten der heutigen Kirche wurde 1614 eine Kapelle errichtet, die 1617 dem heiligen Fridolin geweiht wurde. Nach Erweiterungen in den Jahren 1668 und 1851 sowie einer erneuten Weihe 1674 wurde der schlichte, einschiffige Bau 1900/01 abgetragen. Die heutige Kirche entstand zwischen 1897 und 1903 nach Pl&auml;nen des Wiener Architekten Gustav Ritter von Neumann. Ruggell wurde 1874 durch Abkurung von Bendern zur eigenst&auml;ndigen Pfarrei erhoben.</p>;9.528794288635256;47.24102261252736;[{'@type': 'ImageObject', 'contentUrl': 'https://ltmpimtsoch.sos-ch-dk-2.exoscale-cdn.com/catalog/4/b/0/8/4b085e68df53be0b8d3a7e897934511a6b49c406_Kirche_St_Florin_2.jpg', 'caption': {'de': 'Aussenansicht der Pfarrkirche St. Fridolin'}}];2025-08-21T14:31:34+02:00
08d6aa8c-628a-4940-9a0d-d301b35adfb6;Pizza Napoli;Italienische Spezialitäten in Gamprin-Bendern.;9.50896203517914;47.2108668003258;Eschner Strasse 58;9492;Eschen;+423 370 15 15;https://www.pizza-napoli.li/;[{'@type': 'ImageObject', 'contentUrl': 'https://ltmpimtsoch.sos-ch-dk-2.exoscale-cdn.com/catalog/8/7/2/b/872b0f982bef8f7faccd237c38fc3bc43a23a2b3_pizza_napoli_gamprin.jpeg', 'caption': {'de': 'Aussenansicht des Imbiss Napoli'}}];2025-10-20T15:05:31+02:00
093f022f-a08c-421b-b445-f73c7a91c4b2;Restaurant Kulm;Das Restaurant Kulm bietet frisch zubereitete Speisen und ausgewählte Weine mit Blick auf das Rheintal.;<p>Das Restaurant Kulm liegt auf 880 m &uuml;. M. im gleichnamigen Hotel in Triesenberg und bietet eine einzigartige Kombination aus kulinarischem Genuss und idyllischer Bergkulisse &uuml;ber dem Rheintal. Besonders der Wintergarten begeistert mit einer der sch&ouml;nsten Aussichten im F&uuml;rstentum &ndash; ein Ort, an dem sich regionale Spezialit&auml;ten und saisonale Gerichte in entspannter Atmosph&auml;re besonders gut geniessen lassen.</p>;9.542742774984024;47.11828387074247;Schlossstrasse 3;9497;Triesenberg;+423 237 79 79;info@hotelkulm.li;http://www.hotelkulm.li;[{'@type': 'ImageObject', 'contentUrl': 'https://ltmpimtsoch.sos-ch-dk-2.exoscale-cdn.com/catalog/0/5/b/9/05b935962f695ec7646250246dbcb392baa404f4_restaurant_hotel_kulm_triesenberg.jpeg', 'caption': {'de': 'Aussenaufnahme des Restaurant Kulm'}}];2026-09-22T13:57:04+02:00
096c0849-bef8-4e5f-8c0f-3c8e720bfdb9;Restaurant kommod;Das unkomplizierte und moderne Restaurant in Ruggell lädt zum Frühstück, Znüni oder Mittagessen ein.;<p>Du wirst das reichhaltige Frühstücksbuffet, die leckere Jause am Vormittag und das täglich wechselnde Mittagsmenü lieben.</p><p>Das Restaurant bietet Platz für rund 100 Personen – in Kombination mit dem angrenzenden Restaurant «tenn» können hier bis zu 160 Gäste Firmenfeiern oder private Events geniessen.</p>;9.527982607184045;47.248690142121966;Industriering 14;9491;Ruggell;+423 377 37 77;hotel@kommod.li;http://www.kommod.li;[{'@type': 'ImageObject', 'contentUrl': 'https://ltmpimtsoch.sos-ch-dk-2.exoscale-cdn.com/catalog/d/7/3/3/d733fc5cfe25504e7e8feb47140f5ff63636dac6_kommod_hotel_restaurant_ruggell_liechtenstein.jpeg', 'caption': {'de': 'Aussenaufnahme des Restaurant kommod', 'en': 'Restaurant kommod'}}];2026-09-24T12:52:33+02:00
11646e5c-828f-4886-b4e4-9f71e44d95ca;Restaurant Specki;Das Restaurant Specki bietet regionale, saisonale und vegane Küche mit sozialem Engagement.;<p>Das Restaurant Specki ist eine Initiative des Vereins f&uuml;r Betreutes Wohnen in Liechtenstein (VBW) und bietet leistungsangepasste Arbeitspl&auml;tze f&uuml;r Menschen mit gesundheitlichen Einschr&auml;nkungen. Die K&uuml;che setzt auf Regionalit&auml;t, Saisonalit&auml;t und Nachhaltigkeit &ndash; t&auml;glich frisch zubereitet und liebevoll serviert. Auf der Speisekarte stehen zwei wechselnde Men&uuml;s: eines vegan, das andere vegetarisch oder mit Fleisch. Die Gerichte entstehen spontan, um Lebensmittelverschwendung zu vermeiden, ganz nach dem Motto: &laquo;Lasst euch &uuml;berraschen&raquo;. Erg&auml;nzt wird das Angebot durch t&auml;glich frisch gebackenen Kuchen, serviert mit feinem Kaffee oder hausgemachtem Eistee.&nbsp;</p>;9.512416720390322;47.168764852643264;Birkenweg 2;9494;Schaan;+423 791 71 02;specki@vbw.li;https://www.specki.li;[{'@type': 'ImageObject', 'contentUrl': 'https://ltmpimtsoch.sos-ch-dk-2.exoscale-cdn.com/catalog/b/2/7/c/b27c128623da37a82cfd3a01f6f8268a5d964332_specki_schaan.jpeg', 'caption': {'de': 'Aussenansicht des Restaurants Specki'}}];2025-10-20T15:04:40+02:00
12a6cc0b-5b32-416e-b081-85c150a98c26;Leuchtturm Moby;Der Leuchtturm, ein Kulturprojekt des Amts für Kultur, ist ein Klangkörper, der singen kann wie ein Wal.;<p>Der Leuchtturm ist ein Kulturprojekt des Amts für Kultur und markiert jeweils über einen gewissen Zeitraum bedeutende Kulturinstitutionen oder Kulturgüter mit Strahlcharakter für Liechtenstein. </p><p>Leuchttürme gehören zu den ältesten Kommunikationsmitteln der Menschheit, sind Symbol für Sicherheit und Orientierung und liefern ein Signal, das in schwierigen Fahrwassern den Weg weist. Heute soll er aber vor allem bedeutende, kulturelle Marksteine in Liechtenstein kennzeichnen.</p><p>Leuchtturm «Moby» ist auch Klangkörper, denn er kann singen wie ein Wal, wenn sein Bauch mittels Klöppel zum Schwingen gebracht wird. Moby wurde vom Künstler und Klangwart Roman Rutishauser und seinem Sohn Hannes aus St. Gallen im Auftrag des Amts für Kultur eigens für den Kunsthafen der Künstlerinnen- und Künstlerbegegnung 2023 der Internationalen Bodensee-Konferenz (IBK) geschaffen.</p>;9.52470123767853;47.243451139597035;[{'@type': 'ImageObject', 'contentUrl': 'https://ltmpimtsoch.sos-ch-dk-2.exoscale-cdn.com/catalog/e/8/6/5/e86547ce2cf878b99f6ec7375a9dc0168527dd23_leuchtturm.jpeg', 'caption': {'de': 'Rot-weisser Leuchtturm Moby auf einem Platz in Ruggell', 'en': 'Lighthouse "Moby"'}}];2026-09-14T14:18:53+02:00
1487ded2-a655-4475-a5ac-b0ff429ed86a;Restaurant Lisbeth;Italo-asiatische Küche trifft auf Ruhe, Weitblick und Genuss.;<p class="_28USrA GEC0sA XN6uKA"><span class="a_GcMg">Im&nbsp;Kloster St. Elisabeth in Schaan&nbsp;empf&auml;ngt das&nbsp;Restaurant Lisbeth<span class="a_GcMg"> seine G&auml;ste an&nbsp;einem Ort, der Ruhe, Weite und Genuss verbindet.</span></span></p><p class="_28USrA GEC0sA XN6uKA"><span class="a_GcMg">K&uuml;chenchef und Gastgeber Stephan Forsil&nbsp;</span><span class="a_GcMg">vereint in seiner italo-asiatischen K&uuml;che feine Aromen, moderne Leichtigkeit und handwerkliche Pr&auml;zision. Verarbeitet werden hochwertige Produkte sowie frische, erlesene Kr&auml;uter direkt aus dem Klostergarten - klar, aromatisch und voller Geschmack.</span></p><p class="_28USrA GEC0sA XN6uKA"><span class="a_GcMg">Dazu kommen sorgf&auml;ltig ausgew&auml;hlte Weine, Kaffeespezialit&auml;ten aus der kleinen Manufaktur eines befreundeten R&ouml;sters und</span> <span class="a_GcMg">der unvergleichliche Blick auf das&nbsp;Schweizer Alpenpanorama.</span></p>;9.519867897033693;47.16673710340733;Duxgass 55;9494;Schaan;+41 78 695 4406;hello@restaurantlisbeth.li;https://restaurantlisbeth.li/;[{'@type': 'ImageObject', 'contentUrl': 'https://ltmpimtsoch.sos-ch-dk-2.exoscale-cdn.com/catalog/7/b/1/5/7b158f0776f1caa50a726a96f4e96c684c507533_restaurant_lisbeth_kloster_schaan.jpeg', 'caption': {'de': 'Aussenaufnahme des Restaurant Lisbeth', 'en': 'RUUF'}}];2026-09-24T13:28:47+02:00
15af751b-7a23-4a4a-9bed-41a0b1d84e33;Kathedrale St. Florin;Die Kathedrale St. Florin in Vaduz ist eine in Naturstein errichtete neugotische Pfarrkirche, dessen Ursprünge ins letzte Viertel des ersten Jahrtausends datiert werden.;<p>Die Anfänge der St. Florins-Kapelle reichen vermutlich ins späte 1. Jahrtausend zurück. Erstmals urkundlich erwähnt wurde sie um 1375 im Urbar des Domkapitels Chur. Vermutlich handelte es sich ursprünglich um eine Eigenkirche eines Herrenhofs, das Patronat lag bei der Schlossherrschaft.</p><p>Zwischen 1872 und 1874 wurde die Kapelle abgerissen und durch die heutige neugotische Pfarrkirche ersetzt, geplant vom Wiener Architekten Friedrich von Schmidt. 1997 wurde die Pfarrkirche St. Florin zur Kathedrale des neuen Erzbistums Vaduz erhoben.</p><p>Die Kirche aus Naturstein beeindruckt mit ihrem markanten Frontturm mit Spitzhelm, einer eleganten zweiarmigen Aussentreppe und kunstvollen Bronzeskulpturen in Spitzbogennischen. Im Inneren erwartet dich eine dreischiffige Hallenkirche mit einem vierjochigen Mittelschiff.</p><p>Direkt neben der Kathedrale liegt die «Fürstliche Gruft» – die Grabstätte der Fürstlichen Familie. Hier ruhen unter anderem Fürst Franz Josef II. und Fürstin Gina.</p><p></p>;9.522885;47.136218;[{'@type': 'ImageObject', 'contentUrl': 'https://ltmpimtsoch.sos-ch-dk-2.exoscale-cdn.com/catalog/0/6/d/1/06d1e53682334c92c785fec11a938244218954e8_2021_09_29_Kulturzentrum_Vaduz_0017.JPG', 'caption': {'de': 'Blick auf den Turm der Kathedrale St. Florin mit Bäumen im Vordergrund', 'en': 'St. Florin Cathedral'}}];2026-09-14T14:22:45+02:00
1a46f8fc-170f-4fd8-a397-7354f7bb6739;Berggasthaus MATU;Im Berggasthaus Matu auf 1450 m ü. M. gibt es Köstlichkeiten und eine atemberaubende Aussicht auf das Rheintal.;<p>Wenn du nach einem Ort suchst, der nicht nur köstliche&nbsp;Bio-Gerichte&nbsp;serviert, sondern auch inmitten atemberaubender Natur liegt, dann heisst dich das Matu herzlich willkommen. Das Team freut sich darauf, dich in dem idyllisch gelegenen&nbsp;Berggasthaus Matu begrüssen zu dürfen und dir unvergessliche Erlebnisse zu bereiten.</p> <p>Das Berggasthaus Matu bietet nicht nur eine kulinarische Oase mit&nbsp;Bio-Spezialitäten, sondern auch eine wahre Naturoase. Von der Panorama-Terrasse aus kannst du den Blick über das malerische Rheintal schweifen lassen und die majestätische Alvierkette bewundern. Hier, umgeben von unberührter Natur, kannst du herrlich entspannen und neue Energie tanken.</p>;9.544324590083011;47.138444395759215;Matustrasse 4;9497;Gaflei;+423 788 14 00;info@matu.li;http://www.matu.li/;[{'@type': 'ImageObject', 'contentUrl': 'https://ltmpimtsoch.sos-ch-dk-2.exoscale-cdn.com/catalog/a/a/8/3/aa83b3db75329f72dae9f3e3ae32a76d2fa6ee00_berggasthaus_matu_gaflei_liechtenstein.jpeg', 'caption': {'de': 'Sonnenterrasse des Berggasthaus MATU mit Panoramablick über das Rheintal', 'en': 'Berggasthaus Matu'}}];2026-09-22T14:05:19+02:00
1c63b7e2-dfd8-41b8-b692-216bf7fac750;Schwimmbad Mühleholz;Das Schwimmbad Mühleholz lädt während den Sommermonaten zum Abkühlen und Entspannen ein.;<p>Das einzige k&uuml;nstliche Freibad Liechtensteins ist ein beliebter Treffpunkt im Sommer und ein wahres Erlebnisbad: Wasserrutsche, Wellenbad, Sprungturm, Kinderbecken, Sportbecken, Massaged&uuml;sen. Dazu geh&ouml;rt eine grossz&uuml;gige, gepflegte Liegewiese sowie ein Restaurant. F&uuml;r Sportbegeisterte besteht die M&ouml;glichkeit, Tischtennis, Fussball, Basketball oder Beach-Volleyball zu spielen.</p><p>Mit dem &laquo;<a href="https://tourismus.li/angebote/freizeit/erlebnispass-2/all-inclusive-erlebnispass.html">ALL INCLUSIVE Erlebnispass</a>&raquo; geniesst du freien Eintritt in das Schwimmbad.</p>;9.50684315350758;47.15255912974321;Schaanerstrasse 60;9490;Vaduz;+423 232 24 77;info@freibad.li;http://www.freibad.li/;[{'@type': 'ImageObject', 'contentUrl': 'https://ltmpimtsoch.sos-ch-dk-2.exoscale-cdn.com/catalog/e/0/8/f/e08f8c7adbe25ddbdda563552c6d0a6fe3785a63_freibad_2024_02_teaser_1593.jpg', 'caption': {'de': 'Blick auf das grosse Schwimmbecken mit bunter Rutschenlandschaft im Schwimmbad Mühleholz', 'en': 'Public swimming pool'}}];2026-09-18T10:29:33+02:00
2022c090-07d1-4362-a24e-8f71486a4297;Park Hotel Sonnenhof;Das Park Hotel Sonnenhof, eine charmante Relais & Châteaux-Residenz, begeistert mit idyllischer Lage, liebevoll gestalteten Zimmern und ausgezeichneter Küche.;<p>Durch seine idyllische Lage im Herzen von Liechtenstein, ungef&auml;hr auf der H&ouml;he von Schloss Vaduz und umgeben von der hoteleigenen Parkanlage mit Quellwasser-Schwimmbad und Sauna, ist der Sonnenhof ein idealer Ort zum Entspannen. Das Restaurant sowie die Hotelzimmer sind mit viel Liebe zum Detail gestaltet. Sie verf&uuml;gen &uuml;ber Balkon bzw. Terrasse mit Aussicht auf die lokalen Weinberge, das Rheintal und die Schweizer Alpen. Die Besucher erwartet eine diskrete, leg&egrave;re Eleganz zum Wohlf&uuml;hlen sowie Familiengeist und inspirierende K&uuml;che.</p><p>Mit der Zustimmung des Hotels sind Haustiere grunds&auml;tzlich erlaubt. Es f&auml;llt eine entsprechende Geb&uuml;hr an.</p>;9.523318906607185;47.14713960081027;Mareestrasse 29;9490;Vaduz;+423 239 02 02;real@sonnenhof.li;https://www.sonnenhof.li;[{'@type': 'ImageObject', 'contentUrl': 'https://ltmpimtsoch.sos-ch-dk-2.exoscale-cdn.com/catalog/d/f/d/b/dfdbbb2f38334fd9a300726b036b6b2861de9b7b_Aussenansicht3.jpg', 'caption': {'de': 'Aussenansicht des Park Hotel Sonnenhof mit Gartenanlage', 'en': 'Park Hotel Sonnenhof'}}];2026-07-09T11:05:56+02:00
21f3a2a8-909b-436a-b01f-f621dc7bc4b3;Vaduzerhof by b_smart;Übernachten im Herzen des Fürstentums Liechtenstein mit Blick auf Schloss Vaduz.;<p>Nur rund vier Autominuten von der Autobahn A13 entfernt, befindet sich der Vaduzerhof by b_smart im Zentrum vom Hauptort Vaduz. Das historische Hotel ist im 1844 erbauten Geb&auml;ude untergebracht, in welchem der Liechtensteiner Landtag von 1862 &ndash; 1867 tagte.</p><p>Einchecken kann man selbst&auml;ndig rund um die Uhr am Check-in Terminal und anschliessend eines der 35 Zimmer beziehen. Nutze die Zentrumslage und flaniere durch die Fussg&auml;ngerzone Vaduz oder entspannen dich im Kellergew&ouml;lbe in der Sauna.</p><p>Egal ob Gesch&auml;ftsreise oder Ferientrip ins F&uuml;rstentum Liechtenstein &ndash; der Vaduzerhof bietet den idealen zentralen Ausgangspunkt.</p><p>Haustiere sind erlaubt, jedoch f&auml;llt eine Geb&uuml;hr von CHF 25 pro Nacht an.</p>;9.52168643474579;47.14120143372696;Städtle 3;9490;Vaduz;+423 237 46 46;info@vaduzerhof.net;https://www.vaduzerhof.net/;[{'@type': 'ImageObject', 'contentUrl': 'https://ltmpimtsoch.sos-ch-dk-2.exoscale-cdn.com/catalog/c/f/c/f/cfcf685eea2ef05d1e1fc0cdcdd1b9da2261a7b3_4862_VADUZERHOF.jpg', 'caption': {'de': 'Aussenansicht des Vaduzerhof by b_smart', 'en': 'Hotel Vaduzerhof, Vaduz'}}];2026-09-09T14:45:19+02:00
22280073-eace-413a-9687-ad62d7039f7a;Rheinbergerdenkmal;Das Rheinbergerdenkmal wurde anlässlich des 100. Geburtstages von Josef Gabriel Rheinberger erstellt.;<p>Anl&auml;sslich des 100. Geburtstages von Josef Gabriel Rheinberger wurde 1939 ein Wettbewerb um die Erstellung eines Denkmales f&uuml;r den Komponisten durchgef&uuml;hrt. Als Siegesprojekt wurde ein Projekt von Franz Marcel Fischer ausgew&auml;hlt, das schliesslich 1940 vor dem Rheinbergerhaus aufgestellt wurde.</p><p>Das Denkmal besteht aus einer B&uuml;ste aus Bronzeguss, welche Josef Gabriel Rheinberger in realistischen Z&uuml;gen darstellt. Links davon ist ein Relief einer Lyra &ndash; Symbol der Musik &ndash; angebracht und rechts befindet sich eine gravierte Inschriftentafel.</p>;9.522544741630554;47.136797028595424;[{'@type': 'ImageObject', 'contentUrl': 'https://ltmpimtsoch.sos-ch-dk-2.exoscale-cdn.com/catalog/6/5/9/3/6593e388e5beae6368cde922c3b58f0fb28a2e26_Rheinberger_Denkmal_1_Skulpturenpark_EV_JulianKonrad.JPG', 'caption': {'de': 'Rheinbergerdenkmal in Vaduz'}}];2026-09-14T20:30:46+02:00
23aed662-7956-417f-b8b5-9431c4c09789;Jägerstube zum Kreuz;Auf dem Stotz im Schellenberg befindet sich ein kleines feines Wirtshaus: die Jägerstube Zum Kreuz.;<p>Die Jägerstube Zum Kreuz ist weitherum bekannt für die schöne Gaststube und den herrlichen Biergarten mit Aussicht auf die Dreischwestern-Bergkette und den Hohen Kasten.</p>;9.54689383506775;47.22957575081231;Stotz 15;9488;Schellenberg;+423 373 29 93;info@kreuz.li;http://www.kreuz.li;[{'@type': 'ImageObject', 'contentUrl': 'https://ltmpimtsoch.sos-ch-dk-2.exoscale-cdn.com/catalog/f/1/8/5/f18585573fb4e158245b733933bacbdbd16a2ec8_jaegerstube_zum_kreuz_schellenberg.jpeg', 'caption': {'de': 'Aussenansicht der Jägerstube zum Kreuz'}}];2025-10-20T14:53:42+02:00
25477eff-8659-4d8b-9911-111abd0d694e;Georg Brot & Kaffee;Das Georg ist ein Café und eine Bäckerei im Herzen von Eschen. Zur Mittagszeit stehen verschiedene Menüs zur Auswahl.;<p>Ein perfekter Cappuccino entsteht, wenn Espresso, frische Milch und cremiger Milchschaum harmonisch zusammenspielen. Bei Georg Brot &amp; Kaffee zaubern erfahrene Baristas kunstvolle Cappuccinos &ndash; auch bekannt als &laquo;Latte Art&raquo;.</p><p>F&uuml;r das feine Geb&auml;ck in der Patisserie kommen nur die besten Zutaten zum Einsatz: aromatische Beeren, saftige Aprikosen, knackige &Auml;pfel und s&uuml;sse Kirschen. Ob eckig, rund oder in besonderen Gr&ouml;ssen &ndash; luftige Quarktorten, cremige Rahmtorten oder klassische Zuger Kirschtorten machen jede Kaffeepause zum Genuss.</p><p>Von Montag bis Freitag zwischen 11:30 und 13:00 Uhr gibt es zudem k&ouml;stliche Mittagsmen&uuml;s. Die Karte bietet eine zus&auml;tzliche Auswahl.</p>;9.523075819015505;47.21244102030644;St. Martins-Ring 3;9493;Eschen;+423 375 02 12;hoi@georg.li;https://www.georg.li/;[{'@type': 'ImageObject', 'contentUrl': 'https://ltmpimtsoch.sos-ch-dk-2.exoscale-cdn.com/catalog/f/9/1/d/f91df79b99385e78ba5db48ab90e5bde8829704f_georg_brot_kaffee_eschen_liechtenstein.jpeg', 'caption': {'de': 'Aussenaufnahme von Georg Brot & Kaffee'}}];2026-09-24T13:26:25+02:00
284526dc-1e92-4f4d-ae3f-50baaaa358e4;Outdoor Adventure Rooms Malbun;Für leidenschaftliche Rätselrater trumpft Malbun mit zwei unterschiedlichen Teamspielen im Outdoor-Adventure-Room-Style auf: Das Magische Malbun Portal und das Agentenspiel Operation Mindfall.;<p>Bei den Outdoor Adventure Rooms handelt es sich um ausgekl&uuml;gelte R&auml;tseljagden durch Liechtensteins Bergort Malbun. Die Teilnehmenden bekommen eine R&auml;tseltasche und ein iPad und los geht die Mission. Nun heisst es gen&uuml;gend Informationen sammeln, um die Welt zu retten. Die R&auml;tsel sind eine Mischung aus Geschicklichkeit, Denkaufgaben, Orientierung und Augmented Reality.</p><p>Das Spiel ist geeignet f&uuml;r Gruppen und Familien.</p><p><strong>Magisches Malbun Portal</strong>: ab 9 Jahren (in Begleitung), <a href="https://www.youtube.com/watch?v=8Imjr_33jN4" target="_blank" rel="noopener noreferrer">mehr zum Spiel</a></p><p><strong>Operation Mindfall</strong>:&nbsp;ab 12 Jahren (in Begleitung), <a href="https://www.youtube.com/watch?v=RWvfktgfMfw" target="_blank" rel="noopener noreferrer">mehr zum Spiel</a></p><p><strong>Startpunkt</strong>:&nbsp;Malbun Center</p><p><strong>Gruppengr&ouml;sse</strong>: 2 - 6 Personen pro iPad (max. 36 Personen gleichzeitig)</p><p>Mit dem &laquo;<a href="https://tourismus.li/angebote/freizeit/erlebnispass-2/all-inclusive-erlebnispass.html">ALL INCLUSIVE Erlebnispass</a>&raquo; spielst du eines der Spiele gratis.<br>Mit dem &laquo;<a href="https://tourismus.li/angebote/freizeit/welcome-erlebnispass.html">WELCOME Erlebnispass</a>&raquo; erh&auml;ltst du 20 % Rabatt.</p><p>Das Angebot ist t&auml;glich von 09:00 - 17:00 Uhr verf&uuml;gbar (Zwischensaison beachten).</p>;9.607962369918825;47.103239389240024;Im Malbun 3;9497;Malbun;+423 239 63 15;malbuninfo@liechtenstein.li;[{'@type': 'ImageObject', 'contentUrl': 'https://ltmpimtsoch.sos-ch-dk-2.exoscale-cdn.com/catalog/3/b/9/c/3b9c1f0f82f63e0b3334a9a0c1d36963bf570fad_EscapeRoom_066521.jpg', 'caption': {'de': 'Zwei Frauen mit iPad lösen Rätsel beim Outdoor Adventure Room in Malbun', 'en': 'Outdoor Adventure Rooms'}}];2026-09-11T09:07:09+02:00
28fa0ecb-c1a2-4035-99c2-0e40291b5168;b_smart restaurant;Geniesse leckeres Essen auf hohem Niveau. Das b_smart bar & restaurant befindet sich im b_smart hotel in Bendern.;<p><span style="text-align: center;">Hier sind Hotelgäste genauso willkommen wie Locals – zum Geschäftsessen oder zum gemütlichen Abschluss des Tages, auf einen Cocktail, ein Glas Wein oder auf ein Feierabendbier.</span></p><p><span style="text-align: center;">Die Menükarte überzeugt mit einer Auswahl an Klassikern wie dem&nbsp;</span><span style="box-sizing: inherit; text-align: center;">b_smart-Burger</span><span style="text-align: center;">&nbsp;mit Trüffel Fries und der&nbsp;</span><span style="box-sizing: inherit; text-align: center;">hausgemachten Pasta</span><span style="text-align: center;">&nbsp;oder regelmässig wechselnden saisonalen Highlights.</span><br></p>;9.502051063802105;47.20533694585859;Selemad 12;9487;Gamprin-Bendern;+423 230 47 49;bendern@smartgastro.li;https://www.b-smarts.net/bendern/restaurant;[{'@type': 'ImageObject', 'contentUrl': 'https://ltmpimtsoch.sos-ch-dk-2.exoscale-cdn.com/catalog/f/0/4/9/f0494bad92c4807a461cb03e2714b033e6ef36e0_b_smart_restaurant_bendern_liechtenstein.jpeg', 'caption': {'de': 'Aussenaufnahme des b_smart hotel in Bendern', 'en': 'b_smart bar & restaurant'}}];2026-09-24T13:53:32+02:00
292d0fb8-7b47-45fd-bbea-4aed789cfc49;Restaurant Gasthaus Krone;Das Restaurant ist nur für vorbestellte Gruppen und Hotelgäste geöffnet.;<p>Unter dem Schatten eines pr&auml;chtigen Kastanienbaums entspannen und den Sommer in vollen Z&uuml;gen geniessen: Die Gartenterrasse des Landgasthofs Krone in Schellenberg ist der perfekte Ort daf&uuml;r.</p><p>Freu dich auf eine gutb&uuml;rgerliche K&uuml;che mit regionalen Spezialit&auml;ten. Besonders empfehlenswert: Grillabende mit saftigen Spareribs vom Holzkohlengrill.</p>;9.547001123428347;47.231367977011566;Dorf 36;9488;Schellenberg;+423 373 11 68;krone.schellenberg@supra.net;http://www.hotelkrone.li;[{'@type': 'ImageObject', 'contentUrl': 'https://ltmpimtsoch.sos-ch-dk-2.exoscale-cdn.com/catalog/2/5/9/1/2591823b9ca32be246ff47811f55191b11a63beb_restaurant_gasthaus_krone_schellenberg.jpeg', 'caption': {'de': 'Aussenaufnahme des Restaurant Gasthaus Krone', 'en': 'Restaurant Gasthaus Krone'}}];2026-09-24T13:04:20+02:00
2f9de122-6aab-430b-baf3-a7f44eb136b3;Bar & Bistro La Piazza;Bei «La Piazza» gibt es italienische Spezialitäten mitten in Schaan.;<p>Das &laquo;La Piazza&raquo; im Herzen von Schaan ist ein beliebter Treffpunkt f&uuml;r Kaffee, Ap&eacute;ro oder einen entspannten Feierabenddrink auf der Terrasse. Von Mittwoch bis Freitag werden feine Tagesmen&uuml;s und ofenfrische Pinsen serviert.</p>;9.510045;47.166844;Landstrasse 5;9494;Schaan;+423 232 11 22;lapiazza@adon.li;https://www.lapiazzaschaan.info/;[{'@type': 'ImageObject', 'contentUrl': 'https://ltmpimtsoch.sos-ch-dk-2.exoscale-cdn.com/catalog/8/b/6/1/8b617d9ed07787db78767b1f96d2aa41f6ca4598_AA0EBB73_F607_4AC3_A268_DE10A947A78B.jpeg', 'caption': {'de': 'Innenraum der Bar & Bistro «La Piazza»'}}];2026-09-11T10:27:29+02:00
30707859-1c9a-49e9-a900-b5f261068150;Restaurant Falknis;Das Restaurant und die Metzgerei Falknis ist ein Familienunternehmen in der mittlerweile dritten Generation.;<p>Im gemütlich eingerichteten Restaurant wirst du mit gutbürgerlicher Küche verwöhnt. Das Team serviert dir gerne hochwertige Fleischspezialitäten aus eigener Produktion, die du auch direkt im Metzgereifachgeschäft erwerben kannst.</p>;9.49602596473949;47.06054229851574;Prär 1;9496;Balzers;+423 384 17 02;office@falknis.li;https://www.falknis.li/restaurant.html;[{'@type': 'ImageObject', 'contentUrl': 'https://ltmpimtsoch.sos-ch-dk-2.exoscale-cdn.com/catalog/1/6/d/5/16d5367f0bcc664f0b5b3ea5e9cfbbcc493f461f_restaurant_falknis_balzers.jpeg', 'caption': {'de': 'Aussenansicht des Restaurants Falknis'}}];2026-06-13T22:01:59+02:00
33e1cc9c-c894-44a3-ab03-51acb09201ad;Hotel-Gasthof Löwen;Der Gasthof Löwen am Nordrand des Vaduzer Zentrums, dessen Kerngebäude auf das Jahr 1388 zurückgeht, gilt als eine der guten Adressen.;<p>Die Zimmer sind mit eleganten Stilm&ouml;beln und bequemen Betten ausgestattet. Mit viel Liebe zum Detail bietet das Hotel seinen G&auml;sten historisches Ambiente und zeitgem&auml;ssen Komfort.</p><p>Das Zentrum von Vaduz ist nur wenige Gehminuten entfernt.</p><p>Mit der Zustimmung des Hotels sind Haustiere grunds&auml;tzlich erlaubt. Es f&auml;llt m&ouml;glicherweise eine entsprechende Geb&uuml;hr an.</p>;9.518821835517885;47.14269373220092;Herrengasse 35;9490;Vaduz;+423 238 11 44;office@hotel-loewen.li;https://www.hotel-loewen.li/tagungen/;[{'@type': 'ImageObject', 'contentUrl': 'https://ltmpimtsoch.sos-ch-dk-2.exoscale-cdn.com/catalog/9/e/d/5/9ed5001c6bd1e9ee6c416248c6f7ad33789eb2bf_2013_hotel_l__wen_vaduz_01__1_.jpg', 'caption': {'de': 'Aussenansicht des Hotel-Gasthof Löwen oberhalb der Weinberge', 'en': 'Hotel-Gasthof Loewen'}}];2026-07-09T08:26:35+02:00
34fb4302-ed65-440c-a577-96624eebdff2;King Kebap;Bei King Kebap erhältst du orientalische Spezialitäten sowie Pizza.;9.50796961784363;47.07653371125007;Gewerbestrasse 4;9496;Balzers;+423 392 12 43;http://kingpizza.li;[{'@type': 'ImageObject', 'contentUrl': 'https://ltmpimtsoch.sos-ch-dk-2.exoscale-cdn.com/catalog/2/a/b/7/2ab7edf8b5df25bad35167ec8aa323da4730122e_king_kebap_balzers.jpeg', 'caption': {'de': 'Aussenansicht des King Kebap'}}];2025-10-20T14:55:53+02:00
356de53d-2d04-40d7-8b9b-ee4223e966d4;Malbun Center;Das Malbun Center ist das Informationszentrum für Gäste im Liechtensteiner Berggebiet.;<p>Das Malbun Center befindet sich direkt am Ortseingang von Malbun beim Schlucher-Treff. Hier erhalten G&auml;ste kompetente Beratung zu Erlebnissen und Wanderungen im Liechtensteiner Berggebiet sowie allgemeine Informationen &uuml;ber Liechtenstein. Zudem gibt es eine Auswahl an kostenlosen Brosch&uuml;ren, die einen &Uuml;berblick &uuml;ber das F&uuml;rstentum bieten.</p><p>Auch den Souvenir-Stempel (kostenlos f&uuml;r alle mit dem &laquo;<a href="https://tourismus.li/angebote/freizeit/erlebnispass-2/all-inclusive-erlebnispass.html">ALL INCLUSIVE Erlebnispass</a>&raquo;) kannst du dir hier holen.&nbsp;</p><p><strong>Malbun bietet vielf&auml;ltige Erlebnisse:</strong></p><ul><li><a href="https://tourismus.li/map/poi/outdoor-adventure-rooms-malbun-284526dc-1e92-4f4d-ae3f-50baaaa358e4.html" target="_blank" rel="noopener noreferrer">Outdoor Adventure Rooms</a></li><li><a href="https://tourismus.li/map/poi/forscherweg-malbun-0d6f3c43-3e69-4041-a9dc-65c2e066b518.html" target="_blank" rel="noopener noreferrer">Forscherweg</a></li><li><a href="https://tourismus.li/map/poi/detektiv-trail-auf-schatzsuche-in-malbun-71fe1cc8-8cbe-41b0-bd99-4098833c4e3e.html" target="_blank" rel="noopener noreferrer">Detektiv-Trail</a> (<span data-teams="true">w&auml;hrend der Sommersaison</span>)</li><li><a href="https://tourismus.li/map/poi/alpen-minigolf-malbun-b1841deb-d9e5-4522-bef3-35902d33cf46.html" target="_blank" rel="noopener noreferrer">Alpen-Minigolf</a> (<span data-teams="true">w&auml;hrend der Sommersaison</span>)</li><li><a href="https://tourismus.li/map/poi/alpherzweg-malbun-d88331f4-1aea-4247-b137-2a39f9eae7b8.html" target="_blank" rel="noopener noreferrer">Alpherzweg Malbun</a> (<span data-teams="true">w&auml;hrend der Sommersaison</span>)</li><li><a href="https://tourismus.li/map/poi/schaukelpfad-441ea744-e860-4639-aefe-3a550599a8f6.html" target="_blank" rel="noopener noreferrer">Schaukelpfad</a> (<span data-teams="true">w&auml;hrend der Sommersaison</span>)</li></ul>;9.607951641082764;47.10323981393031;Im Malbun 3;9497;Malbun;+423 239 63 15;malbuninfo@liechtenstein.li;[{'@type': 'ImageObject', 'contentUrl': 'https://ltmpimtsoch.sos-ch-dk-2.exoscale-cdn.com/catalog/f/6/9/f/f69fbb0e72aec607e2f460422edb0fd10c663aeb_Malbun_Center____Urs_Conrad_.jpg', 'caption': {'de': 'Blick auf das Malbun Center mit Liechtensteins Bergpanorama im Hintergrund', 'en': 'Malbun Center'}}];2026-08-14T07:33:33+02:00
35b3f8ec-4334-434f-8691-33bf5d52a16a;Made in Italy;Das Restaurant Made in Italy ist besonders bekannt für seine original italienischen Pastagerichte und seine Patisserie. Pizza gibt es jeweils am Samstag.;<p>Italienisches Flair mitten in Vaduz: Köstliches Essen und gemütliche Atmosphäre laden inländische und ausländische Gäste zum Geniessen ein.</p>;9.520243406295778;47.14161724387356;Herrengasse 9;9490;Vaduz;+423 230 23 45;info@made-in-italy.li;http://www.made-in-italy.li;[{'@type': 'ImageObject', 'contentUrl': 'https://ltmpimtsoch.sos-ch-dk-2.exoscale-cdn.com/catalog/e/d/5/0/ed50e8893a31b008ca816a4c24d4cde38f5b5f57_image00001.jpeg', 'caption': {'de': 'Aussenaufnahme des «Made in Italy»'}}];2026-09-22T11:50:49+02:00
35c528b1-b61c-4d46-a81d-5946bfdcbf00;Kapelle St. Wendelin und Martin;Die Kapelle befindet sich auf 1316 m ü. M. im Maiensäss Steg und steht seit 1951 unter Denkmalschutz.;<p>Die Kapelle St. Wendelin und Martin befindet sich im Maiens&auml;ss Steg und liegt direkt an der Strasse ins Malbun. Sie wurde bereits im ausgehenden 17. Jahrhundert erstmals erw&auml;hnt und pr&auml;gt seither das Landschaftsbild des Saminatals. Als kulturelles Wahrzeichen von Steg steht sie seit 1951 unter liechtensteinischem Denkmalschutz und wurde zuletzt im Jahr 2016 renoviert.</p>;9.578533173675009;47.111940497302584;[{'@type': 'ImageObject', 'contentUrl': 'https://ltmpimtsoch.sos-ch-dk-2.exoscale-cdn.com/catalog/9/1/d/8/91d8ca8e50b1294cec55e235c5aa56ed16258488_image00001.jpeg', 'caption': {'de': 'Kapelle von hinten, daneben der Malbunbach'}}];2026-09-14T14:12:06+02:00
37dae97e-639a-45a8-8d53-d32ad0ead8a2;Balu Bäckerei Konditorei;Das «Balu» liegt im Vaduzer Städtle und bietet neben feinen Backwaren auch ein abwechslungsreiches Angebot für ein unkompliziertes Mittagessen.;<p>Das helle Ambiente lädt ein, ein Frühstück mit feinem Espresso, ein Mittagessen oder ein Stück Torte zu geniessen. Das Angebot an Brotprodukten, Patisserie und Sandwiches ist gross. Zudem sind täglich frische Salate, Wraps und Convenience Menus erhältlich.</p>;9.52284932380162;47.14051281744882;Städtle 17;9490;Vaduz;+423 233 33 73;balu@thoeny.li;http://www.baluvaduz.li;[{'@type': 'ImageObject', 'contentUrl': 'https://ltmpimtsoch.sos-ch-dk-2.exoscale-cdn.com/catalog/1/1/2/9/11297b88555eeb33901c3ddf09c8dfe2e8cb63cf_balu.jpeg', 'caption': {'de': 'Aussenansicht der Balu Bäckerei Konditorei mit gemütlicher Terrasse', 'en': 'Balu Bäckerei Konditorei'}}];2026-09-11T10:26:48+02:00
3c87193c-b4aa-4a2d-9da1-ec467fe92bf6;Alpin Royal Hotel;Erlebe stilvolle Entspannung im Alpin Royal Hotel in Liechtenstein. 26 moderne Zimmer und fünf elegante Suiten, kombiniert mit erstklassigem Service, sorgen für erholsame Aufenthalte.;<p>Inmitten eines wirtschaftlich starken Umfelds und mit Blick auf die beeindruckende Bergwelt Liechtensteins und der Schweiz heisst das Alpin Royal Hotel sowohl anspruchsvolle Geschäftsreisende als auch Urlauber willkommen, die stilvollen Komfort und naturnahe Erholung schätzen.</p><p>Die 26 modernen Zimmer und fünf grosszügigen Suiten bieten ideale Voraussetzungen für erholsame Tage. Ein reichhaltiges Frühstücksbuffet ist im Zimmerpreis inbegriffen. Am Abend verwöhnt das hauseigene Restaurant mit regional inspirierter Küche und einer erlesenen Auswahl an Weinen seine Gäste.</p><p>Dank kostenfreier Tiefgarage und der Nähe zur Autobahn A13 bei Buchs - nur sechs Minuten entfernt - gestaltet sich die Anreise besonders bequem.</p><p>Aktive Gäste finden in der Umgebung vielfältige Möglichkeiten: Ob Wandern, Radfahren oder ein spannender Abend im Alpin Royal Casino - Freizeitvergnügen ist garantiert.</p><p>Ganz gleich, ob geschäftlicher Aufenthalt oder entspannte Auszeit: Das Alpin Royal Hotel steht für Erholung, Genuss und unvergessliche #RoyalMoments - mitten in Liechtenstein.</p>;9.510115385055544;47.17457711028904;Im Rietacker 8;9494;Schaan;+423 399 88 88;hotel@alpin-royal.li;https://alpin-royal.li/hotel/;[{'@type': 'ImageObject', 'contentUrl': 'https://ltmpimtsoch.sos-ch-dk-2.exoscale-cdn.com/catalog/2/0/0/9/2009ab321eaf18e2e7f6eab789f36e5a8b2254de_10___KPZ_1297_2.jpg', 'caption': {'de': 'Modern und gemütlich eingerichtetes Doppelzimmer im Alpin Royal Hotel'}}];2026-05-08T11:13:52+02:00
3e794723-f107-4c3c-b71c-14481a68c27a;Rofenbergkapelle;Die Rofenbergkapelle in Eschen, vermutlich in der ersten Hälfte des 16. Jahrhunderts erbaut, ist ein Wahrzeichen der Gemeinde Eschen-Nendeln.;<p>Die dem Heiligen Kreuz geweihte Rofenbergkapelle liegt im Ortsteil Rofaberg der Gemeinde Eschen und wurde vermutlich in der ersten H&auml;lfte des 16. Jahrhunderts errichtet. Sie befindet sich an einem markanten Standort auf 494 m &uuml;. M., wo einst der historische Verkehrsweg ins Toggenburg vorbeif&uuml;hrte. Die Kapelle ist ein bedeutendes Wahrzeichen der Gemeinde Eschen-Nendeln.</p>;9.51751828619708;47.21239728182386;[{'@type': 'ImageObject', 'contentUrl': 'https://ltmpimtsoch.sos-ch-dk-2.exoscale-cdn.com/catalog/0/7/d/3/07d33d4dfbd88b0505a97738a050d85f53d1d451_Rofenbergkapell_Eschen.jpeg', 'caption': {'de': 'Aussenansicht der Rofenbergkapelle'}}];2026-09-14T14:10:46+02:00
3f8f1243-9710-4a72-8ad2-12fff80c0008;Dolce Gusto;Das Dolce Gusto bietet frische Pasta, Holzofenpizzen, Fisch und Fleisch in typisch italienischem Ambiente – mit gemütlicher Terrasse im Innenhof.;<p>Das Ristorante &amp; Pizzeria Dolce Gusto begeistert mit einer täglich frischen Auswahl an Pasta, knusprigen Pizzen aus dem Holzofen, sowie Fisch- und Fleischgerichten. Das Restaurant bietet Platz für 150 Gäste in einem modernen, typisch italienischen Ambiente. In den warmen Monaten erweitert die Terrasse im Innenhof das Platzangebot und lädt zum entspannten Genuss ein.</p>;9.508296847343447;47.16565756092783;Poststrasse 27;9494;Schaan;+423 230 04 94;booking@ristorantedolcegusto.li;https://ristorantedolcegusto.li/;[{'@type': 'ImageObject', 'contentUrl': 'https://ltmpimtsoch.sos-ch-dk-2.exoscale-cdn.com/catalog/7/f/0/0/7f00fccd2fe4f158930d5e3d7f04034cce60e588_dolce_gusto_schaan_restaurant.jpeg', 'caption': {'de': 'Aussenaufnahme des Dolce Gusto', 'en': 'Ristorante & Pizzeria Dolce Gusto'}}];2026-09-24T13:38:25+02:00
41621cc9-56f3-4a0f-8cdc-91ca476452ec;KOKON Restaurant;Im KOKON Restaurant ist alles darauf ausgerichtet die Sinne zu wecken: Die Architektur der Räume, die Komposition am Teller, die Sinnlichkeit im Glas.;<p>Die internationale Küche im KOKON verspricht globalen Genuss mit lokalen Spezialitäten. Dank der Showküche des Restaurants kannst du den Küchenchefs bei der Zubereitung ihrer Kreationen jederzeit über die Schulter blicken. Das Restaurant ist ein idealer Treffpunkt zu jeder Gelegenheit – für ein anregendes Mittagsessen als willkommene Pause, das wohl verdiente Bier mit Freunden nach der Arbeit, oder das stimmungsvolle Dinner mit erlesenen Weinen und Lavasteingrill am Abend.</p>;9.52668070793152;47.24928683800602;Industriering 3;9491;Ruggell;+423 373 43 43;office@restaurant-kokon.li;http://www.kokon-restaurant.li;[{'@type': 'ImageObject', 'contentUrl': 'https://ltmpimtsoch.sos-ch-dk-2.exoscale-cdn.com/catalog/6/8/9/9/689912a5d9d65ae1b1b031c4a43f4258654e920a_kokon_restaurant_ruggell_liechtenstein.jpeg', 'caption': {'de': 'Aussenaufnahme des KOKON Restaurant', 'en': 'Restaurant Kokon'}}];2026-09-24T13:01:16+02:00
41c17a39-4f2c-42b4-a35a-f15989d36520;Kloster by b_smart;Das Kloster by b_smart vereint historischen Charme mit modernem Komfort und bietet stilvolle Zimmer mit beeindruckender Aussicht.;<p>G&auml;ste geniessen die historischen Grundmauern des&nbsp;Klosters St. Elisabeth&nbsp;mit einer einzigartigen Aussicht auf Schaan und Liechtenstein. Das modern renovierte Hotel&nbsp;Kloster by b_smart&nbsp;hat beim Umbau die Historie des Hauses ber&uuml;cksichtigt und l&auml;dt auf eine einzigartige Entdeckungsreise ein.&nbsp;</p><p>Direkt vor den Toren des Klosters liegt der Wirtschafts- und Industriestandort Liechtenstein. Somit eignet sich das Hotel perfekt f&uuml;r Gesch&auml;fts- wie auch Freizeitreisende. Durch den modernen Stil des Hotels, welcher sich mit dem historischen Kloster vereint, entsteht&nbsp;ein einzigartiges G&auml;steerlebnis.</p><p>Mit 19 hellen und modernen Zimmern bietet das Kloster by b_smart genug Platz, um sich wohl zu f&uuml;hlen.</p><p>Mit der Zustimmung des Hotels sind Haustiere grunds&auml;tzlich erlaubt. Es f&auml;llt eine entsprechende Geb&uuml;hr an.</p>;9.519996643066408;47.1668392021193;Duxgasse 55;9494;Schaan;+423 222 09 94;info@kloster-schaan.net;https://www.kloster-schaan.net/;[{'@type': 'ImageObject', 'contentUrl': 'https://ltmpimtsoch.sos-ch-dk-2.exoscale-cdn.com/catalog/b/3/1/a/b31af89e88c8ccad2a0bda171e597bd571dc7ed4_kloster_22.jpg', 'caption': {'de': 'Doppelzimmer im Kloster by b_smart', 'en': 'Kloster by b_smart'}}];2026-09-03T04:02:16+02:00
42c9a17a-c7c4-4083-a8bc-92b09e92622f;Pizzeria il Salento;Die Pizzeria il Salento ist ein Geheimtipp für Pizzaliebhaber.;<p>Die Pizzaria il Salento liegt an der Hauptstrasse in der Gemeinde Triesen. Bekannt ist das Lokal für seine riesigen Pizzas, die mit ihrem hauchdünnen und knusprigen Boden eine wahre italienische Gaumenfreude sind.</p>;9.524062992885353;47.11693398998602;Landstrasse 93;9495;Triesen;+41 79 689 10 90;ilsalento.triesen@gmail.com;https://www.ilsalento.li/;[{'@type': 'ImageObject', 'contentUrl': 'https://ltmpimtsoch.sos-ch-dk-2.exoscale-cdn.com/catalog/2/0/8/6/2086078c55cbd1257f576405e6952b2b503a5730_pizzeria_il_salento_triesen.jpeg', 'caption': {'de': 'Aussenaufnahme der Pizzeria il Salento'}}];2026-09-22T13:09:52+02:00
43f69f8f-8814-412b-b8e5-d6ec3b308ee2;Kapelle St. Sebastian;Die Kapelle St. Sebastian in Nendeln wurde 1935 erbaut.;<p>Sie steht n&ouml;rdlich des urspr&uuml;nglichen Standorts aus dem Pestjahr 1639. Der schlichte Bau geh&ouml;rt zur Pfarrei Eschen und ist bis heute ein Ort der Besinnung.</p>;9.544839262962343;47.19924032309368;Sebastianstrasse 9;9485;Nendeln;[{'@type': 'ImageObject', 'contentUrl': 'https://ltmpimtsoch.sos-ch-dk-2.exoscale-cdn.com/catalog/8/1/1/a/811a760bdd373a788516398bb521a7bd039c8db5_kapelle_nendeln.jpeg', 'caption': {'de': 'Aussenansicht der Kapelle St. Sebastian'}}];2026-09-14T14:11:38+02:00
44749619-978a-4e81-ac71-41ea99dfc437;Pfarrkirche St. Gallus;Die Pfarrkirche prägt mit ihrer wechselvollen Geschichte das Ortsbild der Gemeinde Triesen.;<p>Die urspr&uuml;ngliche Pfarrkirche St. Gallus lag 120 m nord&ouml;stlich der heutigen Kirche und wurde um 1458 erstmals erw&auml;hnt. Ausgrabungen haben Teile dieses fr&uuml;heren Kirchenbaus freigelegt. Die heutige Kirche an der Dorfstrasse entstand zwischen 1841 und 1843 nach Pl&auml;nen des Wiener Architekten Georg Wingelm&uuml;ller. In den Jahren 1991 bis 1994 wurde das Gotteshaus umfassend umgebaut und neugestaltet.</p>;9.530280232429506;47.10627772681848;Dorfstrasse 56;9495;Triesen;[{'@type': 'ImageObject', 'contentUrl': 'https://ltmpimtsoch.sos-ch-dk-2.exoscale-cdn.com/catalog/2/f/7/2/2f72091f27ff09d81a0152a28510ec6116c46fc6_kirche_triesen.jpeg', 'caption': {'de': 'Aussenansicht der Pfarrkirche St. Gallus'}}];2026-09-14T14:30:55+02:00
46c2753d-c7b0-4338-bc5e-569dfc7bf2da;Zwei Bar & Lounge;Die Zwei Bar liegt im Herzen von Vaduz. Coole Drinks, heisse Beats und besondere Events – das ganze Jahr über.;<p data-start="159" data-end="401">Seit 2004 ist die Bar&nbsp;der Place-to-be in Vaduz. Ob DJ-Sounds am Wochenende, Sommerfeeling in der Outdoor-Bar oder winterlicher Charme in der Zweinachtsbar mit Glühwein und Raclette – hier ist immer etwas los.</p>;9.521766944334704;47.1392976319315;Äulestrasse 45;9490;Vaduz;+41 79 625 36 00;info@zwei.li;http://www.zwei.li/#!about;[{'@type': 'ImageObject', 'contentUrl': 'https://ltmpimtsoch.sos-ch-dk-2.exoscale-cdn.com/catalog/6/2/a/f/62af15b9f6a56a782bee2b79ebd13d9edba0c602_zwei_bar_lounge_vaduz.jpeg', 'caption': {'de': 'Aussenaufnahme der Zwei Bar & Lounge', 'en': 'Zwei Bar & Lounge'}}];2026-09-22T12:50:55+02:00
472bf920-6ad3-48cf-bd74-40251c223002;Gasthaus Krone;Das Gasthaus Krone in Schellenberg ist ein kinderfreundliches Haus mit gutbürgerlicher Küche.;<p>Das Gasthaus ist ruhig gelegen und idealer Ausgangspunkt für Ausflüge und leichte Wanderungen. Entspannen kann man im hauseigenen Hallenbad.</p><p>Ab einem Aufenthalt von sieben Tagen erhalten Gäste einen «Long Stay Rabatt».</p>;9.546990394592287;47.231371638188136;Dorf 36;9488;Schellenberg;+423 373 11 68;krone.schellenberg@supra.net;http://www.hotelkrone.li;[{'@type': 'ImageObject', 'contentUrl': 'https://ltmpimtsoch.sos-ch-dk-2.exoscale-cdn.com/catalog/c/d/5/b/cd5b0a2f01bc775e16d3a4ab67200b8c23992c84_2013_hotel_krone_schellenberg_01.jpg', 'caption': {'de': 'Aussenansicht des Gasthaus Krone'}}];2026-05-15T10:41:54+02:00
47a5ec25-bf69-415d-bc29-7d4b300a3b30;JUFA Hotel Malbun;Das familienfreundliche JUFA Hotel Malbun befindet sich mitten in den Liechtensteiner Alpen und garantiert Freizeitvergnügen in idyllischer Berglandschaft.;<p>Das moderne Hotel liegt im Hochtal Malbun, eingebettet in die Alpen Turna und Pradamee, in der Gemeinde Triesenberg.</p><p>Im JUFA Hotel Malbun f&uuml;hlen sich Familien besonders wohl. Mit der Kinderspielelandschaft, den hoteleigenen Familienangeboten, angefangen beim Kinderspielbereich und der hoteleigenen Kinderbetreuung in den Ferien, &uuml;ber gef&uuml;hrte Wanderungen, bis hin zur Kleinsporthalle, kommt bei Gross und Klein garantiert keine Langeweile auf.</p><p>Durch die unmittelbare Lage inmitten der Berge geniessen die G&auml;ste im Sommer wie im Winter den Komfort, direkt beim Hotel mit verschiedensten Freizeitaktivit&auml;ten starten zu k&ouml;nnen. Sei es zu einer Wanderung auf die umliegenden Gipfel oder zu einem sportlichen Skitag auf 1600 &ndash; 2000 m &uuml;. M.</p><p>Malbun hat all seine Angebote gezielt auf die Bed&uuml;rfnisse von Kindern, Eltern und Begleitpersonen ausgerichtet. Das JUFA Hotel tr&auml;gt zudem das G&uuml;tesiegel &laquo;TOP Familienhotel&raquo;.</p><p><strong>Das JUFA Hotel Malbun&nbsp;bietet:</strong></p><ul><li>58 Zimmer</li><li>Alle Zimmer mit Allergiker-Ausstattung, Dusche, WC, TV, Safe, WLan</li><li>Caf&eacute;/Bar sowie Restaurant</li><li>Sonnenterrasse direkt an der Skipiste</li><li>Alpin Wellness (Sauna, Dampfbad, Infrarot, Ruhezone)</li><li>Multifunktionsr&auml;ume (Seminar, Aufenthaltsr&auml;ume f&uuml;r Gruppen)</li><li>Indoor Kleinkinderspielbereich &laquo;Kinderland&raquo; und Outdoorspielplatz</li><li>Kleinsporthalle (10 x 18 m)</li><li>Fitnessraum</li><li>Skistall und Trockenraum</li><li>Kinderbetreuung in den Ferien</li></ul><p>Haustiere sind grunds&auml;tzlich erlaubt. Es f&auml;llt eine entsprechende Geb&uuml;hr an.</p>;9.604952931404116;47.10495579492308;Malbunstrasse 60;9497;Malbun;+423 399 20 00;fom.malbun@jufahotels.com;https://www.jufa.eu;[{'@type': 'ImageObject', 'contentUrl': 'https://ltmpimtsoch.sos-ch-dk-2.exoscale-cdn.com/catalog/6/d/0/1/6d0162b2b87966bd6990ef2ac1249dca4a1099c7_JUFA_Sommer_1.jpg', 'caption': {'de': 'Aussenansicht des JUFA Hotel Malbun, umgeben von Bergen', 'en': 'JUFA Hotel'}}];2026-08-12T07:34:19+02:00
48e9d296-7a41-43d5-809d-32ac4c77e9a6;LUDWIGS – Café am Sonnenplatz;Das LUDWIGS ist ein Ort zum Erholen und Zusammenkommen mitten im Herzen von Triesen.;<p>Geniesse ein Frühstück, einen Kaffee mit köstlichem Kuchen oder entdecke eine Auswahl an Speisen für den Genuss vor Ort oder  unterwegs. Das warme Ambiente lädt zu entspannten Momenten ein.</p>;9.525350332260134;47.10916232934824;Landstrasse 251;9495;Triesen;+423 392 20 07;ludwigs@fl1.li;https://ludwigs.li/;[{'@type': 'ImageObject', 'contentUrl': 'https://ltmpimtsoch.sos-ch-dk-2.exoscale-cdn.com/catalog/c/e/5/e/ce5e22d8bd042af22b730579e7a398a1debc3a11_ludwigs_cafe_sonnenplatz_triesen.jpeg', 'caption': {'de': 'Aussenaufnahme des LUDWIGS'}}];2026-09-22T13:12:21+02:00
4ac32674-679e-4b9f-a7f2-a524b090bc14;Greifvogel-Show;Die Greifvogel-Show bietet faszinierende Einblicke in die Kunst der Falknerei. Aus nächster Nähe lassen sich Steinadler, Uhu, Bussard und Falke in Aktion beobachten.;<p>Bei der Greifvogel-Show kannst du die beeindruckenden J&auml;ger der L&uuml;fte aus n&auml;chster N&auml;he erleben. Steinadler, Harris Hawk, Uhu, Bussard und Falke zeigen auf der Sonnenterrasse des Hotel Galina ihre Flugk&uuml;nste und erstaunlichen F&auml;higkeiten.</p><p>Die Show bietet spannende Einblicke in die Tradition der Falknerei. Ein besonderes Erlebnis f&uuml;r alle, die sich f&uuml;r die Natur und ihre faszinierenden J&auml;ger interessieren.</p><p><strong>Durchf&uuml;hrung</strong>: Die &ouml;ffentliche Greifvogel-Show findet von Anfang Juni bis Anfang Oktober jeden Samstag und Sonntag um 14:00 Uhr statt. Private Greifvogel-Shows sind t&auml;glich buchbar.</p><p>Mit dem &laquo;<a href="https://tourismus.li/angebote/freizeit/erlebnispass-2/all-inclusive-erlebnispass.html">ALL INCLUSIVE Erlebnispass</a>&raquo; geniesst du freien Eintritt zur Greifvogel-Show.<br>Mit dem &laquo;<a href="https://tourismus.li/angebote/freizeit/welcome-erlebnispass.html">WELCOME Erlebnispass</a>&raquo; erh&auml;ltst du 20 % Rabatt auf den Eintritt.</p>;9.608225226402284;47.10224293695368;Im Malbun 20;9497;Malbun;+423 784 34 24;info@galina.li;https://www.galina.li/greifvogel-flugshow;[{'@type': 'ImageObject', 'contentUrl': 'https://ltmpimtsoch.sos-ch-dk-2.exoscale-cdn.com/catalog/8/c/b/3/8cb30a973be94b0f2876c3a2e29e60c16b21b520_Kinderregion_Malbun_SELECTS_HR_131.jpg', 'caption': {'de': 'Ein Junge hält einen Greifvogel auf dem Arm, angeleitet von einem Falkner', 'en': 'Birds of prey flight show'}}];2026-07-21T15:18:31+02:00
4b6176fd-5f48-46c5-8e3e-b0a50fb78c1b;Restaurant Schneeflucht;Das Restaurant Schneeflucht befindet sich direkt am Skilift Schneeflucht in Malbun.;<p>In der gemütlichen Gaststube oder auf der Sonnenterrasse lässt es sich bestens entspannen, während man die Bergwelt geniesst. Die wechselnden Tagesangebote sorgen für Abwechslung und auf der Speisekarte finden sich auch beliebte Gerichte für Kinder – perfekt für eine Stärkung nach dem Pistenvergnügen.</p><p>Das Restaurant ist ein reiner Winterbetrieb und ist nur während der Skisaison offen.</p>;9.599508047103884;47.109530878671784;9497;Malbun;+423 262 40 50;restaurant@schneeflucht.li;https://www.schneeflucht.li/;[{'@type': 'ImageObject', 'contentUrl': 'https://ltmpimtsoch.sos-ch-dk-2.exoscale-cdn.com/catalog/3/3/6/1/3361f5967dc95120f8cf8fdd2e9d8f170e990f83_restaurant_schneeflucht_malbun_liechtenstein.jpeg', 'caption': {'de': 'Aussenaufnahme des Restaurant Schneeflucht'}}];2026-09-22T14:15:30+02:00
4bf92b3a-5798-476c-9eaa-7575823fe7d8;Berggasthaus Masescha;Das Berggasthaus Masescha liegt rund 1200 m ü. M. in Masescha oberhalb von Triesenberg und begeistert Gäste mit einer Küche, die mit 13 Gault-Millau-Punkten ausgezeichnet ist.;<p>Das Restaurant lockt mit zwei typischen Walserstübli, einem Speisesaal und einer Sonnenterrasse, die einen spektakulären Blick auf das Rheintal und die Bergwelt eröffnet.&nbsp;</p><p>Auf der Karte findet man wechselnde saisonale Gerichte aus vorwiegend regionalen Zutaten. Die beliebten&nbsp;«Masescha» Klassiker, wie das Geschnetzelte mit Rösti, das Wiener Schnitzel oder das Cordon Bleu sind immer erhältlich. Über die Grenzen bekannt ist «Maria’s gedeckter Apfelkuchen», dessen Rezept seit vielen Jahren ein streng gehütetes Familiengeheimnis ist.</p><p>Das Berggasthaus eignet sich für Sitzungen und Anlässe jeglicher Art.</p>  ;9.543678589739589;47.131928756890275;Maseschastrasse 48;9497;Masescha;+423 262 23 37;kontakt@masescha.li;http://www.masescha.li;[{'@type': 'ImageObject', 'contentUrl': 'https://ltmpimtsoch.sos-ch-dk-2.exoscale-cdn.com/catalog/8/b/d/5/8bd5c9c698117b43b19973e356436f9ec8d1f3ef_berggasthaus_masescha_liechtenstein.jpeg', 'caption': {'de': 'Aussenaufnahme des Berggasthaus Masescha', 'en': 'Berggasthaus Masescha'}}];2026-09-23T08:34:48+02:00
4c0a9c15-8f57-4a60-8fff-b840e3e33241;Hoi-Laden;Der Hoi-Laden ist eine kleine Boutique im Herzen von Vaduz, in dem sich alles um authentische und hochwertige Souvenirs und Geschenkartikel aus Liechtenstein und der Region dreht.;<p>Das ausgew&auml;hlte Sortiment reicht von Papierwaren, B&uuml;chern, Kinderbekleidung, lokalen Lebensmitteln bis hin zu auserlesenen Dingen f&uuml;r den K&uuml;chenbedarf oder die Freizeit. Alle Produkte haben eines gemeinsam: Sie werden mit Liebe zum Detail entwickelt und mit Sorgfalt f&uuml;r die Kunden ausgesucht. Ein St&uuml;ck Heimatgef&uuml;hl als Geschenk f&uuml;r Familienangeh&ouml;rige, Freunde, Bekannte, Arbeitskollegen aus dem In- und Ausland oder f&uuml;r sich selbst.</p><p>Mit dem &laquo;<a href="https://tourismus.li/angebote/freizeit/erlebnispass-2/all-inclusive-erlebnispass.html">ALL INCLUSIVE Erlebnispass</a>&raquo; geniesst du im Hoi-Laden kostenlos ein Glas f&uuml;rstlicher Wein, Traubensaft oder einen 32PeaksGin-Tonic.</p>;9.522749636365354;47.139283370330254;Städtle 35;9490;Vaduz;+423 230 39 39;post@hoi-laden.li;http://www.hoi-laden.li;[{'@type': 'ImageObject', 'contentUrl': 'https://ltmpimtsoch.sos-ch-dk-2.exoscale-cdn.com/catalog/3/4/0/6/34061ff98d015a1023178e3ab0d257f3b98628ef_2022_07_12_Kulturzentrum_Vaduz_0790.JPG', 'caption': {'de': 'Innenraum des Hoi-Laden mit tollen Produkten aus Liechtenstein', 'en': 'Hoi-Laden'}}];2026-09-11T10:00:31+02:00
4d98751d-cf02-45bf-8662-4f48e23aca67;Restaurant Lio;Das Restaurant Lio in Schaan ist ein Ort, an dem Moderne auf Tradition trifft.;<p>Neben Steaks vom 800° Southbend Grill, Pizzen aus dem neapolitanischen Holzofen und hausgemachten Pasta-Spezialitäten geniesst du auch ausgewählte Weine. Ziel des Restaurants ist es, mit viel Charme, grossem Einsatz und einer willkommenen Prise Humor, Gerichte auf höchstem Niveau zu servieren.</p>;9.510136842727663;47.16792246059505;Poststrasse 2;9494;Schaan;+423 232 10 01;reservation@lio.li;https://www.lio.li/;[{'@type': 'ImageObject', 'contentUrl': 'https://ltmpimtsoch.sos-ch-dk-2.exoscale-cdn.com/catalog/6/5/8/9/6589d8c4b021113e07a765b92a9627a008593668_restaurant_lio_schaan_liechtenstein.jpeg', 'caption': {'de': 'Aussenaufnahme des Restaurant Lio', 'en': 'Restaurant Lio'}}];2026-09-24T13:43:16+02:00
4df2570d-1c90-43e5-a38b-3337155b3bb5;Restaurant Edelweiss;Das Restaurant Edelweiss befindet sich an herrlicher Lage in Triesenberg und bietet eine vielfältige Menüauswahl. ;<p>Das Restaurant wird in der vierten Generation von Jürgen Gassner und Mirjam Müller geführt.</p><p>Nicht nur währschafte und traditionelle regionale Kost wie die Triesenberger Wochen gibt es hier zu geniessen, auch diverse kulinarische Themenabende wie Sushi-Abende oder Spezialitätenwochen haben ihren festen Platz im Restaurant Edelweiss.<br></p>;9.543912097021526;47.11855372872113;Bergstrasse 5;9497;Triesenberg;+423 262 19 04;info@restaurantedelweiss.li;http://www.restaurantedelweiss.li;[{'@type': 'ImageObject', 'contentUrl': 'https://ltmpimtsoch.sos-ch-dk-2.exoscale-cdn.com/catalog/1/2/f/e/12fef1160c1a3ade5fcbe937cde5868032bef310_restaurant_edelweiss_triesenberg.jpeg', 'caption': {'de': 'Aussenaufnahme des Restaurant Edelweiss', 'en': 'Restaurant Edelweiss'}}];2026-09-22T14:01:39+02:00
4fef856a-5c35-4ff7-9506-891f694097f7;B&B Hotel Liechtenstein-Eschen;Das B&B Hotel Liechtenstein-Eschen begrüsst seine Gäste mit modernem Design, hellen Zimmern und durchdachter Ausstattung.;<p data-start="379" data-end="728">Die Zimmer sind hell und freundlich gestaltet und &uuml;berzeugen mit klarem Design sowie einer Ausstattung, die auf die Bed&uuml;rfnisse von Reisenden zugeschnitten ist. Ganz gleich, ob gesch&auml;ftlich unterwegs, auf Entdeckungstour durch die kulturellen Highlights des F&uuml;rstentums oder auf der Suche nach Naturerlebnissen &ndash; das Hotel ist ein idealer Ausgangspunkt.</p><p data-start="730" data-end="821">Jeden Morgen erwartet die G&auml;ste ein abwechslungsreiches und reichhaltiges Fr&uuml;hst&uuml;cksbuffet.</p>;9.536626338958742;47.20648692050958;Wirtschaftspark 41;9492;Eschen;+423 375 07 70;liechtenstein-eschen@hotelbb.com;https://www.hotel-bb.com/de/hotel/liechtenstein-eschen;[{'@type': 'ImageObject', 'contentUrl': 'https://ltmpimtsoch.sos-ch-dk-2.exoscale-cdn.com/catalog/e/c/f/2/ecf21a7a99bcb61945c6a2eb1aa3e0314d4ba0a3_CSP_10282024_Ospelt_Flow_014.jpg', 'caption': {'de': 'Modernes Doppelzimmer des B&B Hotel Liechtenstein-Eschen'}}];2026-06-02T14:18:49+02:00
5196b078-aaa7-4f41-9824-210fcb1867cc;Resonare auf Krest;Die Skulptur des Eisenplastikers Edgar Büchel aus Balzers macht Kunst erlebbar.;<p>Eine Skulptur, die angefasst und betreten werden darf, sogar soll.</p><p>Sie spricht alle wichtigen Sinneskanäle an. Der Besucher darf die Skulptur alleine oder mit mehreren Personen betreten und über die Sprech- und Hörmuscheln in Interaktion mit ihr treten. Gibt er einen Laut in die Sprechmuschel ab, entstehen durch den Resonanzkörper Schwingungen, die auch im eigenen Körper spürbar sind. Dadurch ist sie nicht nur visuell sondern auch auditiv und kinästhetisch wahrnehmbar und Besuchende können Kunst richtig erleben.</p><p><a href="https://eisenplastiker.li/" rel="noopener noreferrer" target="_blank">Informationen zum Künstler Edgar Büchel</a></p>;9.511286783249057;47.21623620640483;[{'@type': 'ImageObject', 'contentUrl': 'https://ltmpimtsoch.sos-ch-dk-2.exoscale-cdn.com/catalog/8/e/2/5/8e2589140d8e19026dfec22f27680ed790851c96_Resonare_Krest.jpeg', 'caption': {'de': 'Skulptur «Resonare» aus rostigem Metall auf der Anhöhe Krest mit Blick auf das Rheintal', 'en': 'Resonare'}}];2026-09-15T13:10:25+02:00
51d1d5c2-6c28-48fc-b241-fafa54d73663;Jugendherberge Schaan-Vaduz;Die Jugendherberge befindet sich in ruhiger Lage und bietet eine ideale Unterkunft für Familien, Sportgruppen und Seminarteilnehmende.;<p>Die Jugendherberge Schaan-Vaduz liegt westlich unterhalb der Landstrasse von Vaduz nach Schaan. In der N&auml;he befinden sich das Schwimmbad M&uuml;hleholz sowie der Minigolfplatz. Ebenfalls in wenigen Minuten erreicht man eine Bushaltestelle. Mit dem Fahrrad kann man von der Jugendherberge aus ausgedehnte Touren unternehmen. Ums Haus laden Liegest&uuml;hle und Sitzgelegenheiten mit Blick in die Rheinebene und ihrer Bergwelt zum Verweilen ein. Zur Infrastruktur geh&ouml;ren zudem eine Spielecke, Tischtennis, Tischfussball sowie ein Ruheraum.</p><p>Das helle und grossz&uuml;gige Haus ist besonders f&uuml;r Trainingslager, Seminare und Familien geeignet: beste Trainingsbedingungen in der Region, vollst&auml;ndig ausger&uuml;steter Seminarraum f&uuml;r bis zu 50 Personen und ger&auml;umige Familienzimmer.</p><p><strong>Zimmer</strong></p><ul><li>12 Doppelzimmer mit Bad</li><li>4 Familienzimmer mit Bad</li><li>Diverse 4- und 6-Bett-Zimmer mit Etagen-Dusche</li></ul><p>Haustiere sind auf Anfrage gestattet. M&ouml;glicherweise fallen Geb&uuml;hren an.</p>;9.506118893623354;47.156896299073416;Under Rüttigass 6;9494;Schaan;+423 232 50 22;schaan@youthhostel.ch;http://www.youthhostel.ch/en/hostels/schaan-vaduz;[{'@type': 'ImageObject', 'contentUrl': 'https://ltmpimtsoch.sos-ch-dk-2.exoscale-cdn.com/catalog/f/8/e/7/f8e7f8ede85559dcbf54ddfd9ca96777b768beb1_swiss_youth_hostel_schaan_vaduz_16.jpg', 'caption': {'de': 'Rezeption und Lobbybereich in der Jugendherberge Schaan-Vaduz', 'en': 'Youth Hostel Schaan/Vaduz'}}];2026-08-27T22:26:48+02:00
521b36c5-8a76-48c6-9bd1-8b33272e1e4a;Alpin Royal Restaurant;Im Alpin Royal Restaurant geniesst du kreative Küche aus regionalen Zutaten – serviert mit herzlicher Gastfreundschaft und Panoramablick auf die Liechtensteiner Alpen.;<p>Im modernen Ambiente des Alpin Royal Restaurants werden kulinarische Genüsse zum unvergesslichen Erlebnis. Hier treffen regionale Zutaten auf kreative Raffinesse – sorgfältig ausgewählt, modern interpretiert und mit Leidenschaft zubereitet. Ergänzt wird das kulinarische Erlebnis durch eine exquisite Weinkarte, die eine erlesene Auswahl regionaler und internationaler Tropfen bereithält. Ob ein stilvolles Dinner zu zweit oder ein gemütlicher Abend mit besonderen Menschen – jedes Gericht wird hier mit Liebe und Sorgfalt zubereitet und serviert.</p><p>Grosszügige Fenster eröffnen im Alpin Royal Restaurant den Blick auf die umliegende Bergwelt. Das gemütliche Ambiente lädt zum Verweilen, Geniessen und Feiern ein.</p><p>Ob private Feier oder exklusives Firmendinner – das Alpin Royal Restaurant bietet den passenden Rahmen für genussvolle Anlässe.</p><p>Das Alpin Royal Restaurant befindet sich im Alpin Royal Hotel &amp; Casino in Schaan und ist unabhängig vom Casinobesuch für alle Genussmenschen zugänglich.</p>;9.510169029235842;47.174568769391534;Im Rietacker 8;9494;Schaan;+423 333 88 88;restaurant@alpin-royal.li;https://alpin-royal.li/restaurant/;[{'@type': 'ImageObject', 'contentUrl': 'https://ltmpimtsoch.sos-ch-dk-2.exoscale-cdn.com/catalog/3/1/b/1/31b16d3a6fcb07999b9617a375c66ca4c5b95911_Titelbild.jpg', 'caption': {'de': 'Stilvoll gedeckter Tisch im Alpin Royal Restaurant'}}];2026-09-11T10:21:51+02:00
5418c195-8b56-4212-b294-81b3940a2689;Hotel Central by Residence;Geniesse einen Aufenthalt in Liechtensteins exklusivsten Zimmern und Suiten mitten in Vaduz.;<p>Das Hotel Central befindet sich am zentralsten Ort der liechtensteinischen Hauptstadt und bietet moderne und elegante Zimmer mit Schwerpunkt auf hochwertigen Materialien, exzellentem Service und traditionellem Essen.</p><p>Elegant, modern und atemberaubend, eine neue Definition von Luxus: Diese 17&nbsp;Zimmer und Suiten wurden 2019 erbaut und befinden sich im Neubau des Residence Hotels. Der bemerkenswerte Blick &uuml;ber die Stadt begeistert die G&auml;ste und das Hotel z&auml;hlt viele&nbsp;Stammg&auml;ste. Im Winter kann man die strahlende Wintersonne mit der frischen Bergluft geniessen und die Landschaft feiern. Im Sommer macht der frische Grasgeruch in Kombination mit einem k&uuml;hlen Wind aus dem S&uuml;den den Balkon noch angenehmer.</p><p>F&uuml;r dieses Projekt wurden nur die besten Materialien und M&ouml;bel ausgew&auml;hlt. Alle Zimmer sind unterschiedlich und sehen wie eine Boutique aus, mit einem uneingeschr&auml;nkten Sinn f&uuml;r Stil und einem Auge f&uuml;rs Detail. Mit weichen Oberfl&auml;chen und hellen Farben wirst du dich zweifellos wie zu Hause f&uuml;hlen.</p>;9.522930113414194;47.140200811185714;Städtle 23a;9490;Vaduz;+423 239 20 20;info@residence.li;https://www.residence.li;[{'@type': 'ImageObject', 'contentUrl': 'https://ltmpimtsoch.sos-ch-dk-2.exoscale-cdn.com/catalog/9/f/8/0/9f80291ae8eef8d6979a538ce3c0101fc4adbc0e_2__.jpg', 'caption': {'de': 'Hotel Central by Residence', 'en': 'Central by Hotel Residence'}}];2026-08-14T21:13:44+02:00
563c56ca-8686-4102-8667-bee20f4de5d1;Hornligrill;Türkische Spezialitäten in Triesen.;9.522587656974792;47.12047917113542;Austrasse 11;9495;Triesen;+423 794 60 62;https://www.hornligrill.li;[{'@type': 'ImageObject', 'contentUrl': 'https://ltmpimtsoch.sos-ch-dk-2.exoscale-cdn.com/catalog/9/8/9/7/989722c870d5abc06ced61a06efeb606e2afcfcb_hornli_grill_triesen.jpeg', 'caption': {'de': 'Hornligrill mit Tischen und Bänken im Freien'}}];2025-10-20T14:58:59+02:00
5709461d-03d7-4a31-8da9-0868f5abda9a;Kapelle Mariahilf;Die Kapelle im Ortsteil Mäls in Balzers steht seit 1951 unter Denkmalschutz und ist für ihre Entstehungsgeschichte und ihre barocke Ausstattung bekannt.;<p>Die Kapelle Mariahilf liegt im Ortsteil M&auml;ls, eingebettet in eine kleine Parkanlage und umgeben von einem Wohnquartier. Ihre genaue Entstehungszeit ist unklar, doch schriftlich erw&auml;hnt wurde sie erstmals im Jahr 1690. Einer Sage zufolge wurde sie als Dank f&uuml;r die Hilfe der Muttergottes im Kampf gegen einen Drachen beim Ellhorn errichtet &ndash; daran erinnert die Drachenkopf-Windfahne auf dem Turm. Baugeschichtliche Untersuchungen deuten auf eine Vorg&auml;ngerkapelle aus dem fr&uuml;hen 16. Jahrhundert hin. Das heutige Erscheinungsbild geht auf Umbauten im 18. Jahrhundert zur&uuml;ck, einschliesslich des Turms und der barocken Alt&auml;re. Die Kapelle ist ein beliebter Ort f&uuml;r Andachten und Hochzeitsfeiern und beherbergt die &auml;lteste Kirchenglocke Liechtensteins.</p>;9.490020275115969;47.06084004918612;Eichholz 3 ;9496;Balzers;[{'@type': 'ImageObject', 'contentUrl': 'https://ltmpimtsoch.sos-ch-dk-2.exoscale-cdn.com/catalog/d/9/f/3/d9f3017e4dc4c7c991df3513f1eb32f841a9085e_mariahilf_kapelle_balzers.jpeg', 'caption': {'de': 'Aussenansicht der Kapelle Mariahilf'}}];2026-09-14T14:11:52+02:00
578b6f1e-e999-48f5-a833-f77fb22e5698;Anatolia - Kebap & Pizza;Pizza, Kebab und mehr im Zentrum von Nendeln.;9.542977809906008;47.19826778529326;Churer Strasse 39;9485;Nendeln;+423 373 95 49;https://www.anatolia-imbiss.li;[{'@type': 'ImageObject', 'contentUrl': 'https://ltmpimtsoch.sos-ch-dk-2.exoscale-cdn.com/catalog/6/d/b/5/6db51fc3e0477baa9d547b5fe48cb4c0fdb7787f_anatolia_nendeln.jpeg', 'caption': {'de': 'Aussenansicht des Imbiss Anatolia'}}];2025-10-20T14:55:54+02:00
5dd69311-9096-4ef2-b29d-0fedb6319cbe;Elisas - Taste of Italian Food;Das Elisas serviert italienische Klassiker und kreative Spezialitäten aus der vielfältigen Küche Italiens.;<p>Sei es frische Antipasti wie beispielsweise eine Aufschnittplatte, frische Salate, &nbsp;hausgemachte gefüllte Piadina oder Focaccia&nbsp;und verschiedene&nbsp;Pinsa Romana.</p>;9.52270030975342;47.13913969738793;Städtle 35;9490;Vaduz;+423 791 64 45;elisas@fl1.li;http://elisas-catering.li/;[{'@type': 'ImageObject', 'contentUrl': 'https://ltmpimtsoch.sos-ch-dk-2.exoscale-cdn.com/catalog/1/f/1/7/1f1788089966bb915be7ad568a0f4def63732ef2_elisas_aussen.jpeg', 'caption': {'de': 'Aussenansicht des Restaurants Elisas im Vaduzer Städtle'}}];2026-09-11T10:59:19+02:00
5e67025e-1de3-4731-8f16-24caca073056;Hotel Schatzmann;Das Hotel Schatzmann bietet charmante 3-Sterne-Zimmer im Alpenstil und moderne 4-Sterne-Zimmer im ruhigen Anbau.;<p>Das Hotel Schatzmann in Triesen liegt nur zwei Kilometer südlich von Vaduz, sodass das Zentrum des Hauptorts in wenigen Minuten mit dem Auto oder öffentlichen Verkehrsmitteln zu erreichen ist. Umgeben von einer atemberaubenden Berglandschaft bietet das familiär geführte Hotel eine herzliche Atmosphäre und komfortable Unterkünfte.</p><p>Die Standard-Zimmer im Haupthaus sind im alpenländischen Stil gehalten und mit 3 Sternen klassifiziert. Besonders ruhig gelegen ist der Anbau, in dem sich moderne 4-Sterne-Zimmer und Suiten befinden. Gäste profitieren zudem vom freien Zugang zum Fitnesscenter im Nebenhaus, das mit den neuesten Geräten ausgestattet ist. </p><p>Haustiere sind grundsätzlich erlaubt. Es fällt möglicherweise eine entsprechende Gebühr an.</p>;9.523488879203798;47.11819772684304;Landstrasse 80;9495;Triesen;+423 399 12 12;info@schatzmann.li;https://schatzmann.li/;[{'@type': 'ImageObject', 'contentUrl': 'https://ltmpimtsoch.sos-ch-dk-2.exoscale-cdn.com/catalog/4/6/9/5/4695d1f2873d4645e7c92b18baad40a0af21ba9e_Hotel_Schatzmann_Triesen__1_.jpg', 'caption': {'de': 'Aussenansicht des Hotel Schatzmann', 'en': 'Hotel Schatzmann'}}];2026-09-02T00:01:41+02:00
610daedc-eb7e-4c3f-a1bf-f4095a563d26;Liechtensteiner Braustube;Wo gutes Bier und köstliches Essen zusammentreffen.;<p>Das Restaurant Braustube verw&ouml;hnt dich mit kulinarischen K&ouml;stlichkeiten, leckeren Klassikern und feinen, saisonalen Spezialit&auml;ten. Dazu leckeres Brauhaus Bier aus der hausinternen Brauerei, tolles Ambiente, Bar, Biergarten mit viel Platz f&uuml;r dich und deine Freunde.</p><p>Die Braustube eignet sich ideal f&uuml;r Veranstaltungen wie Hochzeits-Ap&eacute;ros, Geburtstage, Pr&auml;sentationen oder&nbsp;Workshops. Das Team der Braustube steht dir gerne bei der Planung deines Anlasses zur Seite und unterst&uuml;tzt dich mit kulinarischem und technischem Know-how.&nbsp;Das Restaurant bietet Platz f&uuml;r 120-150 Personen zum Feiern. Im Brausaal k&ouml;nnen Workshops und Seminare mit bis zu 100&ndash;120 Personen stattfinden.</p><p>Mit dem &laquo;<a href="https://tourismus.li/angebote/freizeit/erlebnispass-2/all-inclusive-erlebnispass.html">ALL INCLUSIVE Erlebnispass</a>&raquo; erh&auml;ltst du eine CHF 4 Reduktion auf das Tasting-Board mit sechs verschiedenen Biersorten des Liechtensteiner Brauhaus.</p>;9.516080617904665;47.17736366491086;Im Alten Riet 156;9494;Schaan;+423 377 88 70;info@braustube.li;https://braustube.li/raeume/seminarraeume/;[{'@type': 'ImageObject', 'contentUrl': 'https://ltmpimtsoch.sos-ch-dk-2.exoscale-cdn.com/catalog/9/c/f/a/9cfafc0de4721a455c0d501e7579499f641397cf_DSC_8359.jpg', 'caption': {'de': 'Einladender Brauereiraum mit langen Holztischen, Fass-Dekorationen und stilvoller Beleuchtung', 'en': 'Liechtensteiner Braustube'}}];2026-09-11T11:43:22+02:00
63875bbc-3c42-4df6-bb54-75ed47ef00c1;Harris-Hawk Erlebnis – Selbst falknern;Werde Falkner für einen Tag und gehe mit einem Harris-Hawk auf Tour.;<p>Erlebe die Faszination der Falknerei hautnah! In der Falknerei Galina in Malbun kannst du mit einem Harris-Hawk auf Tour gehen und selbst zum Falkner werden.</p><p>Nach einer Einf&uuml;hrung und mit der passenden Ausr&uuml;stung begleitest du einen professionell trainierten Harris-Hawk auf eine rund 90-min&uuml;tige Wanderung durch die malerische Bergwelt Liechtensteins. Der Harris-Hawk fliegt frei &uuml;ber dir, kehrt immer wieder auf deinen Arm zur&uuml;ck und sorgt f&uuml;r unvergessliche Momente.</p><p>Ein einzigartiges Naturerlebnis, das Abenteuer und die Kunst der Falknerei verbindet!</p><p><strong>Durchf&uuml;hrung:</strong></p><ul><li>t&auml;glich von Juni bis Oktober</li><li>eine fr&uuml;hzeitige Reservation ist erforderlich</li><li>Teilnehmeranzahl: max. 4 Personen</li></ul>;9.60832178592682;47.10225830545281;Im Malbun 20;9497;Malbun;+423 784 34 24;info@galina.li;https://www.galina.li/kopie-von-harris-hawk-erlebnis;[{'@type': 'ImageObject', 'contentUrl': 'https://ltmpimtsoch.sos-ch-dk-2.exoscale-cdn.com/catalog/5/a/7/d/5a7dffd6a1298657111139f5c0a2cbd1d9a058e9_FF250710A1_240a.jpg', 'caption': {'de': 'Harris-Hawk sitzt auf der Hand eines Jungen', 'en': 'Hawk Adventure Hike'}}];2026-05-19T09:42:38+02:00
63caedff-fe9b-4f43-816b-4edcf84b1bcb;Pfarrkirche St. Nikolaus;Die katholische Pfarrkirche St. Nikolaus in Balzers, erbaut von 1909 bis 1912 im neuromanischen Stil, ist ein eindrucksvolles Zeugnis fürstlicher Baukunst.;<p>Am Fusse der mittelalterlichen Burg Gutenberg liegt die Pfarrkirche St. Nikolaus: ein herausragendes Beispiel neuromanischer Architektur. Errichtet nach den Pl&auml;nen des f&uuml;rstlichen Hofarchitekten Gustav Ritter von Neumann und vollendet im Jahr 1912, wurde der Bau massgeblich von F&uuml;rst Johann II. von Liechtenstein finanziert, der zwei Drittel der Kosten &uuml;bernahm. Zu seinem 50-j&auml;hrigen Regierungsjubil&auml;um widmete ihm die Gemeinde Balzers die Kirche als &laquo;F&uuml;rst-Johann-Jubil&auml;umskirche&raquo;.</p>;9.502208235726522;47.06532061685992;[{'@type': 'ImageObject', 'contentUrl': 'https://ltmpimtsoch.sos-ch-dk-2.exoscale-cdn.com/catalog/f/0/f/1/f0f1e1757453a794224c0e36266291522646555f__1400791.jpg', 'caption': {'de': 'Aussenansicht der Pfarrkirche St. Nikolaus'}}];2026-03-06T15:54:23+01:00
63dbdc80-6c8f-4595-8a8e-5d8eb24a2b1b;Restaurant Marée;Das Restaurant Marée im Park Hotel Sonnenhof wurde mit 16 Gault Millau Punkten ausgezeichnet.;<p>Inspiriert von Natur und Saison zaubert Gault-Millau-Koch Hubertus Real mit seinem Team im Restaurant Marée immer wieder kulinarische Köstlichkeiten auf den Teller. Sei es ein festliches Menü oder ein stilvoller Business-Lunch. Nachmittags wird eine kleine Snackkarte angeboten. </p><p>Die einfache Genialität der Speisen, der herzliche Charme und die ehrliche Gastfreundschaft machen jedes Essen im Marée zu einem kulinarisch unvergesslichen Erlebnis. Für Hubertus Real liegt die Kunst darin: «Das richtige Produkt zu finden. Denn Qualität, Einzigartigkeit und Geschichte eines Produktes führen zur entsprechenden Inspiration und damit zur Kreation.» Und das kann er perfekt. Gespeist wird wahlweise im hochwertigen und zugleich gemütlichen Panoramarestaurant oder auf der einzigartigen Terrasse hoch über Vaduz: dem Adlernest.</p><p>Ob Klassiker, wie die Kalbfleisch-Spinat Raviolini oder Rochenflügel in Brauner Butter mit Kapern oder aktuelle Saison-Hits, es ist für jeden etwas dabei. Auch vegetarische oder vegane Kulinarikfans finden etwas Feines.</p>;9.523376226425173;47.147118381586665;Mareestrasse 29;9490;Vaduz;+423 239 0202;real@sonnenhof.li;https://www.sonnenhof.li/;[{'@type': 'ImageObject', 'contentUrl': 'https://ltmpimtsoch.sos-ch-dk-2.exoscale-cdn.com/catalog/f/8/6/7/f867f6f870ae609a55f2559d3fb52c44881e3218_sonnenhof_restaurant_main_is.jpg', 'caption': {'de': 'Eleganter Gastraum mit stilvoll gedeckten Tischen, edlem Ambiente und grossem Landschaftsbild', 'en': 'Restaurant Marée'}}];2026-09-11T15:22:29+02:00
65d4d0a9-1908-4787-9a3e-2d6a830c1878;Restaurant Heusträffl;Das Restaurant Heusträffl hat eine grosse Auswahl an verschiedenen Pizzen sowie andere Köstlichkeiten.;<p>Der &laquo;Heustr&auml;ffl&raquo; ist ein fester Bestandteil in der Triesenberger Gastronomie und l&auml;dt zum Geniessen in entspannter Atmosph&auml;re ein. Auf der Men&uuml;&shy;karte finden sich Pizzen sowie Klassiker wie Schnitzel mit Pommes oder Cordon bleu.</p>;9.54266667366028;47.11281669604061;Landstrasse 102;9497;Triesenberg;+41 79 959 82 11;https://www.local.ch/de/d/triesenberg/9497/restaurant/restaurant-heustraeffl-7_AthOwczmbMNISUoJ7kNw;[{'@type': 'ImageObject', 'contentUrl': 'https://ltmpimtsoch.sos-ch-dk-2.exoscale-cdn.com/catalog/f/9/c/d/f9cd963676ac8d631263b8b53c4e11038c8e0f11_IMG_20251013_WA0005.jpg', 'caption': {'de': 'Aussenansicht des Restaurants Heusträffl'}}];2026-07-16T09:42:33+02:00
6756e8d7-0c13-4e21-9103-cc66d87f7400;Dux-Kapelle;Die Kapelle Maria zum Trost in Schaan wurde 1716 errichtet und steht seit 1951 unter Denkmalschutz.;<p>Die katholische Kapelle befindet sich am Duxweg in Schaan und wurde im Jahr 1716 erbaut, an einem Ort, an dem sich bereits zuvor ein kleines Gotteshaus befand. Die Kapelle mit ihren drei Alt&auml;ren ist der Muttergottes gewidmet und steht seit 1951 unter Denkmalschutz. In unmittelbarer N&auml;he wurden 1887 bei Grabarbeiten zwei r&ouml;mische Legion&auml;rshelme aus dem 1. Jahrhundert n. Chr. entdeckt, die heute in den Museen von Bregenz und Z&uuml;rich aufbewahrt werden.</p>;9.519202709198;47.16584721232595;[{'@type': 'ImageObject', 'contentUrl': 'https://ltmpimtsoch.sos-ch-dk-2.exoscale-cdn.com/catalog/f/7/4/5/f745eb9936903a543a16b7a6b3ea34058feeba52_kapelle_dux_schaan.jpeg', 'caption': {'de': 'Dux-Kapelle'}}];2026-09-14T14:11:13+02:00
679feddf-a035-4548-8747-53d0fc0ecf4e;Alter Grenzstein;Der Grenzstein Balzers aus dem Jahr 1735 erinnert an die historische Grenzfestlegung zwischen dem Fürstentum Liechtenstein und der Schweiz.;<p>Der Grenzstein ist ein geschichtstr&auml;chtiger Ort im S&uuml;den Liechtensteins. Rund um den Stein erz&auml;hlt man sich die bekannte Sage vom &laquo;starken J&ouml;rg&raquo;: Zwischen Balzers und Maienfeld war man sich lange nicht einig, wo die Grenze verlaufen sollte. Der kr&auml;ftige Balzner J&ouml;rg sollte deshalb den schweren Grenzstein, den ihm vier B&uuml;ndner &auml;chzend gebracht hatten, so weit wie m&ouml;glich gegen S&uuml;den tragen. Dort, wo er den Stein erstmals absetzte, wurde schliesslich die Grenze festgelegt.</p>;9.512062825750467;47.056757020863294;[{'@type': 'ImageObject', 'contentUrl': 'https://ltmpimtsoch.sos-ch-dk-2.exoscale-cdn.com/catalog/4/d/7/1/4d711759bcdefa80bf4027b63dfaf9c45890ac06_IMG_9301.JPG', 'caption': {'de': 'Alter Grenzstein in Balzers'}}];2026-06-23T08:50:04+02:00
6e9200d3-8871-4ba0-9aca-8034a1fda361;Pfarrkirche St. Laurentius;Die neugotische Pfarrkirche St. Laurentius in Schaan wurde 1893 eingeweiht und prägt mit ihrem 81 Meter hohen Turm das Landschaftsbild des Rheintals.;<p>Der neugotische Bau stammt vom Wiener Architekten Gustav von Neumann, der in f&uuml;rstlichen Diensten stand. Mit ihrem 81 Meter hohen Turm dominiert die Kirche die Ebene des Rheintals und ist ein weithin sichtbares Wahrzeichen. Die Natursteinfassade war zur Zeit ihrer Errichtung ein ungew&ouml;hnliches Element im Kirchenbau. Seit 2002 steht die Pfarrkirche unter Denkmalschutz.</p>;9.51195001602173;47.166445342886526;[{'@type': 'ImageObject', 'contentUrl': 'https://ltmpimtsoch.sos-ch-dk-2.exoscale-cdn.com/catalog/9/b/a/f/9bafa4adda140852b1be72c37cb7a18fa0dfd5a1_kirche_st.laurentius_schaan.jpeg', 'caption': {'de': 'Aussenansicht der Pfarrkirche St. Laurentius'}}];2026-09-14T14:31:29+02:00
7575db7e-72d3-4b17-9911-9e6624315299;Landhaus Boutique Motel;Das Landhaus bietet einen modernen und liebevoll ausgestatteten Rückzugsort mit Blick auf die Berge.;<p>Das Landhaus Boutique Motel bietet einen stilvoll eingerichteten Rückzugsort mit Blick auf die Berge. Dank der günstigen Lage sind Vaduz und Feldkirch in nur zehn Minuten erreichbar, während Restaurants und Einkaufsmöglichkeiten in unmittelbarer Nähe liegen. Gästen stehen kostenfreie Parkplätze direkt vor dem Gebäude zur Verfügung, ebenso wie eine gute Anbindung an öffentliche Verkehrsmittel. Die Nähe zur Grenze von Österreich und der Schweiz macht das Motel zu einer praktischen Wahl für Geschäftsreisende und Urlauber.</p><p>Mit der Zustimmung des Hotels sind Haustiere grundsätzlich erlaubt. Es fällt eine entsprechende Gebühr an.</p>;9.544115066528322;47.20032353092113;Churer Strasse 4;9485;Nendeln;+423 222 69 99;info@landhaus-nendeln.li;https://www.landhaus-nendeln.li/;[{'@type': 'ImageObject', 'contentUrl': 'https://ltmpimtsoch.sos-ch-dk-2.exoscale-cdn.com/catalog/7/f/f/2/7ff249a2589df9d26be313c867043ed9ca726a15_f__r_Simplebooking.jpg', 'caption': {'de': 'Doppelzimmer im Landhaus Boutique Motel', 'en': 'Landhaus Boutique Motel'}}];2026-07-09T10:05:12+02:00
75cb85cf-5024-46d6-875f-9ee2223e695b;Mai Thai Restaurant;Erlebe die Aromen Thailands im Mai Thai Restaurant. Auf der Speisekarte findest du eine grosse Auswahl an authentischen Gerichten, zubereitet mit frischen und hochwertigen Zutaten.;<p data-start="242" data-end="503">Ob gemütlich im stilvollen Innenbereich, entspannt im Garten oder ganz bequem als Take-away – hier geniesst du Thai-Küche, wie sie sein soll.&nbsp;</p>;9.538391232490541;47.216500240741745;Peter-Kaiser-Strasse 51;9493;Mauren;+423 373 66 50;info@maithai.li;http://www.maithai.li;[{'@type': 'ImageObject', 'contentUrl': 'https://ltmpimtsoch.sos-ch-dk-2.exoscale-cdn.com/catalog/8/0/2/b/802beaa300736164dec92761107a0adfe2f7fbb1_maithai_mauren.jpeg', 'caption': {'de': 'Aussenansicht des Mai Thai Restaurants'}}];2025-10-20T14:54:06+02:00
7923deb9-bfac-45a3-a293-ce2d917b04b7;Esquire Bar & Bistro;Das Esquire befindet sich hinter dem Kunstmuseum, in einem kleinen Innenhof im Zentrum von Vaduz.;<p>Die Bar ist ein beliebter Treffpunkt für Einheimische und Gäste gleichermassen. Auf der Karte stehen sorgfältig zubereitete Drinks und eine Auswahl an Weinen und Gerichten. Das Ambiente lädt zum Verweilen ein – sei es für einen Apéro, ein Essen in kleiner Runde oder einen Drink nach Feierabend.</p>  ;9.5218484014655;47.139101307285;Aeulestrasse 51;9490;Vaduz;+4232329595;esquire@esquire.li;http://www.esquirevaduz.li;[{'@type': 'ImageObject', 'contentUrl': 'https://ltmpimtsoch.sos-ch-dk-2.exoscale-cdn.com/catalog/7/b/1/2/7b12e381f4071c32cb7aabdd6be102af1b5623a3_esquire_bar_bistro_vaduz.jpeg', 'caption': {'de': 'Aussenaufnahme der Esquire Bar & Bistro in Vaduz', 'en': 'Esquire Bar & Bistro'}}];2026-09-22T12:30:33+02:00
7c7ce552-f48f-432b-a00c-2373ce757107;Weinlaube;Das Restaurant Weinlaube befindet sich in Schellenberg und verfügt über 15 Gault-Millau-Punkte.;<p>In der lieblichen «Weinlaube» in Schellenberg werden dir kulinarische Köstlichkeiten geboten, die sich je nach Angebot der Natur und Jahreszeit richten. Es brutzelt und schmort in der heimeligen Atmosphäre der «Weinlaube». Wer hinter der Burgruine Schellenberg beim alten Fachwerkhaus ankommt, erkennt auf Anhieb, dass eine Einkehr eine himmlische Wohltat für Gaumen und Seele sein wird. Martin und Michael Real sind bekannt für eine hochstehende, saisonal ausgerichtete Küche.</p>;9.555582243383181;47.232865096774276;Hinterschloss 15;9488;Schellenberg;+423 373 08 01;info@weinlaube.li;https://www.weinlaube.li;[{'@type': 'ImageObject', 'contentUrl': 'https://ltmpimtsoch.sos-ch-dk-2.exoscale-cdn.com/catalog/c/3/c/4/c3c40babf815d2d55edfec49bfb2bd2c87ad69b6_restaurant_weinlaube_schellenberg_liechtenstein.jpeg', 'caption': {'de': 'Aussenaufnahme des Restaurant Weinlaube', 'en': 'Weinlaube'}}];2026-09-24T13:07:57+02:00
7c9a43b3-b64b-43bf-ada8-a5bea55e1c94;Landgasthof Rössle;Der Landgasthof Rössle liegt an ruhiger Lage in Ruggell und steht seit über 130 Jahren für liechtensteinische Gastfreundschaft.;<p>Seit Generationen steht der Landgasthof Rössle für echte liechtensteinische Gastfreundschaft, gutbürgerliche Küche und eine herzliche, entspannte Atmosphäre. Der traditionsreiche Familienbetrieb verbindet kulinarische Qualität mit persönlicher Betreuung und bietet darüber hinaus komfortable Zimmer im gemütlichen Landhausstil.</p><p>Auch Familien sind hier bestens aufgehoben: Für Kinder gibt es einen hauseigenen Spielplatz, der viel Raum für Spass und Bewegung.</p>;9.524475932121279;47.24364230016901;Kanalstrasse 2;9491;Ruggell;+423 373 14 25;landgasthof@roessle.li;http://www.roessle.li;[{'@type': 'ImageObject', 'contentUrl': 'https://ltmpimtsoch.sos-ch-dk-2.exoscale-cdn.com/catalog/2/6/4/9/2649799eba21ce911030872b64a212dd644b34de_2013_hotel_r__ssle_ruggell_01.jpg', 'caption': {'de': 'Aussenansicht des Landgasthof Rössle'}}];2026-08-27T22:27:55+02:00
7d3ad8e7-2e70-4cac-bbda-4b994baf14ea;Hotel Turna Malbun;Familiäre Atmosphäre wird im Hotel Turna in Malbun grossgeschrieben, aber auch individueller Komfort wird geboten.;<p>Gastlich, herzlich, urig: Das traditionelle Familienhotel Turna begeistert seit mehr als 50 Jahren seine G&auml;ste. Das Hotel war stets im Besitz der Gastronomen-Familie Lampert. Durch echte Gastfreundschaft, herzhaftes Essen und eine ganz in Holz gehaltene Ausstattung f&uuml;hlen sich G&auml;ste hier &laquo;daheim&raquo;. Das Hotel ist im Herzen von Malbun direkt bei der Sesselbahn Malbun-Sareis in herrlicher Umgebung gelegen.</p><p><strong>Das Hotel Turna Verw&ouml;hnspektrum</strong>:</p><ul><li>gepflegtes Restaurant mit regionalen Spezialit&auml;ten</li><li>Sonnenterrasse mit Liegest&uuml;hlen, Tischtennis und Kinderspielger&auml;ten</li><li>Saunalandschaft mit Kneippbecken, Ruheraum und Hallenbad</li><li>Kinderspielzimmer</li></ul><p>Drei Zimmer sind behindertengerecht mit entsprechenden Toiletten und Duschen eingerichtet, auch das Restaurant, die Stockwerke, der Eingangsbereich und der Lift sind behindertengerecht.</p><p>Das Hotel Turna wurde durch hotelleriesuisse als&nbsp;Top-Familienhotel&nbsp;ausgezeichnet.</p><p>Haustiere sind gestattet. M&ouml;glicherweise fallen Geb&uuml;hren an.</p>;9.610846472941427;47.101095642321575;Im Malbun 55;9497;Malbun;+423 265 50 40;info@turna.li;http://www.turna.li;[{'@type': 'ImageObject', 'contentUrl': 'https://ltmpimtsoch.sos-ch-dk-2.exoscale-cdn.com/catalog/f/8/4/a/f84a0bfad28d2f2619b78f33378d2264fbf97733_Hotel_Turna_Aussenansicht_Sommer.jpg', 'caption': {'de': 'Aussenansicht des Hotel Turna im Bergort Malbun', 'en': 'Hotel Turna'}}];2026-09-12T22:11:40+02:00
7d3df5f5-eae7-4818-b3a4-32e74c452efd;Restaurant Kuro;Das Restaurant Kuro befindet sich an zentraler Lage in Schaan und bietet eine Auswahl an asiatischen und hawaiianischen Gerichten.;<p>Das Restaurant Kuro ist ein Fast-Casual-Restaurant-Konzept, das sich auf asiatische und hawaiianische Gerichte spezialisiert. Mit aktuell zwei Standorten in Buchs (Schweiz) und Schaan bietet das Restaurant Kuro unter anderem folgende Speisen an:</p><ul><li><strong>Poké Bowls</strong>, also ein hawaiianisches Gericht, welches die Wurzeln in der japanischen Küche hat und soviel wie «diagonal in Stückchen schneiden» bedeutet und meist mit rohem Fisch, Reis und Gemüse serviert wird</li><li><strong>Thai Gerichte</strong> wie z.B. verschiedene Currys und thailändische Gerichte beispielsweise mit Hähnchen, Ente oder auch vegan / vegetarisch</li><li><strong>Frisches Sushi</strong> wie z.B. Maki Rolls, California Rolls, Nigiri, bis hin zu Special Rolls</li><li><strong>Snacks</strong> wie Gyoza, Frühlingsrollen, Tempura Crevetten &amp; Edamame</li></ul>;9.50914978981018;47.16819228064153;Im Bretscha 7;9494;Schaan;+423 232 90 99;hello@Kuro-Restaurant.ch;https://www.kuro-restaurant.ch/;[{'@type': 'ImageObject', 'contentUrl': 'https://ltmpimtsoch.sos-ch-dk-2.exoscale-cdn.com/catalog/7/8/f/3/78f32f91e466e89f4af8ac26c1ced575a6da6eae_Kuro.jpeg', 'caption': {'de': 'Aussenansicht des Restaurant Kuro mit Tischen im Aussenbereich'}}];2026-07-16T09:49:03+02:00
811c1588-7044-478f-9b26-025db849a3f3;Haus Gutenberg;Übernachten in einer einzigartigen Umgebung - Willkommen im Haus Gutenberg.;<p>Das Gäste-, Bildungs- und Seminarhaus liegt auf dem&nbsp;<span style="text-align: center;">«</span>guten Berg<span style="text-align: center;">»</span>&nbsp;in Balzers. Unterhalb der Burg Gutenberg erbaut, ist es ein Ort, der Kraft ausstrahlt und Menschen zur Ruhe kommen lässt. Inmitten der Weinberge, in einzigartiger Umgebung übernachten Gäste in einem der hellen und freundlichen Zimmer. Ausserdem stehen die modernen, hellen Seminarräume für Meetings oder Seminare zur Verfügung.<br> Eine Zimmerbuchung ist unabhängig von einer Seminarbuchung möglich.</p>  ;9.499145150184633;47.06369819508099;Burgweg 8;9496;Balzers;+423 388 11 33;gutenberg@haus-gutenberg.li;https://www.haus-gutenberg.li/tagungsort/seminarraeume.html;[{'@type': 'ImageObject', 'contentUrl': 'https://ltmpimtsoch.sos-ch-dk-2.exoscale-cdn.com/catalog/3/0/f/9/30f98f1a5893afb2e1b26dfece11a3bda953f24b_20150614_0030_resized.jpg', 'caption': {'de': 'Haus Gutenberg inmitten der Weinberge in Balzers', 'en': 'Haus Gutenberg'}}];2026-09-15T14:32:25+02:00
8197dc40-65cc-4abb-b7b9-ed817080f14c;Grand Casino Hotel Liechtenstein;Das Grand Casino Hotel Liechtenstein kombiniert modernen Komfort mit erstklassiger Lage – ideal für Casino-Besucher, Geschäftsreisende und Urlauber.;<p>Gäste erwarten zehn stilvolle Doppelzimmer und eine geräumige Suite mit beeindruckendem Blick auf die liechtensteinische und Schweizer Bergwelt. Das reichhaltige Frühstück sorgt für einen gelungenen Start in den Tag, während das hauseigene Restaurant Alpspitz kulinarische Highlights am Abend bietet. Dank der direkten Anbindung an die Schweizer Rheintal-Autobahn A13 und den kostenfreien Parkplätzen ist eine bequeme Anreise garantiert. Für besondere Genussmomente lädt die Rooftop Bar im 4. Stock mit edlen Getränken und traumhafter Aussicht ein.</p>;9.502597517743133;47.205194495342994;Selemad 10;9487;Gamprin-Bendern;+423 222 77 27;rezeption@gcli.li;https://gchotel.li/;[{'@type': 'ImageObject', 'contentUrl': 'https://ltmpimtsoch.sos-ch-dk-2.exoscale-cdn.com/catalog/5/c/0/b/5c0b3b489c3afec55348ced9c4e68c733e812f5c_Grand_Casino_Hotel__3_.jpeg', 'caption': {'de': 'Modernes Doppelzimmer mit Aussicht auf die Berge im Grand Casino Hotel Liechtenstein', 'en': 'Grand Casino Hotel Liechtenstein'}}];2026-08-26T05:30:45+02:00
81b832d3-744d-4f32-abfe-e4b0f61c4c5b;Bergstübli;Das Bergstübli ist ein mit viel Liebe geführtes Restaurant im Zentrum vom idyllischen Bergdorf Steg.;<p>Das Restaurant Bergstübli in Steg begrüsst seine Gäste auf rund 1200 m ü. M. inmitten einer idyllischen Berglandschaft. Das kleine, urige Restaurant ist der ideale Ort, um nach einer Wanderung oder einem Ausflug in der Natur einzukehren und regionale Spezialitäten zu geniessen. Besonders beliebt sind die traditionellen Käsknöpfle mit Apfelmus.</p>;9.576666662241148;47.11273963596935;Steg 101;9497;Steg;+423 263 10 16;info@bergstuebli.li;https://www.bergstuebli.li/;[{'@type': 'ImageObject', 'contentUrl': 'https://ltmpimtsoch.sos-ch-dk-2.exoscale-cdn.com/catalog/4/2/7/2/427275e307c0585b6df7e1ae7d1d77dbf4463529_restaurant_bergstuebli_steg_liechtenstein.jpeg', 'caption': {'de': 'Aussenaufnahme des Bergstübli'}}];2026-09-22T14:26:01+02:00
81e840fb-3c95-43d9-b9e6-596776b6105a;Sigis Veloshop;9.511992931365969;47.078228156774465;Neugrüt 11;9496;Balzers;+423 384 27 50;info@veloshop.li;https://www.sigis-veloshop-balzers.li/;[{'@type': 'ImageObject', 'contentUrl': 'https://ltmpimtsoch.sos-ch-dk-2.exoscale-cdn.com/catalog/8/5/a/e/85ae7728db8e553e04e716877750bb70c9c3f420_image00025.jpeg', 'caption': {'de': 'Aussenansicht von Sigis Veloshop'}}];2025-10-20T15:09:19+02:00
838ede80-db46-4fde-ac3b-1416149c747a;Skino;Das Kino befindet sich direkt im Zentrum von Schaan und bietet ein aktuelles und innovatives Programm.;<p>Das Skino Schaan ist ein innovatives Programmkino, das aktuelle Filme – oft in Originalversion – in gemütlicher Atmosphäre zeigt. Gemeinsam mit dem Literaturhaus Liechtenstein und der Buchhandlung OMNI ist es ein lebendiger Treffpunkt für Film- und Kulturbegeisterte in der Region.</p><p>Programm: <a data-ft="{&quot;tn&quot;:&quot;-U&quot;}" data-lynx-mode="asynclazy" data-lynx-uri="https://l.facebook.com/l.php?u=http%3A%2F%2Fwww.skino.li%2F%3Ffbclid%3DIwAR0kchbB15DdinJHizzAlZ8D6TTnrZrwTvHYhsE7-vNK8Ty8o5357jFdntE&amp;h=AT3nyO0J0jOOZhq61jhZpDZBNaGcFekfaKyekp6HRoRGrLuHd8MY8ryriycpEQ81vw388nMjcIn1B6JqLvRaf4oyfIdVBukrR47bCJeeZrECRhy4sEUmXM7B-PqJhQfUzOhPCg" href="https://www.skino.li/?page=1" rel="noopener nofollow" target="_blank">www.skino.li</a><br></p>;9.508413;47.165832;Poststrasse 27;9494;Schaan;+423 233 21 69; hey@skino.li;https://www.skino.li/?page=5&eid=132;[{'@type': 'ImageObject', 'contentUrl': 'https://ltmpimtsoch.sos-ch-dk-2.exoscale-cdn.com/catalog/7/0/9/b/709bd7e8bc931ba3e5fccd6de44e8060a0a72c8c_Skino_Aussenansicht.jpg', 'caption': {'de': 'Aussenansicht des Skino in Schaan', 'en': 'Skino Schaan'}}];2026-09-15T14:22:59+02:00
84f7a125-1058-41b2-8b95-00219f83026c;Liechtenstein Center;Das Liechtenstein Center ist das Tourismuszentrum mitten in Vaduz. Hier erfährst du alles über das Fürstentum und die Aktivitäten im Land. Ausserdem gibt es eine grosse Auswahl an Souvenirs.;<p>Das Liechtenstein Center in Vaduz ist die zentrale Anlaufstelle f&uuml;r G&auml;ste des F&uuml;rstentums. Sieben Tage die Woche stehen unsere Fachpersonen mit Informationen und Tipps zur Verf&uuml;gung. Neben kostenlosen Brosch&uuml;ren und Karten gibt es eine grosse Auswahl an regionalen Produkten, Spezialit&auml;ten, Souvenirs, Postkarten und Briefmarken.</p><p>Besonders beliebt ist der <a href="https://tourismus.li/map/poi/souvenir-stempel-b516c756-2c39-448c-9fa1-bfbfc6cb1c24.html">Souvenir-Stempel</a>, mit dem man seinen Pass f&uuml;r CHF 3 / EUR 3.30 (kostenlos f&uuml;r alle mit dem &laquo;<a href="https://tourismus.li/angebote/freizeit/erlebnispass-2/all-inclusive-erlebnispass.html">ALL INCLUSIVE Erlebnispass</a>&raquo;) verzieren lassen kann. Zudem sind verschiedene Geschenkk&ouml;rbe erh&auml;ltlich, die auf Wunsch auch individuell gestaltet werden. Bezahlen kannst du mit Schweizer Franken, Euro oder Karte.</p><p>Das Liechtenstein Center bietet ausserdem von Fr&uuml;hling bis Herbst die M&ouml;glichkeit, E-Bikes sowie ein spezielles Fahrrad f&uuml;r Menschen mit beschr&auml;nkter Mobilit&auml;t zu mieten. Damit l&auml;sst sich die Umgebung auf zwei R&auml;dern bequem erkunden.</p><p>Die Lokalit&auml;t kann auch f&uuml;r Veranstaltungen wie Empf&auml;nge, Referate und Pr&auml;sentationen gemietet werden.</p>;9.522662753277771;47.13846827655561;Städtle 39;9490;Vaduz;+423 239 63 63;info@liechtenstein.li;https://www.liechtenstein-marketing.li/;[{'@type': 'ImageObject', 'contentUrl': 'https://ltmpimtsoch.sos-ch-dk-2.exoscale-cdn.com/catalog/b/c/a/6/bca652f2a59a8dc7795c61cd025cc08e951d9b6c_2021_11_16_Liechtenstein_Center_0005__2_.JPG', 'caption': {'de': 'Helles Besucherzentrum mit modernen Holzregalen, gefüllt mit Souvenirs und lokalen Produkten', 'en': 'Liechtenstein Center'}}];2026-09-11T09:55:15+02:00
87ff2765-c36d-4484-b216-00cb0fa47e2f;Restaurant Adler;Als Familienbetrieb in vierter Generation bewirtet der Traditionsbetrieb Restaurant Adler seine Gäste bereits seit 1908.;<p>&laquo;K&uuml;che und Heimat&raquo; ist das Motto des Restaurants Adler in Vaduz. Regionale K&uuml;che ist kein Trend, sie ist die ewige Konstante in der Esskultur. Nat&uuml;rlich hat sich die K&uuml;che der Alpen den neuen Einfl&uuml;ssen angepasst und die Kochtechniken weiterentwickelt und modernisiert. Das Team des Restaurants Adler geht den Weg der modernen Tradition und spezialisiert sich auf Kreationen aus regionalen Produkten.</p><p>Drei Innenr&auml;ume sowie eine sch&ouml;ne Terrasse bieten eine Sitzplatzkapazit&auml;t f&uuml;r rund 140 Personen.</p>;9.52095453445974;47.14129652268152;Herrengasse 2;9490;Vaduz;+423 232 21 31;info@adler.li;http://www.adler.li;[{'@type': 'ImageObject', 'contentUrl': 'https://ltmpimtsoch.sos-ch-dk-2.exoscale-cdn.com/catalog/7/e/2/4/7e246a851dd5cfb874e1292e6524cdf51c26bd1b_IMG_8405.jpeg', 'caption': {'de': 'Innenraum des Restaurant Adler', 'en': 'Restaurant Adler'}}];2026-04-08T14:55:04+02:00
8fb7e6cf-99b5-4ffb-b600-9e4c66398e1f;Schloss Vaduz;Das Schloss Vaduz ist das Wahrzeichen des Fürstentums Liechtenstein und thront rund 120 Meter über dem Hauptort Vaduz.;<p><strong>Besichtigung: </strong>Das Schloss ist der Wohnsitz der F&uuml;rstenfamilie und kann nicht besichtigt werden.</p><p><strong>Anreise</strong>: Das Schloss erreichst du vom St&auml;dtle Vaduz in rund 20 Gehminuten. Beim Schloss stehen keine Parkpl&auml;tze zur Verf&uuml;gung und es f&auml;hrt kein Bus bis zum Schloss. Der Fussweg f&uuml;hrt bergauf und bietet sch&ouml;ne Ausblicke auf Vaduz und das Rheintal.</p><p><strong>Geschichte</strong>:</p><p>Die Urspr&uuml;nge des Schlosses liegen vermutlich im 12. Jahrhundert. Der Bergfried wurde wahrscheinlich als eine der ersten Bauten errichtet und sp&auml;ter durch einen Wohnturm erg&auml;nzt. Dieser Wohnturm kann auf das Jahr 1287 datiert werden. Erstmals erw&auml;hnt wird es 1322.</p><p>In den Besitz des Hauses Liechtenstein kam es 1712 und diente unter dem Namen Hohenliechtenstein der Landvogtei als Sitz mit Dienstwohnungen im Westtrakt bis 1732. Danach verfiel es zunehmend, und erst von 1905 bis 1912 wurde es einer gr&uuml;ndlichen Renovation unterzogen und wiederhergestellt.</p><p>F&uuml;rst Franz Josef II. liess es dann ausbauen und bewohnbar machen. 1939 zog er mit seiner Familie ein und nahm st&auml;ndigen Wohnsitz.</p><p><strong>Tipps:</strong></p><ul><li>Im Alten Kino Vaduz erh&auml;ltst du im Film &laquo;<a href="https://tourismus.li/map/poi/furstliche-momente-6f775d5c-4adc-4d55-be09-c7d60f3fa714.html">F&uuml;rstliche Momente</a>&raquo; einen exklusiven Einblick in das Innere des Schlosses und in das Leben hinter den Schlossmauern.</li><li>Erkunde das Schloss in <a href="https://schloss-vaduz-erleben.li/" target="_blank" rel="noopener noreferrer">3D und in Augmented Reality</a> &uuml;ber den Webbrowser.</li></ul>;9.524542;47.139495;[{'@type': 'ImageObject', 'contentUrl': 'https://ltmpimtsoch.sos-ch-dk-2.exoscale-cdn.com/catalog/2/4/0/d/240d3024783a305fb56787037bd404e4a2bdf312_2025_08_25_LM_Schloss_Vaduz_Sommer_0495.jpg', 'caption': {'de': 'Blick auf Schloss Vaduz, eingebettet in die bewaldete Landschaft Liechtensteins', 'en': 'Vaduz Castle'}}];2026-09-14T13:58:54+02:00
902d3a52-da0f-492a-a74e-fadddf0ac2fe;Alp Valüna;Von Steg (Gänglesee) aus führt ein schöner, kinderwagengerechter Weg dem Valünerbach entlang zur Alp Valüna. Die Gehzeit zur Alp beträgt rund 45 Minuten.;<p class="isSelectedEnd">Die Alp mit Sennereibetrieb ist w&auml;hrend der Sommersaison bewirtschaftet. Vor Ort werden frische Milchprodukte wie Alpk&auml;se, Mutschli, Sauerk&auml;se, Butter und Joghurt hergestellt und angeboten. Die Spezialit&auml;ten k&ouml;nnen direkt auf der Alp genossen oder mit nach Hause genommen werden.</p><p class="isSelectedEnd">Im Innen- und Aussenbereich der Alp l&auml;sst es sich herrlich verweilen. Nebst verschiedenen Getr&auml;nken werden Zvieripl&auml;ttli, K&auml;se und weitere regionale Produkte angeboten.</p><p class="isSelectedEnd">Auf der Alp leben Mutterk&uuml;he, Rinder, K&auml;lber, Esel und Schweine.</p><p>Parkpl&auml;tze sind beim G&auml;nglesee vorhanden.</p>;9.58787798881531;47.08494656552271;Langgasse 50;9495;Triesen;+41 79 272 56 35;https://www.alpkaeseproduzenten.ch/unsere-alpen/valuena/;[{'@type': 'ImageObject', 'contentUrl': 'https://ltmpimtsoch.sos-ch-dk-2.exoscale-cdn.com/catalog/5/0/0/d/500d1f05169c5f2bff7d311b66e369c5eb53397b_IMG_9952.jpeg', 'caption': {'de': 'Alp Valüna bei sonnigem Wetter', 'en': 'Alp Valüna'}}];2026-06-29T07:43:22+02:00
913bebc4-8c72-4af4-99bf-c5877bb59fb7;Bäckerei Amann;Die Bäckerei Konditorei Amann liegt im Zentrum von Vaduz und lädt mit feinen Backwaren und Mittagsgerichten zum Geniessen vor Ort ein.;<p class="isSelectedEnd">Die B&auml;ckerei Konditorei Amann l&auml;dt nicht nur zum Mitnehmen, sondern auch zum Verweilen ein. Im gem&uuml;tlichen Innenbereich und auf den Sitzpl&auml;tzen im Aussenbereich kannst du t&auml;glich frische Backwaren, feine Konditoreispezialit&auml;ten und warme Mittagsgerichte direkt vor Ort geniessen.</p><p class="isSelectedEnd">Ob zum Fr&uuml;hst&uuml;ck, f&uuml;r eine Kaffeepause oder zum Mittagessen: Die entspannte Atmosph&auml;re ist ideal f&uuml;r einen kurzen Zwischenstopp beim Stadtbummel oder eine genussvolle Pause in Vaduz. Die Bestellung erfolgt in Selbstbedienung an der Theke, anschliessend kannst du deine Auswahl bequem am gew&uuml;nschten Platz geniessen.</p><p>Mit dem&nbsp;<span style="text-align: center;">&laquo;</span><a href="https://tourismus.li/angebote/freizeit/erlebnispass-2/all-inclusive-erlebnispass.html">ALL INCLUSIVE Erlebnispass</a><span style="text-align: center;">&raquo; erh&auml;ltst du hier 20% Rabatt auf einen einmaligen Einkauf.</span></p>;9.521402120590212;47.1387091037243;Äulestrasse 56;9490;Vaduz;+423 232 10 53;office@amann-ag.li;http://www.amann-ag.li;[{'@type': 'ImageObject', 'contentUrl': 'https://ltmpimtsoch.sos-ch-dk-2.exoscale-cdn.com/catalog/1/c/8/9/1c89cba738478360c14e67fd218b0c107844fc14_Amann3.jpg', 'caption': {'de': 'Blick auf den Verkaufsraum der Bäckerei Konditorei Amann mit gefüllter Theke', 'en': 'Bäckerei Konditorei Amann'}}];2026-09-11T10:04:18+02:00
92a8bcb6-8b87-4c23-84f6-3f21d147169b;Küefer-Martis-Huus;Das 2002 eröffnete Küefer-Martis-Huus ist Museum und Kulturzentrum der Gemeinde Ruggell.;<p>Das Gebäude stammt aus dem 18. Jahrhundert und ist eines der seltenen Beispiele für repräsentative Barock-Bauernhäuser in unserer Region. Der Museumsteil befindet sich im renovierten und denkmalgeschützten Wohnhaus. Die Räume im Obergeschoss und Dachgeschoss sind in erster Linie für Ausstellungen zu unterschiedlichen regionalen Themen reserviert. Die Wohnstube mit Kachelofen, die alte Schlafkammer und die Küche mit dem alten Holzherd geben einen Eindruck von den ursprünglich typischen Wohnverhältnissen in der Region.</p><p>Das moderne «Kulturtenn», das anstelle des direkt ans Wohnhaus angebauten ehemaligen Stalls neu errichtet wurde, steht für kulturelle Aktivitäten unterschiedlichster Art zur Verfügung: Hier finden Ausstellungen regionaler Künstler und Künstlerinnen, Lesungen, Vorträge, Diskussionen, aber auch Treffen der örtlichen Senioren und Seniorinnen oder Veranstaltungen regionaler Vereine statt.</p>;9.5250294;47.243411;Giessenstrasse 14;9491;Ruggell;+423 371 12 66;kmh@adon.li;https://www.kuefermartishuus.li/;[{'@type': 'ImageObject', 'contentUrl': 'https://ltmpimtsoch.sos-ch-dk-2.exoscale-cdn.com/catalog/2/e/f/d/2efd48776a9bf62a45d44abdfe50873ae343839c_kuefer_martis_huus_ruggell_kulturzentrum.jpeg', 'caption': {'de': 'Aussenaufnahme des historischen Küefer-Martis-Huus', 'en': 'Küefer-Martis-Huus'}}];2026-09-24T12:51:06+02:00
92ad0473-93e8-444b-9b13-a61925b2c5fe;b_smart hotel Bendern;Das b_smart hotel in Bendern überzeugt mit einem neuen Verständnis von Service und einladendem Design zu einem attraktiven Preis.;<p>Nur fünf Autominuten von der Schweizer Autobahn A13 entfernt, liegt das Hotel inmitten des Industrie- und Wirtschaftsstandortes Fürstentum Liechtenstein. Einchecken kann man rund um die Uhr und ohne Zeitverlust am Check-in Terminal. Neben den 57 topmodernen Zimmern bietet das b_smart hotel auch einen exklusiven Fitness- und Wellnessbereich. Egal ob für Businessreisende oder für Urlauber, ob für kurze oder längere Aufenthalte - im b_smart hotel im Fürstentum Liechtenstein zu übernachten lohnt sich.</p><p>Mit der Zustimmung des Hotels sind Haustiere grundsätzlich erlaubt. Es fällt eine entsprechende Gebühr an.</p>;9.502149225729234;47.20525821699224;Selemad 12;9487;Gamprin-Bendern;+41 62 858 47 49;meeting-bendern@b-smarts.net;https://www.b-smarts.net/bendern/meeting-events;[{'@type': 'ImageObject', 'contentUrl': 'https://ltmpimtsoch.sos-ch-dk-2.exoscale-cdn.com/catalog/1/2/d/c/12dc3547ceb2dcddfe1960a5706e031ae214d90f__C__Hannes_Niederkofler_HQ_1658.jpg', 'caption': {'de': 'Stilvoll eingerichtetes Doppelzimmer im b_smart hotel in Bendern', 'en': 'b_smart hotel'}}];2026-07-19T08:34:22+02:00
92c80282-ba14-43af-80c2-f27f131c47e9;Restaurant Weinstube;Die Küche vom Restaurant Weinstube erfüllt alle Wünsche: Von feinen Fonduespezialitäten bis zum gediegenen Dinner für grössere Gesellschaften.;<p>Die saisonal geprägte Speisekarte bietet regionale und internationale Gerichte sowie traditionelle Fonduespezialitäten.</p><p>In der Weinstube wird grossen Wert auf einen verantwortungsbewussten Einkauf von lokalen Produkten gelegt.</p><p>Erlesene Weine aus dem reichhaltigen, hauseigenen Angebot machen das Abendessen in der Weinstube zum perfekten Genuss.</p>;9.543852210044863;47.19984966323448;Churer Strasse 10;9485;Nendeln;+423 377 17 78;office@weinstube.li;http://www.weinstube.li;[{'@type': 'ImageObject', 'contentUrl': 'https://ltmpimtsoch.sos-ch-dk-2.exoscale-cdn.com/catalog/a/e/3/a/ae3a44bc2b82eaa7056c214e524638a0fb3e6086_170422_Webseite_Weinstube_Vinothek_Schaechle_341.jpg', 'caption': {'de': 'Aussenansicht des Restaurant Weinstube mit Blumen im Vordergrund ', 'en': 'Restaurant Weinstube'}}];2026-09-11T15:50:46+02:00
95c0f1ee-5261-443e-a020-138bd7c51f88;Restaurant Kainer;Im Restaurant Kainer, wo warmes, heimisches Holz eine einladende Wohlfühlatmosphäre schafft, erwarten dich Spezialitäten aus Küche und Keller.;Schon der Blick von der Sonnenterrasse ist ein echtes Highlight. Doch das Restaurant in Triesenberg hat noch viel mehr zu bieten als nur ein grandioses Panorama. Seit über 20 Jahren kommen Stammgäste vor allem wegen der ausgezeichneten Küche. Mit Herz und Charme werden hier feinste Köstlichkeiten aus der Region serviert.;9.543476700782778;47.11730334552838;Landstrasse 10;9497;Triesenberg;+423 268 39 33;info@kainer.li;http://www.kainer.li;[{'@type': 'ImageObject', 'contentUrl': 'https://ltmpimtsoch.sos-ch-dk-2.exoscale-cdn.com/catalog/7/9/5/6/7956bf76af58dc285e8e97283e0445cb1a1b55c2_restaurant_kainer_triesenberg.jpeg', 'caption': {'de': 'Aussenaufnahme des Restaurant Kainer'}}];2026-09-22T13:55:38+02:00
98eec534-c288-4833-8310-d5ad93b2b17a;Red Mango;Im Red Mango geniessen Gäste authentisch thailändische Küche – frisch zubereitet, aromatisch gewürzt und inspiriert von den Aromen Südthailands.;<p>Im Red Mango erwartet G&auml;ste eine authentische kulinarische Reise nach Thailand. Die Gerichte werden frisch zubereitet und basieren auf traditionellen Rezepten, insbesondere aus dem s&uuml;dlichen Teil des Landes. Typisch f&uuml;r die K&uuml;che sind frische Kr&auml;uter und Gew&uuml;rze wie Thai-Basilikum, Limettenbl&auml;tter, Galgant, Chili, Minze oder Thai-Curry, die dem Essen seine charakteristische Tiefe und Ausgewogenheit verleihen.&nbsp;Die Speisen sind leicht, gesund und aromatisch, serviert mit Reis oder Nudeln. Wer die Vielfalt der thail&auml;ndischen K&uuml;che in hoher Qualit&auml;t erleben m&ouml;chte, ist im Red Mango bestens aufgehoben.</p>;9.52420771121979;47.11721572539516;Landstrasse 91;9495;Triesen;+423 392 55 88;info@redmango.li;https://www.redmango.li/;[{'@type': 'ImageObject', 'contentUrl': 'https://ltmpimtsoch.sos-ch-dk-2.exoscale-cdn.com/catalog/6/3/6/d/636dbf4d536b48ba284848977d7f75dc75fd664b_red_mango_thai_restaurant_triesen.jpeg', 'caption': {'de': 'Aussenansicht des Red Mango Restaurants'}}];2025-10-20T14:54:15+02:00
9cad17df-842d-405e-a0f5-1bece86ebaae;Pfarrkirche St. Peter und Paul;Die Pfarrkirche wurde 1846 geweiht und steht auf einem historisch belegten Kirchenstandort mit Wurzeln bis in die römische Zeit.;<p>Die Pfarrkirche St. Peter und Paul in Mauren geh&ouml;rt zur katholischen Pfarrei der Gemeinde und wurde zwischen 1842 und 1843 nach Pl&auml;nen von Laurenz Vogel errichtet. Der klassizistische Bau steht an einem geschichtstr&auml;chtigen Ort: Bereits zwischen 1290 und 1298 wurde hier eine Kirche erstmals erw&auml;hnt. Ausgrabungen in den Jahren 1986 bis 1988 brachten Fundamente &auml;lterer Vorg&auml;ngerbauten ans Licht und lieferten Hinweise auf eine r&ouml;mische Besiedlung des Platzes.</p>;9.54367518424988;47.2202166428854;Peter-und-Paul-Strasse 36;9493;Mauren;[{'@type': 'ImageObject', 'contentUrl': 'https://ltmpimtsoch.sos-ch-dk-2.exoscale-cdn.com/catalog/1/7/7/5/17755c4beb346fc10886bac824ce43cdf375227b_kirche_mauren.jpeg', 'caption': {'de': 'Aussenansicht der Pfarrkirche St. Peter und Paul'}}];2025-09-05T09:34:56+02:00
9cd474fc-6735-4b12-b18b-fbdd4c3d9811;Russendenkmal;Das Russendenkmal in Hinterschellenberg erinnert an die Flucht von rund 500 Angehörigen der 1. Russischen Nationalarmee nach Liechtenstein im Mai 1945 und an die anschliessende Asylgewährung durch das Fürstentum.;<p data-start="527" data-end="863">Das Russendenkmal befindet sich unterhalb der Wirtschaft zum L&ouml;wen in Hinterschellenberg. In der Nacht vom 2. auf den 3. Mai 1945 &uuml;berschritten die asylsuchenden Reste der &laquo;1. Russischen Nationalarmee der Deutschen Wehrmacht&raquo; unter Generalmajor A. Holmston-Smyslowsky mit rund 500 Personen die damalige Reichsgrenze nach Liechtenstein.</p><p data-start="865" data-end="1231">In der &laquo;Wirtschaft zum L&ouml;wen&raquo; fanden die ersten Verhandlungen statt, die zur Asylgew&auml;hrung durch das F&uuml;rstentum Liechtenstein f&uuml;hrten. Der Gedenkstein erinnert an dieses Ereignis. Er h&auml;lt fest, dass sich Liechtenstein den sowjetischen Auslieferungsforderungen widersetzte und den Fl&uuml;chtlingen nach zweieinhalb Jahren die Ausreise in ein Land ihrer Wahl erm&ouml;glichte.</p>;9.560846686363222;47.24166077234459;9488;Schellenberg;[{'@type': 'ImageObject', 'contentUrl': 'https://ltmpimtsoch.sos-ch-dk-2.exoscale-cdn.com/catalog/3/8/c/2/38c2e6563f147e66b661541017ff7407213c5574_Image.jpg', 'caption': {'de': 'Russendenkmal in Hinterschellenberg'}}];2026-06-23T14:31:13+02:00
9da37fe2-cc99-4898-9baf-5c2c08f459b7;Artis Bistro;Das Artis Bistro ist ein kleines Bistro mit 27 Sitzplätzen im Süden von Vaduz.;<p>Im Bistro werden täglich Zmorga, Znüni, Zmittag und Zvieri angeboten. Ein regelmässig wechselndes Wochenmenü wird ergänzt von feinen Kuchen, Kaffees und Getränken.</p>;9.521310925483705;47.12407084486464;Kanalstrasse 30;9490;Vaduz;+423 232 62 15;info@artisbistro.li;http://www.artisbistro.li;[{'@type': 'ImageObject', 'contentUrl': 'https://ltmpimtsoch.sos-ch-dk-2.exoscale-cdn.com/catalog/3/b/e/a/3beaacab4a6d4e179d92b2d4533d888de7807bea_artis_bistro_vaduz.jpeg', 'caption': {'de': 'Aussenaufnahme des Artis Bistro'}}];2026-09-22T13:03:50+02:00
9f77f579-7fd0-499a-809d-838e4907450b;Kapelle St. Josef;Die Kapelle im Ortsteil Ebaholz wurde 1931 geweiht und gehört zur Pfarrei Vaduz.;<p>Die Kapelle St. Josef liegt auf 490 Metern im ruhigen Ortsteil Ebaholz in Vaduz. Der Bau wurde 1930 nach Pl&auml;nen des Churer Architekten Johann Baptist Willi begonnen und ein Jahr sp&auml;ter geweiht. Es handelt sich um eine einschiffige Kirche mit einem flach abschliessenden, eingeschn&uuml;rten Chor.</p>;9.513843655586244;47.150461293594645;Fürst-Franz-Josef-Strasse 12;9490;Vaduz;[{'@type': 'ImageObject', 'contentUrl': 'https://ltmpimtsoch.sos-ch-dk-2.exoscale-cdn.com/catalog/d/1/f/8/d1f8e692a942964b697719bbbcc831609f671771_kapelle_vaduz.jpeg', 'caption': {'de': 'Aussenansicht der Kapelle St. Josef'}}];2026-09-14T14:11:25+02:00
a02d4aca-44f9-4c6e-8156-55907b63813b;MIZU;Vom frischen Sashimi bis zum einzigartigen Grill-Erlebnis – hier trifft Tradition auf Modern Fusion.;<p>Mitten in Vaduz verbindet das Restaurant MIZU die Aromen Asiens mit westlicher Kochkunst. In modernem Ambiente geniessen Gäste eine kreative Fusion-Küche, die Tradition und Innovation geschmackvoll vereint.</p>;9.522732496261598;47.13966883491731;Im Städtle 29;9490;Vaduz;+423 232 22 88;reservation@mizu.li;http://www.mizu.li;[{'@type': 'ImageObject', 'contentUrl': 'https://ltmpimtsoch.sos-ch-dk-2.exoscale-cdn.com/catalog/6/e/1/2/6e129de61fb3becaa180b58f2ff25851b96b630e_restaurant_mizu_vaduz.jpeg', 'caption': {'de': 'Aussenaufnahme des Restaurants MIZU', 'en': 'Mizu'}}];2026-09-22T12:21:46+02:00
a0723029-d65b-4471-8a98-c9b6bbc46935;Schlucher-Treff mit Mini-Cars & Trampolin;Der Schlucher-Treff wird zur Rennstrecke. Für die kleinen Malbuner-Gäste stehen Mini-Cars und ein Trampolin zur Verfügung.;<p>Der Schlucher-Treff in Malbun freut sich im Sommer insbesondere auf die kleinen G&auml;ste. Die Mini-Cart-Bahn, welche mit leisen, umweltfreundlichen Elektrofahrzeugen auftrumpft, l&auml;sst keine W&uuml;nsche offen. F&uuml;r Kinder von f&uuml;nf bis zw&ouml;lf Jahren stehen ein Traktor, ein Formel-1-Wagen, ein Polizei-Motorrad und ein richtiger amerikanischer Truck zur Abfahrt bereit.&nbsp;</p><p>Im Sommer gibt es im Schlucher-Treff noch weitere Attraktionen zu entdecken. Ein grosses Trampolin sorgt draussen f&uuml;r Vergn&uuml;gen und steht zur freien Nutzung direkt neben der Mini-Cart-Bahn. Drinnen warten zudem verschiedene Spielk&auml;sten wie Tischfussball und Airhockey auf engagierte Spieler.&nbsp;</p><p>Das Restaurant l&auml;dt zum Verweilen und Geniessen verschiedenster Gerichte ein.</p><p>Mit dem&nbsp;&laquo;<a href="https://tourismus.li/angebote/freizeit/erlebnispass-2/all-inclusive-erlebnispass.html">ALL INCLUSIVE Erlebnispass</a>&raquo; geniessen Kinder eine Gratis-Runde mit dem Mini-Car.</p>;9.60782825946808;47.10356485058046;Im Malbun 3;9497;Malbun;+423 263 51 02;info@schlucher-treff.li;https://www.instagram.com/schluchertreff/;[{'@type': 'ImageObject', 'contentUrl': 'https://ltmpimtsoch.sos-ch-dk-2.exoscale-cdn.com/catalog/9/a/f/e/9afe8d10ae2b09a6276e9b7430f37b2ed9326a0f_FF250710A1_018a.jpg', 'caption': {'de': 'Kinder fahren mit Mini-Cars', 'en': 'Schlucher-Treff with mini-cars & trampoline'}}];2026-09-03T14:31:14+02:00
a1347d21-1ec5-4a18-9428-e9ffc62af263;Landgasthof Rössle;Im Landgasthof Rössle werden Gäste in ländlich gemütlichem Ambiente kulinarisch verwöhnt.;<p>Im Landgasthof Rössle kommen die Gäste in der Gaststube, im ländlich Stil gehaltenen Saal sowie auf der grossen Terrasse zum unbeschwerten und unvergessenen Genuss.</p><p>Auf der Speisekarte stehen Klassiker wie Cordon Bleu und Schnitzel sowie die Liechtensteiner Spezialität «Käsknöpfle».</p>;9.524376688287342;47.24365852898617;Kanalstrasse 2;9491;Ruggell;+423 373 14 25;landgasthof@roessle.li;http://www.roessle.li;[{'@type': 'ImageObject', 'contentUrl': 'https://ltmpimtsoch.sos-ch-dk-2.exoscale-cdn.com/catalog/2/7/d/7/27d7da76fee8b94b36ae4c6a229bf74fe4dee4fc_landgasthof_roessle_ruggell.jpeg', 'caption': {'de': 'Aussenaufnahme des Landgasthofs Rössle', 'en': 'Landgasthof Roessle'}}];2026-09-24T12:48:13+02:00
a29fc317-974d-4c9f-bff8-11f3b1736c16;Gasthaus zum Engel;Die Dorfbeiz in Balzers ist ein Treffpunkt für Jung und Alt.;<p>Das Gasthaus zum Engel in Balzers ist eine gemütliche Dorfbeiz, die Jung und Alt zusammenbringt. In den denkmalgeschützten Räumlichkeiten herrscht eine gesellige Atmosphäre, ideal zum Verweilen und Austauschen. Neben einer grossen Auswahl an Getränken gibt es auch eine kleine Speisekarte mit Klassikern wie Pommes Frites, Hamburgern und Pizzen.</p>;9.506832361221315;47.068382632813424;Höfle 47;9496;Balzers;+423 220 27 97;info@engelbalzers.li;https://www.engelbalzers.li/de/;[{'@type': 'ImageObject', 'contentUrl': 'https://ltmpimtsoch.sos-ch-dk-2.exoscale-cdn.com/catalog/a/4/4/f/a44fc75d5a39533ff4b912d0a651a4ca8f156cd9_gasthaus_zum_engel_balzers.jpeg', 'caption': {'de': 'Aussenaufnahme des Gasthaus zum Engel'}}];2026-09-22T13:48:10+02:00
a2d4421d-c724-4c71-a243-03de3037c1f5;Gaflei Stuba;Hoch über dem Alltag aber gut erreichbar präsentiert sich auf 1483 m ü. M. die Gaflei Stuba als Teil des Clinicum Alpinum.;<p>Die Gaflei Stuba auf 1483 m ü. M. ist ein kulinarischer Rückzugsort mit beeindruckender Aussicht auf Liechtenstein, das Rheintal und die umliegende Bergwelt. Als Teil des Clinicum Alpinum bietet sie eine regionale und saisonale Küche auf höchstem Niveau. Auf der Terrasse kannst du bei Kaffee und Kuchen oder einem Apéro den Blick in die Weite schweifen lassen. Die Speisekarte wird laufend an die Jahreszeiten angepasst, um die besten lokalen Zutaten in den Mittelpunkt zu stellen.</p>;9.54417407512665;47.14289053623251;Gafleistrasse 70;9497;Gaflei;+423 238 85 98;service@clinicum-alpinum.li;https://gaflei-stuba.li/;[{'@type': 'ImageObject', 'contentUrl': 'https://ltmpimtsoch.sos-ch-dk-2.exoscale-cdn.com/catalog/a/7/a/9/a7a94d0745f232d3b46de9068401d3255bb4cdd6_restaurant_gaflei_stuba_liechtenstein.jpeg', 'caption': {'de': 'Aussenaufnahme der Gaflei Stuba', 'en': 'Gaflei Stuba'}}];2026-09-22T14:03:42+02:00
a31093ca-7c65-4bba-ae5a-f931e70719c0;Ristorante Pizzeria Eintracht;Das Ristorante Pizzeria Eintracht lädt zu italienischen Genussmomenten in herzlicher Atmosphäre ein.;<p>Das Ristorante Pizzeria Eintracht in Eschen serviert authentische italienische K&uuml;che. Das Angebot umfasst klassische Pizzen, hausgemachte Pasta und weitere Spezialit&auml;ten aus Italien. G&auml;ste geniessen die Gerichte im gem&uuml;tlichen Restaurant oder auf der Terrasse.</p>;9.52156876736639;47.20928516803892;Essanestrasse 73;9492;Eschen;+423 373 13 56;info@restaurant-eintracht-eschen.li;https://restaurant-eintracht-eschen.li/;[{'@type': 'ImageObject', 'contentUrl': 'https://ltmpimtsoch.sos-ch-dk-2.exoscale-cdn.com/catalog/e/3/4/1/e341e57cabc258558e22a087b7c5fd71007dfbd5_ristorante_pizzeria_eintracht_eschen.jpeg', 'caption': {'de': 'Aussenaufnahme des Ristorante Pizzeria Eintracht'}}];2026-09-24T14:32:41+02:00
a3793777-3ca9-4c90-ac4d-f38c50aca71b;Restaurant Engel;Neben guter Hausmannskost und regionaler Küche kann man hier auch das Beste aus der thailändischen und chinesischen Küche geniessen.;<p>Im Restaurant Engel erwartet dich eine vielfältige Auswahl an regionalen und asiatischen Gerichten – ganztägig serviert, für den grossen wie den kleinen Hunger. Hausgemachte Klassiker wie Apfelstrudel, Kaiserschmarren und verschiedene Coupes runden das kulinarische Angebot ab. Dazu gibt es eine feine Auswahl an heimischen Weinen, Bieren, Softdrinks und Kaffeespezialitäten.</p><p>Für alle, die es eilig haben, bietet der Take-Away-Service die ideale Lösung. Sämtliche Speisen, Getränke und Snacks – von Sandwiches bis zum Menü – können vorab reserviert und bequem mitgenommen werden. </p><p>Mit 130 Innenplätzen, einer gemütlichen Stube für ca. 20 Personen und 80 Sitzplätzen auf der Sonnenterrasse unterhalb von Schloss Vaduz ist das Engel auch bestens geeignet für Familienfeiern, Betriebsanlässe oder Versammlungen aller Art.</p>;9.52258603525656;47.140759776660154;Städtle 13;9490;Vaduz;+423 376 54 60;reservation@restaurant-engel.li;https://www.restaurant-engel.li/;[{'@type': 'ImageObject', 'contentUrl': 'https://ltmpimtsoch.sos-ch-dk-2.exoscale-cdn.com/catalog/d/f/d/9/dfd92c823c02e0a32fe3a6ab895ee3eb9a123e0e_restaurant_engel_vaduz.jpeg', 'caption': {'de': 'Aussenaufnahme des Restaurants Engel'}}];2026-09-22T12:14:05+02:00
a741b918-db57-4b10-9bb3-9b0c65421ba6;Red Mango Thai Takeaway;Das Red Mango bietet authentische und frisch zubereitete Speisen der thailändischen Küche.;<p>Das Essen ist einzigartig und konzentriert sich auf authentische thailändische Aromen, die zum grössten Teil aus der südlichen Region Thailands stammen. Diese Küche ist leicht, gesund und ausgeglichen. Zu den Hauptgerichten gibt es Reis oder Nudeln.<br></p>;9.520490169525146;47.14121593721147;Schmedgass 2;9490;Vaduz;+423 392 55 88;info@redmango.li;https://www.redmango.li/vaduz2/;[{'@type': 'ImageObject', 'contentUrl': 'https://ltmpimtsoch.sos-ch-dk-2.exoscale-cdn.com/catalog/e/f/c/b/efcb54c5fe4b616492d250f5eb718ba11a959be5_redmango_vaduz.jpeg', 'caption': {'de': 'Aussenansicht des Red Mango Thai Takeaway', 'en': 'Red Mango Thai Takeaway'}}];2025-10-20T14:54:21+02:00
a8e7a75c-45f8-4b27-b62c-97fdde5b813e;Kneipp-Anlage;9.609893560409548;47.101081766833104;[{'@type': 'ImageObject', 'contentUrl': 'https://ltmpimtsoch.sos-ch-dk-2.exoscale-cdn.com/catalog/d/8/6/d/d86df086e2d6029ae901ab7d2d8577cef524a6e7_kneippanlage_malbun.jpeg'}];2025-10-20T15:03:48+02:00
a95c3dd3-11d4-4fdc-a105-9d188070422e;Café Etagere;Das Café Etagere befindet sich im Zentrum von Vaduz und bietet ausgewählten Kaffee, Tee, Sandwiches, Suppen und Salate.;<p>Bei den Milchgetränken hat der Gast die Wahl zwischen Voll-, Soja-, Mager- sowie lactosefreier Milch. Dazu gibt es ofenfrische Brötchen, Croissants und eine gesunden Ecke. Als Imbiss hat das Café eine Auswahl an täglich frischen kalten und warmen Sandwiches sowie Salaten und im Winter Suppen. Süsses sowie Antipasti zum Bier oder Cüpli runden das Angebot ab.</p>;9.520576000213625;47.14165378715341;Herrengasse 8;9490;Vaduz;+423 232 22 09;cafe@greber-ag.li;https://www.greber-ag.li/Genusswelt;[{'@type': 'ImageObject', 'contentUrl': 'https://ltmpimtsoch.sos-ch-dk-2.exoscale-cdn.com/catalog/8/c/9/2/8c92a9fe8c28bcb89c7419ba0242d4e6241eb893_IMG_3363.jpeg', 'caption': {'de': ' Gemütliches Café in Vaduz'}}];2026-09-11T10:44:43+02:00
ad7a5d8a-84c9-4d6b-8a3d-e2b74c223580;SCANAUA;Entdecke die traditionelle, saisonale und regionale Küche, die gleichzeitig mit neuen Interpretationen überrascht. Die Bar, kombiniert mit einer gemütlichen Lounge, lädt zum gemütlichen Verweilen ein.;<p>Im SCANAUA in Schaan erlebst du kreative Gerichte und eine vielfältige Getränkeauswahl in entspannter Atmosphäre. Perfekt für Mittagessen, Dinner oder Feierabenddrinks.</p><p>Auch für romantische Hochzeiten oder gesellige Feiern – die Lokalität bietet den idealen Rahmen für unvergessliche Anlässe. Gäste können sich auf individuell abgestimmte Menüs freuen, die saisonale Köstlichkeiten und kreative Überraschungen beinhalten. Die Kombination aus heimischer Küche, perfektem Ambiente und persönlichem Service macht jedes Event zu einem besonderen Erlebnis. Eine frühzeitige Anmeldung wird empfohlen.</p>;9.508801102638245;47.16561379318065;Landstrasse 30;9494;Schaan;+423 781 99 09;reservation@scanaua.li;https://scanaua.li/;[{'@type': 'ImageObject', 'contentUrl': 'https://ltmpimtsoch.sos-ch-dk-2.exoscale-cdn.com/catalog/9/4/f/0/94f0fc6b884421c796750fd717bde542efd9b2a4_restaurant_scanaua_schaan.jpeg', 'caption': {'de': 'Aussenaufnahme des SCANAUA', 'en': 'Scanaua Restaurant & Bar '}}];2026-09-23T08:00:06+02:00
ad94e368-fae3-4699-b44c-df2152be0ebb;Vaduz on Ice;Der Vaduzer Rathausplatz verwandelt sich zur Advents- und Weihnachtszeit in ein traumhaftes Eislauffeld in weihnachtlicher Atmosphäre.;<p>W&auml;hrend zwei Monaten (Anfang November - Anfang Januar) kann man auf dem Rathausplatz in Vaduz auf dem Eisfeld seine Runden drehen oder an den Verpflegungsst&auml;nden leckere Getr&auml;nke und Snacks konsumieren und dem Geschehen auf dem Platz zusehen.&nbsp;Ausserdem findet eine Vielzahl an tollen Events f&uuml;r Gross und Klein statt. <a href="https://www.vaduz-on-ice.li/events/">Hier</a> findest du eine &Uuml;bersicht &uuml;ber alle Veranstaltungen.</p><p>Mit dem &laquo;<a href="https://tourismus.li/angebote/freizeit/erlebnispass-2/all-inclusive-erlebnispass.html">ALL INCLUSIVE Erlebnispass</a>&raquo; geniesst du freien Eintritt zum Schlittschuhlaufen auf dem Eisplatz.</p>;9.522142410278322;47.140555483154884;Rathausplatz;9490;Vaduz;+423 791 40 80;info@vaduz-on-ice.li;https://www.vaduz-on-ice.li/;[{'@type': 'ImageObject', 'contentUrl': 'https://ltmpimtsoch.sos-ch-dk-2.exoscale-cdn.com/catalog/2/5/7/3/2573b08e9be87de02a9706b38bafd18e74da93b2__AMD0003.jpg', 'caption': {'de': 'Schlittschuhlaufen auf der bunt beleuchteten Eisfläche von «Vaduz on Ice» auf dem Rathausplatz', 'en': 'Vaduz on Ice'}}];2026-03-05T23:47:07+01:00
b15dc365-27cf-4666-8c6a-51a2a10c0d01;Hotel kommod;Egal ob Businessgast oder Urlauber, das Hotel kommod ist ideal für alle, die zeitgemässen Lifestyle, Service und Komfort lieben.;<p>Herzlich willkommen im Naherholungsgebiet Ruggell. Ob Businessgast oder Urlauber – das moderne Self-Check-in-Hotel kommod empfängt seine Gäste in ruhiger Lage in Ruggell, 1.5 km von der Autobahn A13 entfernt.</p><p>Die geschmackvoll und modern eingerichteten Zimmer mit kostenfreiem WLAN verfügen über schallisolierte, raumhohe Fenster, die geöffnet werden können, einen Flachbild-TV, einen Safe sowie ein Bad mit einer Regendusche und einem beleuchteten Schminkspiegel.</p><p>Mit seinen verschiedenen Räumlichkeiten ist das kommod auch eine ideale Location für erfolgreiche Tagungen, Seminare und Veranstaltungen. Gästen stehen zudem kostenlose Leihfahrräder zur Verfügung – ideal, um die Umgebung aktiv und flexibel zu erkunden.</p><p>Das <a href="https://tourismus.dev.cms.tso.ch/map/poi/restaurant-tenn-be5d2d19-ab2f-4570-886c-9a8d1a4201b7.html" rel="noopener noreferrer" target="_blank">Restaurant «tenn»</a>, das sich im Hotel befindet, serviert regionale und internationale Küche. Die hauseigene Bar mit einer Snackkarte, kostenlose Parkplätze in der überdachten Garage sowie mehrere Tagungs- und Businesseinrichtungen im Hotel runden das Angebot ab.</p><p>Der Check-in ist rund um die Uhr über einen Check-in-Automaten direkt im Hoteleingang selbstständig möglich.</p><p>Mit der Zustimmung des Hotels sind Haustiere grundsätzlich erlaubt. Es fällt eine entsprechende Gebühr pro Nacht an.</p>;9.528279304504396;47.24859854702802;Industriering 14;9491;Ruggell;+423 377 37 77;hotel@kommod.li;https://www.kommod.li/de/seminare-events/seminarraum-anfrage/;[{'@type': 'ImageObject', 'contentUrl': 'https://ltmpimtsoch.sos-ch-dk-2.exoscale-cdn.com/catalog/9/5/c/5/95c5ca613578ef66ba8908849de083465209386c_Kommod_Hotelzimmer_4.jpg', 'caption': {'de': 'Modernes Doppelzimmer im Hotel kommod mit Ausblick ins Grüne', 'en': 'Hotel kommod'}}];2026-08-31T23:23:27+02:00
b1841deb-d9e5-4522-bef3-35902d33cf46;Alpen-Minigolf Malbun;Das Bergdorf Malbun verwandelt sich zu einer einzigen grossen Minigolfanlage.;<p>Insgesamt 18 Bahnen mit verschiedenen Schwierigkeitsstufen f&uuml;hren vom Ortseingang Malbun durch das ganze Dorf. Geschick, Geduld und Zielstrebigkeit sind gefordert, wenn es heisst, der kleine Ball muss ins kleine Loch. Zum Absolvieren des Minigolf-Parcours werden etwa 1.5 Stunden berechnet. Schl&auml;ger und B&auml;lle k&ouml;nnen beim Malbun Center bezogen werden. Gespielt werden kann jeweils von Mitte Juni bis Ende Oktober.</p><p>Die Minigolf-Stationen sind von Mitte Juni bis Ende Oktober aufgestellt.</p><p>Mit dem &laquo;<a href="https://tourismus.li/angebote/freizeit/erlebnispass-2/all-inclusive-erlebnispass.html">ALL INCLUSIVE Erlebnispass</a>&raquo; spielst du eine Runde Minigolf gratis.</p>;9.607951641082764;47.10324652065617;Im Malbun 3;9497;Malbun;+423 239 63 15;malbuninfo@liechtenstein.li;[{'@type': 'ImageObject', 'contentUrl': 'https://ltmpimtsoch.sos-ch-dk-2.exoscale-cdn.com/catalog/6/3/f/b/63fb70bcb22b3219b55e4db7683078a404ee60f3_240719_freizeit_malbun_familie_sommer_003__64_.jpg', 'caption': {'de': 'Familie spielt Minigolf auf der Alpen-Minigolf-Anlage in Malbun', 'en': 'Alpine minigolf Malbun'}}];2026-08-21T20:32:20+02:00
b516c756-2c39-448c-9fa1-bfbfc6cb1c24;Souvenir-Stempel;Nimm mit dem beliebten Souvenir-Stempel ein einzigartiges Erinnerungsstück an deinen Besuch im Fürstentum mit nach Hause.;<p>Verleihe deinem Reisepass eine besondere Erinnerung an deinen Aufenthalt im F&uuml;rstentum Liechtenstein. Der beliebte Souvenir-Stempel ist ein einzigartiges Andenken und erfreut sich bei G&auml;sten aus aller Welt grosser Beliebtheit.</p><p>Den Souvenir-Stempel erh&auml;ltst du im Liechtenstein Center in Vaduz sowie im Malbun Center. Mit dem &laquo;<a href="https://tourismus.li/angebote/freizeit/erlebnispass-2/all-inclusive-erlebnispass.html">ALL INCLUSIVE Erlebnispass</a>&raquo; erh&auml;ltst du den Stempel kostenlos.</p><p><strong>Info: </strong>Der Souvenir-Stempel ist ein offiziell angebotenes touristisches Andenken. Er wird auf einer daf&uuml;r vorgesehenen Visaseite angebracht, ist von den liechtensteinischen Beh&ouml;rden genehmigt und macht deinen Reisepass nicht ung&uuml;ltig.</p>;Städtle 39;9490;Vaduz;+423 239 63 63;info@liechtenstein.li;[{'@type': 'ImageObject', 'contentUrl': 'https://ltmpimtsoch.sos-ch-dk-2.exoscale-cdn.com/catalog/5/e/3/3/5e3344e484f4f5ba215d12192f028d1c568807d5_souvenir_stempel_pass_liechtenstein.jpg', 'caption': {'de': 'Souvenir-Stempel im Pass'}}];2026-07-21T15:32:46+02:00
b565cbc7-5277-4ce3-926a-732cea198610;Restaurant Turna;Das Restaurant Turna ist weit über die Grenzen Liechtensteins bekannt – und das aus gutem Grund. ;<p>Hier steht der Chef pers&ouml;nlich in der K&uuml;che und kreiert spitzengastronomische Gerichte aus gesunden, regionalen Zutaten.</p><p data-start="226" data-end="481" data-is-last-node="" data-is-only-node="">K&ouml;stliche heimische Spezialit&auml;ten und verlockende internationale Kreationen kommen frisch auf den Tisch und machen jedes Essen zu einem Genussmoment. Dazu ein gutes Glas Wein und ein wunderbares Ambiente &ndash; perfekt f&uuml;r alle, die mit Leidenschaft geniessen.</p>;9.610810875892641;47.10108906089811;Im Malbun 55;9497;Malbun;+423 265 50 40;info@turna.li;http://www.turna.li;[{'@type': 'ImageObject', 'contentUrl': 'https://ltmpimtsoch.sos-ch-dk-2.exoscale-cdn.com/catalog/a/e/e/a/aeead679efb1dfe27fdb5930b17c91691e4a01e1_Hotel_Turna_Aussenansicht_Sommer.jpg', 'caption': {'de': 'Aussenansicht des Restaurants Turna mit Sommerterrasse', 'en': 'Restaurant Turna'}}];2026-08-11T14:51:49+02:00
b8e004c0-01e8-48b8-815d-096e484fc65b;Chapter Two;Wo Rezepte zu Legenden werden.;<p class="MsoNormal"><span lang="DE-LI" style="mso-ansi-language: DE-LI;">K&uuml;chenchef Martin Weber und sein Team interpretieren Liechtensteins kulinarisches Erbe neu &ndash; mutig, modern und mit Hingabe. Klassiker werden dekonstruiert, heimische Zutaten &uuml;berraschend kombiniert. Jedes Gericht wird so zu einer Geschichte, die im Ged&auml;chtnis bleibt.</span></p><p class="MsoNormal"><span lang="DE-LI" style="mso-ansi-language: DE-LI;">Martin Weber steht f&uuml;r eine K&uuml;che, in der Leidenschaft auf Pr&auml;zision trifft. Ausgebildet im Restaurant Brunnenst&ouml;cki, verfeinerte er sein K&ouml;nnen in renommierten H&auml;usern wie dem Steirereck Wien, Schloss M&ouml;nchstein und D&ouml;llerer. Neun Jahre lang pr&auml;gte er das Incantare in Heiden mit zwei Michelin-Sternen. Nun bringt er seine Handschrift ins Chapter Two &ndash; regional verwurzelt, international inspiriert.</span></p>;9.522763425765161;47.139994495358565;Städtle 23;9490;Vaduz;+423 239 20 20;info@residence.li;https://www.chaptertwo.li/;[{'@type': 'ImageObject', 'contentUrl': 'https://ltmpimtsoch.sos-ch-dk-2.exoscale-cdn.com/catalog/c/6/2/a/c62ac9e80d821c745f65124db8049b8d7ce0a676_chapter_two_vaduz_restaurant.jpeg', 'caption': {'de': 'Gedeckte Tische im Chapter Two', 'en': 'Bistro Residence'}}];2026-09-22T12:18:27+02:00
b9897c7a-a0ee-4705-a3d1-13cead08af37;Pizzeria Ristorante Rossano;Genuss wie in «Bella Italia».
;<p>Von knuspriger Pizza &uuml;ber hausgemachte Pasta bis hin zu zarten Schnitzeln und weiteren Spezialit&auml;ten aus der K&uuml;che: Hier ist f&uuml;r jeden Geschmack etwas dabei.</p>;9.511982202529909;47.1747346122634;Im alten Riet 22;9494;Schaan;+423 222 09 90;https://www.rossano-liechtenstein.li;[{'@type': 'ImageObject', 'contentUrl': 'https://ltmpimtsoch.sos-ch-dk-2.exoscale-cdn.com/catalog/5/9/9/4/59942357462ef720a336a40d1fb12db9a752f887_pizzeria_ristorante_rossano_schaan_liechtenstein.jpeg', 'caption': {'de': 'Aussenaufnahme der Pizzeria Ristorante Rossano'}}];2026-09-24T13:50:41+02:00
b9a6a19b-366c-4fc6-9a0a-d92e5fe3cbe8;Gsund & munter;Genuss trifft Gesundheit - junges, modernes Take-Away-Restaurant in Gamprin-Bendern, wo gesundes Essen einfach, gut und abwechslungsreich zubereitet wird. ;<p>Es werden haupts&auml;chlich regionale und saisonale Zutaten verwendet - f&uuml;r maximale Frische und Geschmack. Die Gerichte sind von der traditionellen K&uuml;che inspiriert, um Gesundheit und Genuss zu vereinen.&nbsp;</p><p>In einem gem&uuml;tlichen Ambiente kannst du das Essen auch vor Ort im modern eingerichteten Gastraum zu dir nehmen.&nbsp;</p>;Eschner Strasse 62;9487;Gamprin-Bendern;+423 340 83 38;info@gsund.li;https://www.gsundundmunter.li/;[{'@type': 'ImageObject', 'contentUrl': 'https://ltmpimtsoch.sos-ch-dk-2.exoscale-cdn.com/catalog/1/b/0/b/1b0bd4dd4729a15f8272af856ba2b222dfc111b3_Theke.jpg', 'caption': {'de': 'Vielfältige Gerichte im «Gsund & munter»'}}];2026-09-11T11:27:50+02:00
ba2d6e80-de33-4be5-a541-100f886a3388;Hotel Falknerei Galina;Das Hotel Galina ist ein familiär geführtes Hotel mit gemütlichen Familien- und Doppelzimmern sowie teilweise Balkon mit fabelhaftem Blick auf die schöne Bergwelt.;<p>Das Hotel liegt im idyllischen Bergdorf Malbun, dem einzigen Skigebiet im Fürstentum Liechtenstein, auf 1600 m ü. M. Nach einer erholsamen Nacht werden die Gäste mit einem reichhaltigen Frühstücksbuffet verwöhnt.</p><p>Im Winter geht’s vom Skiraum aus direkt auf die Piste oder in 2-3 Minuten Fussweg auf den Eisplatz oder zum Schlitteln. Die Schneesportschule, das Ski-Kinderparadies <a href="https://tourismus.dev.cms.tso.ch/map/poi/malbi-park-d51eea1f-6bd6-45f3-8891-00ca606586a1.html" rel="noopener noreferrer" target="_blank">malbi-park</a> oder das Sportgeschäft <a href="https://tourismus.dev.cms.tso.ch/map/poi/malbun-sport-9c757e6b-ea49-4a77-ae7f-c3cfd2f9f8cc.html" rel="noopener noreferrer" target="_blank">Malbun Sport</a> sind ebenfalls nur wenige Gehminuten entfernt. Parken können Gäste kostenlos, direkt vor dem Hotel.</p><p>Von Juni bis Anfang Oktober bietet das Galina mit seiner Falknerei eine spektakuläre Greifvogel-Show sowie privat geführte, weltweit einzigartige Adler- und Harris-Hawk-Erlebnisse an. Hierbei erlebst du die faszinierende Welt von Steinadler, Falke, Uhu &amp; Co. hautnah.</p><p>Mit der Zustimmung des Hotels sind Haustiere grundsätzlich erlaubt. Es fällt eine entsprechende Gebühr an.</p>;9.608223873582316;47.10226223726954;Im Malbun 20;9497;Malbun;+423 784 34 24;info@galina.li;https://www.galina.li;[{'@type': 'ImageObject', 'contentUrl': 'https://ltmpimtsoch.sos-ch-dk-2.exoscale-cdn.com/catalog/a/a/e/a/aaea7019f042fd4cb66344550ed726e4a811db77_galina_2026_01_02_0088.jpg', 'caption': {'de': 'Aussenansicht des Hotels Falknerei Galina in Malbun', 'en': 'Hotel Falknerei Galina'}}];2026-08-12T07:55:32+02:00
ba3c1da5-fb4f-45e1-bf02-9c0fd3656f4a;Restaurant JUFA Hotel;Das Restaurant im JUFA Hotel bietet hausgemachte Spezialitäten, zubereitet mit regionalen Zutaten.;<p>Im <span data-start="28" data-end="58" style="">Restaurant des JUFA Hotels</span> in <span data-start="62" data-end="72" style="">Malbun</span> erwarten dich <span data-start="87" data-end="117" style="">hausgemachte Spezialitäten</span> und <span data-start="122" data-end="149" style="">internationale Gerichte</span> – frisch zubereitet mit Zutaten von <span data-start="186" data-end="212" style="">regionalen Lieferanten</span>. Besonders beliebt sind die <span data-start="241" data-end="263" style="">Malbuner Bratwurst</span> und die <span data-start="272" data-end="296" style="">selbstgemachte Pinsa</span>. Ergänzt wird das kulinarische Angebot durch eine <span data-start="385" data-end="412" style="">feine Auswahl an Weinen</span>, die das Essen perfekt abrunden – ideal für einen genussvollen Aufenthalt in den Bergen.</p>;9.604893922805788;47.104908652000546;Malbunstrasse 60;9497;Malbun;+423 399 20 00;malbun@jufahotels.com;https://www.jufahotels.com/hotel/malbun/;[{'@type': 'ImageObject', 'contentUrl': 'https://ltmpimtsoch.sos-ch-dk-2.exoscale-cdn.com/catalog/8/7/5/9/8759a5ab7efc6fee799230c78f187078c7adea4d_restaurant_jufa_hotel_malbun.jpeg', 'caption': {'de': 'Aussenaufnahme des Restaurants im JUFA Hotel', 'en': 'Restaurant JUFA Hotel'}}];2026-09-22T14:17:28+02:00
baa21388-3412-478c-a149-52e090836a90;Simply Thai;Im «Simply Thai» erwartet Gäste authentische thailändische Küche und herzliche Gastfreundschaft.;<p>G&auml;ste geniessen hier authentische Spezialit&auml;ten mit frischen, intensiven Aromen. Alle Gerichte sind auch zum Mitnehmen erh&auml;ltlich.</p>;9.509380459785463;47.15773532452102;Landstrasse 152;9494;Schaan;+423 222 13 33;restaurant@simplythai.li;https://simplythai.li/;[{'@type': 'ImageObject', 'contentUrl': 'https://ltmpimtsoch.sos-ch-dk-2.exoscale-cdn.com/catalog/3/d/5/2/3d52a04e1db2bb848501c5ec38a632b58febd312_simply_thai_schaan_liechtenstein.jpeg', 'caption': {'de': 'Aussenaufnahme des Simply Thai'}}];2026-09-24T14:32:57+02:00
bafcdd1c-afe6-4138-8609-053b0e548151;Dorfbeck Dörig;Der Vaduzer Traditionsbetrieb stellt leckeres Brot und Feingebäck in der hauseigenen Backstube her.;9.522748589515688;47.14219017079915;Altenbach 14;9490;Vaduz;+423 232 10 74;vaduz@dorfbeck-doerig.li;[{'@type': 'ImageObject', 'contentUrl': 'https://ltmpimtsoch.sos-ch-dk-2.exoscale-cdn.com/catalog/c/5/8/a/c58a0a82d763ff7a9c697494febab5ae93dd6d6d_dorfbeck_doerig_vaduz.jpeg', 'caption': {'de': 'Aussenansicht des Dorfbeck Dörig'}}];2025-10-20T15:27:20+02:00
bc230825-9fcc-4dd7-b5da-a3309af47a38;Liechtensteinisches SchlossCafé;Das SchlossCafé befindet sich im Liechtensteinischen LandesMuseum und bietet täglich frische Kuchen mit Kaffee oder Tee in einem stilvoll eingerichteten Ambiente.;<p data-start="427" data-end="644">Bei sch&ouml;nem Wetter l&auml;dt das Gartencaf&eacute; zum Verweilen ein. F&uuml;r Familien bietet das Caf&eacute; eine Kinderoase, in der sich die kleinen G&auml;ste spielerisch austoben k&ouml;nnen.</p><p data-start="646" data-end="847">Ein besonderes Highlight ist der beliebte WaffelSonntag: Jeweils am 1. und 2. Sonntag im Monat werden von 10:00 bis 17:00 Uhr frisch gebackene Waffeln serviert.</p><p data-start="849" data-end="1023">Das SchlossCaf&eacute; ist auch ohne Eintritt ins Liechtensteinische LandesMuseum zug&auml;nglich und eignet sich perfekt f&uuml;r eine Pause beim Besuch der Vaduzer Museums- und Kulturmeile.</p>;9.522668123245241;47.13818057952994;Städtle 43;9490;Vaduz;+423 239 68 20;info@landesmuseum.li;https://www.landesmuseum.li/de/landesmuseum-besuch-schlosscafe#;[{'@type': 'ImageObject', 'contentUrl': 'https://ltmpimtsoch.sos-ch-dk-2.exoscale-cdn.com/catalog/8/f/0/4/8f04d6526dbf7f205806567a79707f52caf2bb6f_Liechtensteinisches_LandesMuseum_Vaduz.jpeg', 'caption': {'de': 'Aussenansicht des Liechtensteinischen LandesMuseum'}}];2025-10-20T14:57:12+02:00
bcc0a710-f1e4-4e32-bff6-d583177a8f9d;Restaurant Vögeli;Das Team des Restaurants Vögeli verwöhnt dich mit regionaler und internationaler Küche. ;<p>Der Chef persönlich garantiert die hohe Qualität der Köstlichkeiten aus Küche und Keller.</p><p>Bei schönem Wetter bist du eingeladen, dich auf der grosszügig konzipierten Sonnenterrasse mit Aussenbar kulinarisch verwöhnen zu lassen und das einzigartige Bergpanorama auf dich wirken zu lassen.<br></p>;9.608010649681093;47.10271022188679;9497;Malbun;+423 265 31 00;info@alpenhotel.li;https://www.alpenhotel.li/das-alpenhotel/philosophie;[{'@type': 'ImageObject', 'contentUrl': 'https://ltmpimtsoch.sos-ch-dk-2.exoscale-cdn.com/catalog/4/e/3/f/4e3f38b77d349dc110da520ee801f743d69228f1_Alpenhotel_Malbun_001.jpg', 'caption': {'de': 'Aussenaufnahme des Restaurant Vögeli', 'en': 'Restaurant Voegeli'}}];2026-09-24T14:17:00+02:00
be5d2d19-ab2f-4570-886c-9a8d1a4201b7;Restaurant tenn;Das Restaurant tenn im Hotel kommod in Ruggell vereint modernes, gemütliches Ambiente, feine Kochkünste und ein entspannter Service unter einem Dach.;<p>Im Restaurant tenn verschmelzen regionale Produkte mit feiner Weltküche zu einem echten Genusserlebnis. Eine exquisite Weinauswahl, kreative Drinks und ein modernes, gemütliches Ambiente schaffen den perfekten Rahmen für genussvolle Momente. Der aufmerksame Service rundet das Erlebnis ab.</p><p>Ob mit Freunden und Familie, Kollegen oder Businesspartnern – das tenn ist der ideale Ort zum Geniessen und Feiern. Hochwertige Qualitätsprodukte von ausgewählten regionalen Partnern bilden die Grundlage des Gourmetkonzepts, das den Gaumen verwöhnt.</p><p></p><p>Das Team unterstützt dich auch gerne bei der Planung und Organisation deines Events.</p>;9.528002812505227;47.24872928337317;Industriering 14;9491;Ruggell;+423 377 37 70;tenn@kommod.li;http://www.tenn.li/;[{'@type': 'ImageObject', 'contentUrl': 'https://ltmpimtsoch.sos-ch-dk-2.exoscale-cdn.com/catalog/f/b/5/f/fb5f1ff35f1b368b458fa511425191bfa0dd6669_restaurant_tenn_ruggell_liechtenstein.jpeg', 'caption': {'de': 'Aussenaufnahme des Restaurant tenn', 'en': 'Restaurant tenn'}}];2026-09-24T12:57:39+02:00
c0028185-293a-4ec4-9382-cac19a221bff;Restaurant Forum;Das Restaurant Forum ist bekannt für seine währschafte Küche. Im Sommer lädt die Terrasse draussen zum Verweilen ein.;<p>Auf der Speisekarte stehen Klassiker wie Schnitzel, Cordon Bleu und Kalbsgeschnetzeltes mit Rösti. Zum Dessert werden verschiedene Coupes und andere süsse Leckereien angeboten.</p>;9.507063031196596;47.15710424723084;Gapetschstrasse 87;9494;Schaan;+423 232 57 10;https://www.facebook.com/RestaurantForumSchaan/;[{'@type': 'ImageObject', 'contentUrl': 'https://ltmpimtsoch.sos-ch-dk-2.exoscale-cdn.com/catalog/5/a/8/e/5a8edf58ec3aae621749457e3e7585c5a9729230_restaurant_forum_schaan.jpeg', 'caption': {'de': 'Aussenansicht des Restaurants Forum'}}];2026-05-15T23:41:56+02:00
c2e73a58-01d8-44ea-913c-15acdedf5cdd;Giessen Hotel & Coffeehouse;Das Giessen Hotel & Coffeehouse ist ein gemütliches Drei-Sterne-Hotel in Vaduz mit serviertem Frühstück als «Buffet-à-la-carte».;<p>Das Giessen Hotel &amp; Coffeehouse in Vaduz bietet alles für einen komfortablen Aufenthalt in Liechtenstein. Das Drei-Sterne-Haus überzeugt mit einer gemütlichen Atmosphäre, stilvollen Zimmern, einem servierten Frühstück als „Buffet-à-la-carte“ und kostenlosem WLAN im gesamten Gebäude. Dank des 24/7 Self-Check-in-Systems reisen Gäste jederzeit flexibel an.</p><p>Radfahrer und Outdoor-Fans profitieren von einer Fahrradgarage und E-Bike-Ladestationen, während das Stadtzentrum von Vaduz in nur 10 Gehminuten erreichbar ist.</p><p>Hunde sind auf Anmeldung willkommen (CHF 20/Nacht/Hund).</p>;9.520313143730165;47.132932401429855;Zollstrasse 16;9490;Vaduz;+423 235 00 35;coffeehouse@giessen.li;https://giessen.li/meeting/;[{'@type': 'ImageObject', 'contentUrl': 'https://ltmpimtsoch.sos-ch-dk-2.exoscale-cdn.com/catalog/e/6/a/f/e6af0c44fd9f32d6892b1e6bb2fcaf072d5c93c8_ff_003.jpg', 'caption': {'de': 'Gemütliches Doppelzimmer im Hotel Giessen', 'en': 'Giessen Hotel & Coffeehouse'}}];2026-09-23T14:15:02+02:00
c4ae1148-1366-4a86-88e0-80fd3af5f611;Malbipark-Bistro;Geniesse auf der Terrasse einen atemberaubenden Blick auf die Liechtensteiner Bergwelt.;<p data-start="0" data-end="89">Das Bistro verw&ouml;hnt dich mit aromatischem Kaffee, einer feinen Auswahl an Bieren, Wein, Prosecco und Ap&eacute;ro-Getr&auml;nken &ndash; dazu gibt es eine kleine, aber feine Speisekarte.</p><p data-start="0" data-end="89">&Uuml;ber die Sommermonate bleibt das Bistro geschlossen.</p>;9.606635392301314;47.10254191798611;Pradameestrasse 11;9497;Malbun;078 648 62 17;bistro@malbipark.li;https://www.malbipark.li/;[{'@type': 'ImageObject', 'contentUrl': 'https://ltmpimtsoch.sos-ch-dk-2.exoscale-cdn.com/catalog/0/f/7/c/0f7cd672aba9aa4a221cc44ec212ce88d06fecb7_malbi_bistro_malbun_liechtenstein.jpeg', 'caption': {'de': 'Aussenaufnahme des Malbipark-Bistro', 'en': 'Malbipark-Bistro'}}];2026-09-22T14:23:38+02:00
c60545ec-1e01-4daa-8491-1acb038c3b4f;TANG Restaurant;Das TANG vereint traditionelle chinesische Küche mit regionalen Zutaten - ein authentisches Geschmackserlebnis in gastfreundlicher Atmosphäre.;<p>Das TANG Restaurant in Ruggell lädt zu einer kulinarischen Reise durch die traditionelle chinesische Küche ein. Die Gerichte werden mit frischen, saisonalen Gemüsesorten und hochwertigen Fleischprodukten aus der Region kombiniert, um ein harmonisches Geschmackserlebnis zu schaffen. In einem einladenden Ambiente wird grosser Wert auf Gastfreundschaft gelegt, während sorgfältig zubereitete Spezialitäten serviert werden.</p>;9.526909452743533;47.24214621365317;Dorfstrasse 29;9491;Ruggell;+423 231 11 68;info@tang-restaurant.com;http://www.tang-restaurant.com;[{'@type': 'ImageObject', 'contentUrl': 'https://ltmpimtsoch.sos-ch-dk-2.exoscale-cdn.com/catalog/c/7/0/d/c70dc4daade7f4f26e0a3aa951f78506bd0adad1_tang_restaurant_ruggell.jpeg', 'caption': {'de': 'Aussenansicht des TANG Restaurants'}}];2025-10-20T14:54:31+02:00
c6d7f847-84a6-4e91-938e-29110a50795d;CAFE im Kunstmuseum;Das Café im Kunstmuseum bietet eine feine Auswahl an Speisen, darunter leckere Reissalate und hochwertiges Sushi.;<p>Das Restaurant befindet sich im international bekannten Kunstmuseum Liechtenstein in Vaduz. Die Gäste schätzen die feinen Sushi, Sashimi und Reissalat-Lunches, die täglich von japanischen Meistern geboten werden.<br></p>;9.522378444671633;47.13942801259835;Städtle 32;9490;Vaduz;+423 232 63 00;info@adler.li;https://www.adler.li/cafe-im-kunstmuseum;[{'@type': 'ImageObject', 'contentUrl': 'https://ltmpimtsoch.sos-ch-dk-2.exoscale-cdn.com/catalog/2/8/7/b/287b57fba6c424de262cba32e225f315b0a62341_cafe_im_kunstmuseum_vaduz.jpeg', 'caption': {'de': 'Aussenaufnahme des CAFE im Kunstmuseum', 'en': 'CAFE im Kunstmuseum'}}];2026-09-22T12:24:42+02:00
c7f80e31-fcc9-4d15-bfa7-05f12ac25796;Restaurant zur alten Eiche;Das Restaurant zur alten Eiche verwöhnt dich mit köstlichen saisonalen Spezialitäten aus der Küche, sowie einer vorzüglichen Auswahl an Weinen.;<p>Geniess die abwechslungsreichen Men&uuml;s aus der modernen und kreativen K&uuml;che und lass dich von den vielf&auml;ltigen Aromen begeistern.</p><p>Die Weinauswahl umfasst erlesene Tropfen aus Liechtenstein, der Schweiz, &Ouml;sterreich, Italien, Frankreich und Spanien. Zu jedem Gericht findet sich der passende Wein.</p>;9.527246967842684;47.08632999496385;Sägastrasse 29;9495;Triesen;+423 392 26 86;info@alteeiche.li;http://www.alteeiche.li;[{'@type': 'ImageObject', 'contentUrl': 'https://ltmpimtsoch.sos-ch-dk-2.exoscale-cdn.com/catalog/f/1/a/1/f1a110efef92e0887f5c0cef651adb5f16745b54_restaurant_zur_alten_eiche_triesen.jpeg', 'caption': {'de': 'Aussenaufnahme des Restaurants zur alten Eiche'}}];2026-09-22T13:46:10+02:00
c823ab25-081d-41b8-9ee2-d21bab9508b7;PUR Restaurant & Bar;Im Herzen von Schaan lädt das Restaurant PUR dazu ein, kulinarische Vielfalt in stilvollem Ambiente zu geniessen.;<p>Das PUR ist der ideale Ort für genussvolle Momente.</p><p>Zur Mittagszeit erwartet dich ein abwechslungsreiches Angebot unter dem Motto köstlich – frisch – schnell: Von wechselnden Wochenkarten über kreative Burger-Variationen bis hin zu asiatischen und traditionellen Menüs.</p><p>Am Abend steht PUR für höchste Qualität. Ob saftige Steaks vom Grill, raffinierte Burger, feine Pasta oder vegetarische Gerichte – hier kommt nur das Beste auf den Teller.</p><p>In den warmen Monaten lädt die gemütliche Terrasse dazu ein, den Abend entspannt unter freiem Himmel ausklingen zu lassen.</p>;9.510045647621157;47.166645912157264;Landstrasse 15;9494;Schaan;+423 239 97 00;pur@pur.li;https://www.pur.li;[{'@type': 'ImageObject', 'contentUrl': 'https://ltmpimtsoch.sos-ch-dk-2.exoscale-cdn.com/catalog/1/f/2/d/1f2de1448e29d27f37dd3fcf510f1b6553e17c36_pur_restaurant_bar_schaan.jpeg', 'caption': {'de': 'Aussenaufnahme des PUR Restaurant & Bar', 'en': 'PUR Restaurant & Bar'}}];2026-09-24T13:40:37+02:00
c90131cf-dad5-401b-83af-8123f6680103;Gasthof Löwen;Der Gasthof Löwen in Vaduz verbindet Tradition mit Genuss. In einem über 600 Jahre alten historischen Ambiente erwarten dich köstliche Speisen und erlesene Getränke.;<p>Wer in Vaduz auf der Suche nach einem besonderen Genusserlebnis ist, wird im Gasthof Löwen fündig. Das geschichtsträchtige Haus hat über die Jahrhunderte unzählige Gäste empfangen und lädt heute mit seiner warmen, gemütlichen Atmosphäre zum Verweilen ein. Ob regionale Spezialitäten oder feine Klassiker – hier geniesst du Qualität in einem einzigartigen Ambiente.</p>;9.518811106681826;47.14267178732114;Herrengasse 35;9490;Vaduz;+423 238 11 44;office@hotel-loewen.li;http://www.hotel-loewen.li;[{'@type': 'ImageObject', 'contentUrl': 'https://ltmpimtsoch.sos-ch-dk-2.exoscale-cdn.com/catalog/e/9/4/c/e94c9514707b8c42995df4daf7fd68c3b75a4a6e_gasthof_loewen_vaduz.jpeg', 'caption': {'de': 'Aussenaufnahme des Gasthofs Löwen', 'en': 'Gasthof Löwen'}}];2026-09-23T08:02:07+02:00
cba68c76-0091-4c84-8882-199018d49e89;Pizzeria Restaurant Gitzihöll;Die «Gitzihöll» ist ein gemütliches Restaurant in Malbun mit Höhlenambiente und leckeren Pizzas.;<p>Das <span data-start="29" data-end="62">Restaurant Gitzih&ouml;ll</span> in <span data-start="66" data-end="76">Malbun</span> f&auml;llt durch seine <span data-start="95" data-end="110">H&ouml;hlenoptik</span> auf und sorgt f&uuml;r eine <span data-start="134" data-end="181">gem&uuml;tliche Atmosph&auml;re</span>. Auf der Speisekarte stehen unter anderem&nbsp;<span data-start="210" data-end="229">Pizzas, Pasta und Schnitzel.</span></p><p><span data-start="210" data-end="229">Das Restaurant bietet w&auml;hrend den &Ouml;ffnungszeiten auch Take-Away an.</span></p>;9.610043764114382;47.10080059663041;Heitastrasse 3;9497;Malbun;+423 260 00 33;info@gitzihoell.li;http://www.gitzihoell.li;[{'@type': 'ImageObject', 'contentUrl': 'https://ltmpimtsoch.sos-ch-dk-2.exoscale-cdn.com/catalog/4/d/b/3/4db33b84e76987fd46055f0927c6839b410cc8c2_pizzeria_restaurant_gitzihoell_malbun.jpeg', 'caption': {'de': 'Aussenansicht des Haus Alpina im Bergort Malbun'}}];2026-09-22T14:21:13+02:00
cec195e6-2cd7-4706-a03b-244c9c457cd7;Centrum Grill & Café;Das Centrum ist ein gemütlicher Treffpunkt für alle, die es unkompliziert mögen. ;<p>Das Centrum Grill &amp; Caf&eacute; befindet sich im Zentrum von Vaduz. Auf der vielseitigen Speisekarte stehen Kebap, Falafel, Pizza und weitere Klassiker. Drinnen bietet das Lokal &uuml;ber 60 Sitzpl&auml;tze, auf der sonnigen Terrasse ist Platz f&uuml;r rund 50 G&auml;ste &ndash; ideal also auch f&uuml;r gr&ouml;ssere Gruppen. Besonders attraktiv: Ab 20 Personen gibt es Gruppenrabatte.&nbsp;</p>;9.522110223770143;47.141201329110835;Städtle 5;9490;Vaduz;+41 78 735 39 00;centrum-grill@hotmail.com;https://www.centrum.li/;[{'@type': 'ImageObject', 'contentUrl': 'https://ltmpimtsoch.sos-ch-dk-2.exoscale-cdn.com/catalog/6/2/d/c/62dcdebf6858640a77972b4c0770b736ebc0eb51_centrum_grill_cafe_vaduz.jpeg', 'caption': {'de': 'Aussenaufnahme des Centrum Grill & Café'}}];2026-09-22T12:03:54+02:00
d1055e66-3f3d-4fb4-8049-0e4caf78eb0a;Altenbach;Mitten im Herzen von Vaduz lädt das Altenbach zu genussvollen Momenten ein. Restaurant und Bar vereinen sich hier in einem legeren Ambiente mit modernem Design.;<p>Das Altenbach steht für kreative, frische und hochwertige Küche. Hier treffen traditionelle, italienische, amerikanische und asiatische Einflüsse aufeinander – immer mit einem überraschenden Twist. Die entspannte Atmosphäre und das trendige Design machen das Altenbach zu einem Treffpunkt für Geniesser, die das Besondere suchen.</p>;9.521863460540773;47.14118316968769;Städtle 3;9490;Vaduz;+423 232 84 84;info@altenbach.li;https://www.altenbach.li/;[{'@type': 'ImageObject', 'contentUrl': 'https://ltmpimtsoch.sos-ch-dk-2.exoscale-cdn.com/catalog/f/a/3/5/fa35f45e73e16a353079fab9cf4bc623878a093d_restaurant_altenbach_vaduz.jpeg', 'caption': {'de': 'Aussenaufnahme des Altenbach'}}];2026-09-22T12:01:23+02:00
d1b68c1a-22ba-49ce-b356-73e2a74d5a11;Mühleholz Grill;Der Mühleholz Grill ist ein türkischer Imbiss.;<p>Der Imbiss bietet typische t&uuml;rkische Speisen wie D&ouml;ner, D&uuml;r&uuml;m und Pide an.</p>;9.510351405425032;47.155824041970185;Landstrasse 125;9490;Vaduz;+423 232 14 22;https://muhleholz-grill.business.site/;[{'@type': 'ImageObject', 'contentUrl': 'https://ltmpimtsoch.sos-ch-dk-2.exoscale-cdn.com/catalog/7/c/4/c/7c4c1677ab3755590403a74de42e9b5fa4fd18e2_m__hleholz_grill_vaduz.jpeg', 'caption': {'de': 'Aussenaufnahme des Mühleholz Grill'}}];2026-09-24T12:16:31+02:00
d5cce0ca-da52-4c82-83c4-e7ed9bb17cf4;b_smart motel Schaan;Das b_smart motel in Schaan bietet modernes Design, ein attraktives Preis-Leistungs-Verhältnis und 24/7 Self-Check-in.;<p>Das b_smart motel überzeugt mit topmodernem Design, flexibler 24/7 Self-Check-in-Möglichkeit und einem attraktiven Preis-Leistungs-Verhältnis. Mit 15 komfortablen Zimmern bietet es einen entspannten Aufenthalt mitten in Liechtenstein. Dank der zentralen Lage sind Unternehmen im Wirtschafts- und Industriestandort Liechtenstein schnell erreichbar. Ein Frühstück ist inklusive, damit Gäste gestärkt in den Tag starten können.</p><p>Mit der Zustimmung des Hotels sind Haustiere grundsätzlich erlaubt. Es fällt eine entsprechende Gebühr an.</p>;9.51914274818941;47.17874669713654;Undera Forst 16;9494;Schaan;+423 222 09 81;schaan@b-smarts.net;https://www.b-smarts.net/schaan;[{'@type': 'ImageObject', 'contentUrl': 'https://ltmpimtsoch.sos-ch-dk-2.exoscale-cdn.com/catalog/4/6/e/0/46e0257c5c19a55be1f4b84e5c50c32758d5bdd5_b_smart_motel_Schaan_22__1_.jpg', 'caption': {'de': 'Helles und modernes Zweibettzimmer im b_smart motel', 'en': 'b_smart motel'}}];2026-06-03T07:23:12+02:00
d609c093-2dff-4a0c-8754-77ec332057ee;Osteria Adler;In der Osteria Adler in Triesen isst du wie in Italien und fühlst dich gleichzeitig wie zu Hause.;<p>Die Osteria Adler bietet klassische italienische Küche in gemütlicher Atmosphäre. Gäste erwartet eine Auswahl an authentischen Gerichten – von knusprigen Pizzas über hausgemachte Pasta bis hin zu weiteren Spezialitäten aus verschiedenen Regionen Italiens.</p><p>Im Fokus stehen traditionelle Rezepte, sorgfältig zubereitet mit frischen Zutaten. </p>;9.525243043899538;47.10653018351199;Landstrasse 289;9495;Triesen;+423 376 50 42;https://www.instagram.com/osteria.adler/;[{'@type': 'ImageObject', 'contentUrl': 'https://ltmpimtsoch.sos-ch-dk-2.exoscale-cdn.com/catalog/b/f/0/0/bf00719be477bd575bf517bf32506447fb9a753f_osteria_adler_triesen.jpeg', 'caption': {'de': 'Aussenaufnahme der Osteria Adler'}}];2026-09-22T13:37:29+02:00
d6a58dcf-f27e-4b71-9f0d-c9269022152e;FAGO by meier;Im FAGO in Eschen verschmelzen Gaumenfreuden mit Augenschmaus und behaglichem Ambiente. ;<p>Ob zum gemütlichen Abendessen im Restaurant oder auf ein Feierabendgetränk in der Raucherbar – Stephanie und Sandro Meier und ihr Team verwöhnen ihre Gäste mit raffiniert zubereiteten, saisonalen Speisen und einer Auswahl erlesener Weine.</p><p>In den Sommermonaten lädt der stilvolle Gastgarten zum Verweilen und Geniessen im Freien ein. Das Restaurant bietet zudem ausreichend Platz für Feiern jeder Art – von der Geburtstagsrunde über Taufen bis hin zur Hochzeit.</p>;9.522770740238084;47.21110426294684;St. Luzi-Strasse 22;9492;Eschen;+423 371 14 14;info@fago.li;http://www.fago.li;[{'@type': 'ImageObject', 'contentUrl': 'https://ltmpimtsoch.sos-ch-dk-2.exoscale-cdn.com/catalog/7/3/f/6/73f6cfb01b3e91c26a0f57507efbe20b12f0d494_fago_by_meier_eschen_restaurant.jpeg', 'caption': {'de': 'Aussenaufnahme des FAGO by meier', 'en': 'Restaurant Fago by meier'}}];2026-09-24T13:36:11+02:00
d9c0c311-2a3f-4067-adec-b9534063e3cd;Restaurant Pedroni;Das Restaurant für frische, saisonale und regionale Speisen im Herzen von Triesen.;<p>Marco kocht für dich feine saisonale und regionale Gerichte, ob für traute Zweisamkeit oder in geselliger Runde. Ingo mixt feine Hauscocktails und berät dich gerne bei der Weinauswahl.</p><p>Mittags hast du die Wahl zwischen verschiedenen Hauptgerichten. Abends erwarten dich feine Köstlichkeiten aus Marcos Küche.</p>;9.525361061096193;47.108344301751806;Landstrasse 261;9495;Triesen;+423 370 11 88;info@pedroni.li;https://www.pedroni.li/index.html;[{'@type': 'ImageObject', 'contentUrl': 'https://ltmpimtsoch.sos-ch-dk-2.exoscale-cdn.com/catalog/8/d/7/4/8d7414b82423df37473be633adf5fcf49be07e23_restaurant_pedroni_triesen.jpeg', 'caption': {'de': 'Aussenansicht des Restaurants Pedroni'}}];2025-10-20T14:54:38+02:00
d9d5c690-6fea-4693-946f-de690b3bfb0c;Minigolfanlage Schaan-Vaduz;Der Minigolfplatz ist ein beliebter Treffpunkt im Sommer und bietet eine hochwertige Betonanlage.;<p>Auf den 18 Bahnen der homologierten Betonanlage finden auch internationale Turniere statt. Nach einer spannenden Runde Minigolf l&auml;dt das Restaurant mit Kiosk zum Verweilen ein &ndash; mit erfrischenden Getr&auml;nken und leckeren Pizzas.</p><p>Minigolfschl&auml;ger und B&auml;lle&nbsp;k&ouml;nnen vor Ort&nbsp;ausgeliehen werden.</p><p>Mit dem &laquo;<a href="https://tourismus.li/angebote/freizeit/erlebnispass-2/all-inclusive-erlebnispass.html">ALL INCLUSIVE Erlebnispass</a>&raquo; spielst du zu folgenden Zeiten eine Runde Minigolf gratis (ausgenommen an Sonn- und Feiertagen):</p><ul><li>Mai: 11:00 - 19:00 Uhr</li><li>Juni bis Mitte August: 11:00 - 21:00 Uhr</li><li>Mitte August bis 30. September: 13:00 - 18:00 Uhr</li></ul>;9.505797039055997;47.15168339368632;Schaanerstrasse 59;9490;Vaduz;+423 791 08 94;sandra.blondeel@icloud.com;[{'@type': 'ImageObject', 'contentUrl': 'https://ltmpimtsoch.sos-ch-dk-2.exoscale-cdn.com/catalog/2/5/0/e/250e52bc68e29d0891fbaf9ce492b1a6824cc1c8_shared_image.jpeg', 'caption': {'de': 'Minigolfanlage Schaan-Vaduz'}}];2026-09-16T15:34:24+02:00
da508253-3a57-4e79-824d-061c5aee37a3;Zentrum Balzers;Das Restaurant Zentrum Balzers im Süden Liechtensteins serviert authentische italienische Küche. Genuss und Gastfreundschaft gehen hier Hand in Hand.;<p>Im Zentrum Balzers geniessen G&auml;ste authentische italienische K&uuml;che. In herzlicher Atmosph&auml;re serviert das Restaurant frisch zubereitete Pasta, feine Antipasti, klassische Pizze und ausgew&auml;hlte Fleischgerichte. Wer zur Mittagszeit einkehrt, darf sich auf ein w&ouml;chentlich wechselndes Tagesmen&uuml; freuen.</p>;9.503549337387087;47.067063572440595;Gnetsch 34;9496;Balzers;+423 384 57 50;info@zentrum-balzers.li;https://www.zentrum-balzers.li/;[{'@type': 'ImageObject', 'contentUrl': 'https://ltmpimtsoch.sos-ch-dk-2.exoscale-cdn.com/catalog/a/a/7/8/aa789fcc701810a1da078250abf6b96ea7a7426b_restaurant_zentrum_balzers.jpeg', 'caption': {'de': 'Aussenaufnahme des Restaurants Zentrum', 'en': 'Restaurant Zentrum'}}];2026-09-22T13:51:59+02:00
db255aa3-4943-4ebe-a3e4-92536246a428;Giessen Coffeehouse;Das Giessen Coffeehouse in Vaduz verwöhnt mit frischem Kaffee, Tees, Smoothies, New-York-Style-Bagels, Salaten, Suppen und Süssem.;<p>Im Giessen Coffeehouse in Vaduz erwartet dich eine vielfältige Auswahl an frisch zubereiteten Speisen und Getränken. Von hochwertigem Kaffee und Tee über Smoothies, New-York-Style-Bagels, Salate und Suppen bis hin zu hausgemachtem Süssem – hier wird auf beste Qualität und Bio-Zutaten geachtet.</p><p>Geniessen kannst du die Spezialitäten in der gemütlichen Lounge, auf der überdachten Terrasse oder im grünen Garten. Ob Frühstück, Mittagessen oder eine kleine Auszeit am Nachmittag – alle Speisen und Getränke gibt es auch zum Mitnehmen.</p>;9.520050287246706;47.13297988304543;Zollstrasse 16;9490;Vaduz;+423 235 00 35;coffeehouse@giessen.li;https://giessen.li/coffeehouse/;[{'@type': 'ImageObject', 'contentUrl': 'https://ltmpimtsoch.sos-ch-dk-2.exoscale-cdn.com/catalog/6/9/5/d/695dca61ebc3687deb4127516eec922d10f4d81c_ff_093.JPG', 'caption': {'de': 'Innenaufnahme des Giessen Coffeehouse', 'en': 'Giessen Coffeehouse'}}];2026-09-23T16:11:56+02:00
e2ea1184-ac14-430f-b360-79c60e5d254c;Residence;Das Hotel Residence befindet sich im Städtle Vaduz und bietet moderne und elegante Zimmer.;<p>Das Residence besteht seit dem Jahr 2003 und fasziniert Gäste seitdem durch sein klassisches Interieur, das Komfort und Eleganz kombiniert. Ob Familienaufenthalt, romantischer Kurzurlaub oder Geschäftsreise - das Residence bietet für jeden Anlass geeignete Zimmer und passt sich den Bedürfnissen der Gäste an. Der Fokus liegt dabei stets auf dem Komfort, der Liebe zum Detail und einem aufrichtigen, heimeligen Gefühl.</p><p>Das Boutique-Hotel umfasst insgesamt 46 Zimmer und ist in zwei Bereiche mit ganz unterschiedlichem Stil unterteilt: das Residence Hotel mit 29 Zimmern und das modern-luxuriöse Central mit 17 Zimmern.</p><p>Mit der Zustimmung des Hotels sind Haustiere grundsätzlich erlaubt. Es fällt eine entsprechende Gebühr an.</p>;9.522807598114014;47.14001179871589;Städtle 23;9490;Vaduz;+423 239 20 20;info@residence.li;https://residence.li/;[{'@type': 'ImageObject', 'contentUrl': 'https://ltmpimtsoch.sos-ch-dk-2.exoscale-cdn.com/catalog/2/c/7/b/2c7bc5abe6ca31219836319773d89753aa3341ca_aussen.jpg', 'caption': {'de': 'Aussenansicht des Hotel Residence im Vaduzer Städtle', 'en': 'Hotel Residence'}}];2026-08-26T09:06:08+02:00
e3275a1c-d4a9-4006-839c-57019fd48015;Pizzeria Pikante;Die Pizzeria Pikante liegt direkt beim Tennisclub Triesen.;<p>In der Pizzeria Pikante in Triesen geniesst du leckere Pizzen und Focaccia. An warmen Sommertagen l&auml;dt die Terrasse zum gem&uuml;tlichen Essen im Freien ein.</p>;9.526278376579286;47.092914553040615;Langgasse 51;9495;Triesen;+41 79 873 11 34;https://www.pizzeria-pikante.li/;[{'@type': 'ImageObject', 'contentUrl': 'https://ltmpimtsoch.sos-ch-dk-2.exoscale-cdn.com/catalog/d/9/e/6/d9e699939fe06b20ddea0e1f05db0de8948ebcdf_pizzeria_pikante_triesen.jpeg', 'caption': {'de': 'Aussenaufnahme der Pizzeria Pikante'}}];2026-09-22T14:32:04+02:00
e583b332-e98c-49e0-bdb4-f76367838210;Bäckerei Wüst Balzers;Die Bäckerei und das dazugehörige Café befinden sich im Roxy Center in Balzers.;<p>Neben ofenfrischen Broten und Kleingeb&auml;ck bietet die B&auml;ckerei eine feine Auswahl an Sandwiches, Salaten und s&uuml;ssen Desserts. Wer Schokolade liebt, wird hier ebenso f&uuml;ndig wie Kaffee-Liebhaber. In der Gelateria warten saisonale Glacesorten, und f&uuml;r kleine Aufmerksamkeiten stehen s&uuml;sse Geschenkideen bereit.</p>;9.512309432029726;47.07555101549962;Landstrasse 20;9496;Balzers;+423 399 88 22;[{'@type': 'ImageObject', 'contentUrl': 'https://ltmpimtsoch.sos-ch-dk-2.exoscale-cdn.com/catalog/9/a/9/7/9a97dc3e4b6fe969897414a54ea8065df7d49acb_baeckerei_wuest_balzers.jpeg', 'caption': {'de': 'Eingang der Bäckerei Wüst'}}];2025-10-20T14:54:39+02:00
e64eadb6-138a-40e6-a169-799b7cdf3156;Hotel Weinstube;Das Hotel Weinstube in Nendeln verbindet familiäre Gastfreundschaft mit guter Küche.;<p>Das Hotel Weinstube in Nendeln bietet eine familiäre Atmosphäre und lädt zum Entspannen oder für Seminare in angenehmer Umgebung ein. Die zentral gelegene Unterkunft grenzt direkt an die Natur des Liechtensteiner Unterlands und bietet eine erholsame Auszeit. Im dazugehörigen Restaurant Weinstube kannst du aus über 200 Weinsorten wählen und regionale Köstlichkeiten geniessen.</p><p>Haustiere sind auf Anfrage gestattet. Möglicherweise fallen Gebühren an.</p>  ;9.543841588552096;47.19986657860388;Churer Strasse 10;9485;Nendeln;+423 377 17 77;office@weinstube.li;http://www.weinstube.li;[{'@type': 'ImageObject', 'contentUrl': 'https://ltmpimtsoch.sos-ch-dk-2.exoscale-cdn.com/catalog/1/1/d/d/11dd17d0aee8d38972cb7891c4ecb3ac873161c2_170422_Webseite_Weinstube_Vinothek_Sch__chle_454.jpg', 'caption': {'de': 'Doppelzimmer im Hotel Weinstube', 'en': 'Hotel Weinstube'}}];2026-09-12T04:02:41+02:00
e790c7e0-bd27-4dea-bacd-634ee0715c55;Restaurant Rössle;Das Restaurant Rössle kombiniert traditionsreiche Gastfreundschaft mit frischer Küche und gemütlichem Ambiente.;<p>Im Rössle werden von Montag bis Freitag täglich wechselnde Mittagsmenüs angeboten. Am Abend kannst du dein Lieblingsmenü à la carte wählen. Alle Speisen werden täglich frisch zubereitet und mit saisonalen Produkten kombiniert.</p> <p>Nebst der Gaststube verfügt das Rössle über einen Saal, welcher sich ideal für Familien-, Firmen- oder Vereinsfeiern eignet.</p>;9.508597254753115;47.164443043655076;Landstrasse 48;9494;Schaan;+423 232 17 07;info@restaurant-roessle.li;http://www.restaurant-roessle.li;[{'@type': 'ImageObject', 'contentUrl': 'https://ltmpimtsoch.sos-ch-dk-2.exoscale-cdn.com/catalog/7/9/6/f/796fb0fe3ffbed8e62bd722bf732fdc752295d18_restaurant_roessle_schaan.jpeg', 'caption': {'de': 'Aussenaufnahme des Restaurant Rössle', 'en': 'Restaurant Roessle'}}];2026-09-23T07:54:57+02:00
e7e9eda4-f07a-4f43-bb4b-f58006674111;Walsermuseum;Das Walsermuseum dokumentiert die Kultur und Geschichte der im 13. Jahrhundert am Triesenberg angesiedelten Walliser Einwanderer. ;<p>Die Besucherinnen und Besucher erfahren viel Interessantes &uuml;ber die Geschichte der Walser, die Pfarreigeschichte sowie die Land-, Holz- und Viehwirtschaft als Existenzgrundlage der Bev&ouml;lkerung.&nbsp;Das b&auml;uerliche und h&auml;usliche Leben ist eindr&uuml;cklich dargestellt. Durch die Pr&auml;sentation der Eigenheiten der Walser grenzt sich das Walsermuseum spannend von anderen Heimatmuseen ab.</p><p>Das Walserhaus nebenan dokumentiert die Wohnkultur des 19. Jahrhunderts und gibt einen bewegenden Bescheid &uuml;ber die Einfachheit des Wohnens. Die Besichtigung ist nur im Rahmen einer F&uuml;hrung m&ouml;glich.</p><p>Die Multivisionsschau informiert innert 25 Minuten mit wunderbaren Bildern, spannenden Texten und typischer Musik &uuml;ber das Dorfleben von gestern und heute.</p><p>Mit dem &laquo;<a href="https://tourismus.li/angebote/freizeit/erlebnispass-2/all-inclusive-erlebnispass.html">ALL INCLUSIVE Erlebnispass</a>&raquo; geniesst du kostenlosen Eintritt in das Walsermuseum.<br>Mit dem &laquo;<a href="https://tourismus.li/angebote/freizeit/welcome-erlebnispass.html">WELCOME Erlebnispass</a>&raquo; erh&auml;ltst du 20 % Rabatt auf den Eintritt.<br><br><u>Anreise</u></p><ul><li>Nahegelegene Bushaltestellen: &laquo;Triesenberg, Dorfzentrum&raquo;</li><li>Nahegelegene Parkpl&auml;tze: <a href="https://maps.app.goo.gl/1jtC4J3S4PtKxVtCA" target="_blank" rel="noopener noreferrer">Parkplatz Dorfzentrum</a></li></ul>;9.5429402589798;47.11856637712402;Schlossstrasse 5;9497;Triesenberg;+423 265 50 51;walsermuseum@triesenberg.li;http://www.walsermuseum.li;[{'@type': 'ImageObject', 'contentUrl': 'https://ltmpimtsoch.sos-ch-dk-2.exoscale-cdn.com/catalog/8/6/7/8/8678e5995be5b0fdbe662e480bfca7b837ecac7a_Walsermuseum_231007_walser_006.jpg', 'caption': {'de': 'Ausstellung im Walsermuseum ', 'en': 'Walser Museum'}}];2026-07-21T15:25:05+02:00
e817fd4f-d838-4011-a7e0-d740870045a1;Restaurant Torkel;Das Restaurant Torkel befindet sich im fürstlichen Weinberg Herawingert in Vaduz und wurde mit 16 Gault-Millau-Punkten ausgezeichnet.;<p>Das Restaurant befindet sich in einem mittelalterlichen Gebäude, den Innenraum beherrscht ein aus einem Stück gefertigter Torkelbaum. Ende der 1960er Jahre wurde das Gebäude zum Restaurant ausgebaut. Zwischen Trauben, Weinreben und einem bunt gemischten Publikum lässt es sich vorzüglich ein köstliches Essen geniessen.</p><p>Ivo Berger hat den Anspruch, stets den Gast und dessen Geschmack im Fokus zu haben. Nicht Trends nachzulaufen, sondern mit einer guten Portion Demut gegenüber den kulinarischen Vorgängern, das eigene Können stets weiter auszubauen. Das Verwenden hochwertigster Produkte aus dem In- und Ausland ist für ihn keine Selbstverständlichkeit, sondern ein Privileg. Zu den ausgezeichneten Speisen kannst du aus einem Sortiment von 300 Weinen aus allen Regionen Europas auswählen.</p><p> Eine überdachte und geheizte Terrasse überrascht mit einer herrlichen Aussicht.</p>  ;9.519513845443727;47.14421152877399;Hintergass 9;9490;Vaduz;+423 232 44 10;office@torkel.li;http://www.torkel.li/;[{'@type': 'ImageObject', 'contentUrl': 'https://ltmpimtsoch.sos-ch-dk-2.exoscale-cdn.com/catalog/d/6/e/8/d6e8ea166dfd574c0794d1879a6fb6c53cf32989_restaurant_torkel_gourmet_vaduz.jpeg', 'caption': {'de': 'Aussenaufnahme des Restaurant Torkel', 'en': 'Restaurant Torkel'}}];2026-09-23T08:05:16+02:00
e971fac6-81e7-4fe5-ba9e-13a58404627a;Ristorante Cesare;Römisches Ambiente, kreative, italienische Küche, die dazu passenden Qualitätsweine und dazu die Aussicht auf den Rathausplatz – das alles bietet das Cesare inmitten von Vaduz.;<p>Mit viel Liebe zum Detail werden anspruchsvolle und kreative Gerichte aus frischen und naturnahen Zutaten gezaubert. Lassen sie sich hausgemachte Pasta, mediterrane Fischspezialitäten oder das legendäre Risotto auf der Zunge zergehen, während sie in römischem Ambiente die Zeit vergessen.</p>;9.522791500706848;47.14057371340195;Städtle 15;9490;Vaduz;+423 232 85 34;burg@adler.li;http://www.adler.li;[{'@type': 'ImageObject', 'contentUrl': 'https://ltmpimtsoch.sos-ch-dk-2.exoscale-cdn.com/catalog/0/a/1/8/0a18779b23f401c69322f28da2e73e1dbb74b552_ristorante_cesare_vaduz.jpeg', 'caption': {'de': 'Aussenaufnahme des Ristorante Cesare'}}];2026-09-22T12:11:20+02:00
e99a8e5e-b90e-46a9-adcb-22ed5bfb12ad;Gasthof Au;Der Gasthof Au in Vaduz bietet frische, gutbürgerliche Küche in einer der ältesten Beizen des Ortes.;<p>Der Gasthof Au in Vaduz gehört zu den ältesten Gaststätten in Liechtensteins Hauptort und bietet eine urige Atmosphäre, in der sich Jung und Alt wohlfühlen. Die frische, gutbürgerliche Küche begeistert mit traditionellen Gerichten, die in der gemütlichen Gaststube oder im idyllischen Garten serviert werden. Der Gasthof kannst du auch für Veranstaltungen mieten.</p>;9.522029757499697;47.13224996023379;Austrasse 2;9490;Vaduz;+423 232 11 17;info@gasthof-au.li;http://www.gasthof-au.li;[{'@type': 'ImageObject', 'contentUrl': 'https://ltmpimtsoch.sos-ch-dk-2.exoscale-cdn.com/catalog/f/2/d/4/f2d456a1bf6a339e940b320d2ac19ea1daec6ef7_2021_12_03_LM_Shooting_Kulinarik_und_Kultur_in_Vaduz_0356.JPG', 'caption': {'de': 'Paar beim Abendessen in gemütlicher Holzstube im Gasthof Au', 'en': 'Gasthof Au'}}];2026-09-22T12:54:48+02:00
ea9709ab-cec1-4b69-85d6-7854d9ab9629;Il Rifugio;Das «Il Rifugio» ist ein kleiner italienischer Take-away in Mauren.;<p>Hier erwarten dich feine Pizzen zum Mitnehmen.</p>;9.541014432907106;47.2196228307708;Peter-und-Paul-Strasse 6;9493;Mauren;+423 373 29 93;[{'@type': 'ImageObject', 'contentUrl': 'https://ltmpimtsoch.sos-ch-dk-2.exoscale-cdn.com/catalog/0/f/c/5/0fc584b7f8ff45fb2c3f04c6c5aa4990a2c0e749_il_rifugio_takeaway_mauren_liechtenstein.jpeg', 'caption': {'de': 'Aussenaufnahme des «Il Rifugio»'}}];2026-09-24T14:30:53+02:00
eae2ccc8-8868-46ef-b2a2-451bc5b3d81c;Kirche St. Peter;Die Kirche St. Peter steht auf den Mauern eines römischen Kastells aus dem 4. Jahrhundert und gilt als ältestes Zeugnis der Christianisierung in Liechtenstein.;<p>Die Kirche St. Peter in Schaan z&auml;hlt zu den &auml;ltesten Sakralbauten der Region und geht auf ein r&ouml;misches Kastell aus dem 4. Jahrhundert zur&uuml;ck. Bereits im 5. Jahrhundert entstand dort ein Baptisterium, das mit einem Gr&auml;berfeld der christianisierten r&auml;toromanischen Bev&ouml;lkerung verbunden ist. Die Kirche war Teil des r&ouml;mischen Reichsguts und fiel sp&auml;ter an das karolingische Reich. Um 1450 wurde unter den Herren von Brandis ein vollst&auml;ndiger Neubau errichtet. Nach einem Brand im Jahr 1849 wurde die Kirche mehrfach baulich ver&auml;ndert, zuletzt 1958 und 1995. Seit 1951 steht sie unter Denkmalschutz.</p>;9.509305357933046;47.16370264500135;[{'@type': 'ImageObject', 'contentUrl': 'https://ltmpimtsoch.sos-ch-dk-2.exoscale-cdn.com/catalog/2/7/e/8/27e8cd9b66a469a94ab7f0235941148068761aa3_kirche_st.peter_schaan.jpeg', 'caption': {'de': 'Aussenansicht der Kirche St. Peter'}}];2026-09-14T14:24:53+02:00
eb42f7b6-f975-45c3-ac76-6ef3a34fdc6d;Kapelle St. Peter;Die Kapelle St. Peter gehört zu den ältesten Sakralbauten Liechtensteins.;<p>Die Kapelle St. Peter wurde um 1300 erbaut und gilt als Kern der Siedlung M&auml;ls. Urspr&uuml;nglich vermutlich als private Hauskapelle errichtet, entwickelte sie sich &uuml;ber die Jahrhunderte zu einem bedeutenden Ort des Glaubens. Seit 1951 steht die Kapelle unter Denkmalschutz und wird bis heute regelm&auml;ssig f&uuml;r Gottesdienste genutzt. Sie bildet gemeinsam mit dem mittelalterlichen Turmhaus ein einzigartiges Ensemble.</p><p>Die Kapelle St. Peter ist eine der Erlebnisstationen des&nbsp;<a href="https://tourismus.li/entdecken/liechtensteinweg.html">Liechtenstein-Wegs</a>.</p>;9.496908187866213;47.06025952120238;St. Peter 2;9496;Balzers;[{'@type': 'ImageObject', 'contentUrl': 'https://ltmpimtsoch.sos-ch-dk-2.exoscale-cdn.com/catalog/7/1/e/c/71ecca1d0ab46308a63b4c23fa103fe47a848e8d_kapelle_balzers.jpeg', 'caption': {'de': 'Aussenansicht der Kapelle St. Peter'}}];2026-09-14T14:12:20+02:00
f4a91747-0d0f-4f48-8355-58ce90b51d62;Landgasthof Mühle;Genuss und Geselligkeit steht hier an erster Stelle.;<p>Im Landgasthof R&ouml;ssle trifft regionale K&uuml;che auf moderne, kreative Ideen. Viele Zutaten kommen direkt von Produzenten aus der Region und werden saisonal ausgew&auml;hlt. Dazu pr&auml;gen viel Holz und gelebte Gastfreundschaft den Charakter des Hauses.</p>;9.510748386383058;47.15478836282747;Landstrasse 120;9490;Vaduz;+423 340 89 00;info@muehle.li;https://muehle.li/;[{'@type': 'ImageObject', 'contentUrl': 'https://ltmpimtsoch.sos-ch-dk-2.exoscale-cdn.com/catalog/f/4/5/f/f45f0d84ed38c19b5b1b231ac6dadf696a7c40a6_DSC_2234.jpg', 'caption': {'de': 'Aussenansicht des Landgasthofs Mühle'}}];2026-08-14T14:32:18+02:00
f5d2fb60-2363-4b26-bfe2-86b45ffda59e;Vögeli Alpenhotel Malbun;Das Alpenhotel in Malbun ist ein Familienbetrieb mit der ältesten Hoteltradition im Bergort Malbun.;<p>Das älteste Hotel in Malbun ist verbunden mit einer langen Geschichte und viel Tradition. Bereits die vierte Generation verfolgt ein und dasselbe Ziel: die Gäste zu verwöhnen und zu begeistern. Das Dependance verfügt über neu renovierte Zimmer sowie Hallenbad und Sauna. Im dazugehörigen Restaurant geniessen Gäste gut bürgerliche sowie internationale Küche.</p><p>Das Alpenhotel ist ein sehr guter Ausgangspunkt für Wanderungen oder zum Skifahren.</p>;9.608112573623659;47.10273589232955;Im Malbun 11;9497;Malbun;+423 265 31 00;info@alpenhotel.li;http://www.alpenhotel.li;[{'@type': 'ImageObject', 'contentUrl': 'https://ltmpimtsoch.sos-ch-dk-2.exoscale-cdn.com/catalog/9/2/3/1/9231311dd1c3a8bc5fc483a51b1c3a77a615bced_Alpenhotel_Malbun_001.jpg', 'caption': {'de': 'Aussenansicht des Vögeli Alpenhotel Malbun', 'en': 'Vögeli Alpenhotel'}}];2026-09-15T04:02:01+02:00
f60a30eb-83c3-41f5-a669-0aaf5e28b150;Restaurant Alpspitz;Das Restaurant Alpspitz bietet erstklassigen Genuss mit regionalen Spezialitäten, modern interpretierten Klassikern und exklusivem Dry-Ager-Fleisch.;<p>Im Restaurant Alpspitz trifft traditionelle Küche auf moderne Kreationen, zubereitet aus regionalen und saisonalen Zutaten. Besonders hervorzuheben ist das exklusive Fleischangebot aus dem hauseigenen Dry Ager. Gäste erwartet eine breite Palette an kulinarischen Highlights – von klassischen Gerichten bis hin zu innovativen Neuinterpretationen. Das Restaurant befindet sich im Grand Casino Liechtenstein, kann aber unabhängig davon besucht werden.</p>;9.502685666084291;47.20498557561466;Selemad 10;9487;Gamprin-Bendern;+423 222 77 31;info@restaurant-alpspitz.li;https://restaurant-alpspitz.li;[{'@type': 'ImageObject', 'contentUrl': 'https://ltmpimtsoch.sos-ch-dk-2.exoscale-cdn.com/catalog/a/5/6/4/a564e94abd3e0501b575ad4b1a3385d03003b510_alpspitz_grand_casino_bendern_liechtenstein.jpeg', 'caption': {'de': 'Aussenaufnahme des Gebäudes des Restaurants Alpspitz', 'en': 'Restaurant Alpspitz'}}];2026-09-24T13:57:12+02:00
f685835c-6c09-4b31-b847-20f7ad62034f;Restaurant new castle;Das Restaurant new castle befindet sich an zentraler Lage mitten in Vaduz. ;<p>Das Restaurant lädt zur Kaffeepause, zum Mittag- oder Abendessen oder zu einem Feierabendbier ein und bietet eine Sonnenterrasse mit Blick auf Schloss Vaduz.&nbsp;</p>;9.521300196647646;47.13992787112641;Äulestrasse 22;9490;Vaduz;+423 233 44 22;newcastle@adon.li;http://www.new-castle.li;[{'@type': 'ImageObject', 'contentUrl': 'https://ltmpimtsoch.sos-ch-dk-2.exoscale-cdn.com/catalog/9/6/b/a/96ba1f8ef0d03433029d6f5a8c9c0b70bd08e9de_restaurant_new_castle_vaduz.jpeg', 'caption': {'de': 'Aussenaufnahme des Restaurants new castle', 'en': 'Restaurant New Castle'}}];2026-09-24T14:13:05+02:00
f6c92735-fbaa-4637-9fcf-a03d371b343c;Restaurant Vibes;Vibes steht für Frische, Qualität und Kreativität.;<p>Das Vibes bietet eine vielfältige Auswahl an gesunden Speisen – von Bowls und Wraps bis hin zu Burgern und Kebab, täglich frisch zubereitet. Auch für vegetarische Gäste gibt es eine grosse Auswahl an frischen Salaten, Gemüsebowls und vegetarischen Wraps.</p>;9.509514570236208;47.16720757908152;Bahnhofstrasse 1;9494;Schaan;+423 232 14 04;hello@vibes-restaurants.ch;http://www.vibes-restaurants.ch/;[{'@type': 'ImageObject', 'contentUrl': 'https://ltmpimtsoch.sos-ch-dk-2.exoscale-cdn.com/catalog/9/1/9/2/9192da611fd5ccf4e8bd06d6ba376a72a68b0267_vibes_schaan.jpeg', 'caption': {'de': 'Aussenansicht des Restaurants Vibes mit Terrasse'}}];2025-10-20T14:54:47+02:00
f92b6412-7300-4874-90dc-4ce2ca317885;St. Martins Pub am Platz;Das PAP ist ein Treffpunkt für Jung und Alt mitten im Zentrum von Eschen. Feine Burger und sonstige Menüs in angenehmer Pub-Atmosphäre ziehen Gäste aus dem ganzen Land an.;<p>Entstanden ist mit dem PAP ein Ort für gesellige Abende und Gespräche in Gesellschaft. Ein Treffpunkt für Eschen-Nendeln und das ganze Land, manchmal auch mit internationalen Gästen oder den Nachbarn aus dem Dreiländereck.</p>;9.524557168283861;47.2123678490269;St.-Martins-Ring 73;9493;Eschen;+423 789 99 71;info@pap.li;https://www.pap.li/;[{'@type': 'ImageObject', 'contentUrl': 'https://ltmpimtsoch.sos-ch-dk-2.exoscale-cdn.com/catalog/f/8/d/c/f8dc87f556822e085fe99a44c4e3088a0603ec84_st_martins_pub_am_platz_pap_eschen.jpeg', 'caption': {'de': 'Aussenaufnahme des St. Martins Pub am Platz'}}];2026-09-24T13:30:56+02:00
fb361bbe-d612-4c64-8668-d5cffd279957;Restaurant Vivid;Das Restaurant Vivid in Triesen bietet Gourmetküche auf höchstem Niveau, bei der regionale Produkte auf internationale Erfahrung treffen.;<p>Im Restaurant Vivid in Triesen erwartet dich ein kulinarisches Erlebnis der besonderen Art. Die exzellente Küche kombiniert sorgfältig ausgewählte, regionale Produkte mit der internationalen Erfahrung des Inhabers und Küchenchefs. Dabei entstehen gesunde und genussvolle Speisen, die von feinen Weinen aus der Region perfekt ergänzt werden.</p>;9.52366674822122;47.11818235054985;Landstrasse 80;9495;Triesen;+423 791 70 09;vivid.triesen@gmail.com;https://restaurantvivid.li/;[{'@type': 'ImageObject', 'contentUrl': 'https://ltmpimtsoch.sos-ch-dk-2.exoscale-cdn.com/catalog/e/9/4/e/e94e524a0f5027391a30388333ae4bd6b1fcd983_restaurant_vivid_hotel_schatzmann_triesen.jpeg', 'caption': {'de': 'Aussenaufnahme des Restaurants Vivid', 'en': 'Restaurant Vivid'}}];2026-09-22T13:07:08+02:00
fe2e7d3c-066d-46b1-a1d2-c6158538c743;Familienhotel Gorfion Liechtenstein;Im Familienhotel Gorfion Liechtenstein im Bergdorf Malbun dreht sich alles um abwechslungsreiche Familienzeit und entspannende Auszeiten für Eltern.;<p>F&uuml;r das Familienhotel Gorfion Liechtenstein, inmitten der malerischen Bergwelt von Malbun, beginnt ein neues Kapitel. Mit dem feierlichen Spatenstich am 24. April 2025 fiel der Startschuss f&uuml;r das gr&ouml;sste Umbauprojekt in der Geschichte des Hauses: Bis zum 04. Dezember 2026 entsteht ein Ort, der moderne Architektur mit famili&auml;rer Herzlichkeit und alpiner Gem&uuml;tlichkeit vereint - und Familienurlaub auf ein neues Niveau hebt:</p><p>Alle &auml;lteren Zimmer werden umgebaut bzw. vergr&ouml;ssert, es werden zus&auml;tzliche Familiensuiten entstehen, die Restaurants und der Buffetbereich werden vergr&ouml;ssert, der Happy-Club und der Bereich f&uuml;r unbetreutes Spielen wird vergr&ouml;ssert, es entsteht ein zweites Schwimmbad mit Aussenbereich, Kleinkindbereich und Wasserrutsche, der Wellnessbereich wird erweitert, ein Fitnessraum direkt im Haus und vieles mehr. Ihr d&uuml;rft gespannt sein!</p><p>Im Gorfion sind auch Vierbeiner willkommen (jedoch keine Hunde auf der Rassenliste <span data-teams="true">&laquo;Potentiell gef&auml;hrliche Hunde&raquo;)</span>. Pro Nacht und Hund wird CHF 60 verrechnet (unabh&auml;ngig von der Gr&ouml;sse).</p>;9.608986973762514;47.101268093475;Stubistrasse 8;9497;Malbun;+423 265 90 00;info@gorfion.li;https://gorfion.li/;[{'@type': 'ImageObject', 'contentUrl': 'https://ltmpimtsoch.sos-ch-dk-2.exoscale-cdn.com/catalog/4/4/b/5/44b517afd32a27fba2d0a1d6493e23caa4061978_1626e_Gorfion_2025_Aussen_Sommer_01.jpg', 'caption': {'de': 'Familienhotel Gorfion Liechtenstein', 'en': 'Gorfion Familotel Liechtenstein'}}];2026-09-21T20:13:19+02:00
fe883b54-94f7-498e-ab9b-4769762ac3ed;Brasserie Burg;Die Brasserie Burg, nur wenige Schritte vom Busparkplatz entfernt, bietet eine vielfältige Auswahl an Gerichten und Getränken.;<p style="box-sizing: inherit; line-height: 21px; font-variant-numeric: lining-nums;">Die Brasserie Burg ist ein charmantes Restaurant, das seine Gäste nicht nur mit köstlichen Gerichten am Mittag und Abend verwöhnt, sondern auch zu einer gemütlichen Kaffeepause oder einem entspannten Feierabendbier einlädt.</p><p style="box-sizing: inherit; line-height: 21px; font-variant-numeric: lining-nums;">Nur einige Schritte vom Busparkplatz entfernt offeriert das Restaurant feinste Steinofen-Pizzas, Sandwiches, Burgers und hausgemachte Pasta. Darunter finden sich auch ausreichend vegetarische und vegane Speisen.</p>;9.522748018101746;47.140586711335125;Städtle 15;9490;Vaduz;+423 232 21 31;burg@adler.li;http://www.adler.li;[{'@type': 'ImageObject', 'contentUrl': 'https://ltmpimtsoch.sos-ch-dk-2.exoscale-cdn.com/catalog/8/a/2/b/8a2b3bb470ca98ffba0cf2baadfb57e1f87bf26f_brasserie_burg_vaduz.jpeg', 'caption': {'de': 'Aussenaufnahme der Brasserie Burg im Vaduzer Städtle', 'en': 'Brasserie Burg'}}];2026-09-22T12:07:28+02:00
